solid OpenSCAD_Model
  facet normal -0.164612 0.986358 0
    outer loop
      vertex 114.948 9.3251 0
      vertex 113 9 4
      vertex 114.948 9.3251 4
    endloop
  endfacet
  facet normal -0.164612 0.986358 0
    outer loop
      vertex 113 9 4
      vertex 114.948 9.3251 0
      vertex 113 9 0
    endloop
  endfacet
  facet normal -0.735641 0.677371 0
    outer loop
      vertex 116.685 10.2652 0
      vertex 118.023 11.7183 4
      vertex 118.023 11.7183 0
    endloop
  endfacet
  facet normal -0.735641 0.677371 0
    outer loop
      vertex 118.023 11.7183 4
      vertex 116.685 10.2652 0
      vertex 116.685 10.2652 4
    endloop
  endfacet
  facet normal 0 1 -0
    outer loop
      vertex 113 9 0
      vertex 28 9 4
      vertex 113 9 4
    endloop
  endfacet
  facet normal 0 1 0
    outer loop
      vertex 28 9 4
      vertex 113 9 0
      vertex 28 9 0
    endloop
  endfacet
  facet normal -0.47598 0.879456 0
    outer loop
      vertex 116.685 10.2652 0
      vertex 114.948 9.3251 4
      vertex 116.685 10.2652 4
    endloop
  endfacet
  facet normal -0.47598 0.879456 0
    outer loop
      vertex 114.948 9.3251 4
      vertex 116.685 10.2652 0
      vertex 114.948 9.3251 0
    endloop
  endfacet
  facet normal 0.164596 -0.986361 0
    outer loop
      vertex 26.0518 86.6749 0
      vertex 28 87 4
      vertex 26.0518 86.6749 4
    endloop
  endfacet
  facet normal 0.164596 -0.986361 0
    outer loop
      vertex 28 87 4
      vertex 26.0518 86.6749 0
      vertex 28 87 0
    endloop
  endfacet
  facet normal 0.915776 -0.40169 0
    outer loop
      vertex 22.1836 82.4729 4
      vertex 22.977 84.2817 0
      vertex 22.977 84.2817 4
    endloop
  endfacet
  facet normal 0.915776 -0.40169 0
    outer loop
      vertex 22.977 84.2817 0
      vertex 22.1836 82.4729 4
      vertex 22.1836 82.4729 0
    endloop
  endfacet
  facet normal 0.123688 0.992321 -0
    outer loop
      vertex 28 9 0
      vertex 26.5271 9.18359 4
      vertex 28 9 4
    endloop
  endfacet
  facet normal 0.123688 0.992321 0
    outer loop
      vertex 26.5271 9.18359 4
      vertex 28 9 0
      vertex 26.5271 9.18359 0
    endloop
  endfacet
  facet normal 0.99232 -0.123695 0
    outer loop
      vertex 22 81 4
      vertex 22.1836 82.4729 0
      vertex 22.1836 82.4729 4
    endloop
  endfacet
  facet normal 0.99232 -0.123695 0
    outer loop
      vertex 22.1836 82.4729 0
      vertex 22 81 4
      vertex 22 81 0
    endloop
  endfacet
  facet normal 0 -1 0
    outer loop
      vertex 28 87 0
      vertex 113 87 4
      vertex 28 87 4
    endloop
  endfacet
  facet normal 0 -1 -0
    outer loop
      vertex 113 87 4
      vertex 28 87 0
      vertex 113 87 0
    endloop
  endfacet
  facet normal 1 -0 0
    outer loop
      vertex 22 15 4
      vertex 22 81 0
      vertex 22 81 4
    endloop
  endfacet
  facet normal 1 0 0
    outer loop
      vertex 22 81 0
      vertex 22 15 4
      vertex 22 15 0
    endloop
  endfacet
  facet normal 0.677286 0.73572 -0
    outer loop
      vertex 24.7183 9.97701 0
      vertex 23.2652 11.3147 4
      vertex 24.7183 9.97701 4
    endloop
  endfacet
  facet normal 0.677286 0.73572 0
    outer loop
      vertex 23.2652 11.3147 4
      vertex 24.7183 9.97701 0
      vertex 23.2652 11.3147 0
    endloop
  endfacet
  facet normal 0.401698 0.915772 -0
    outer loop
      vertex 26.5271 9.18359 0
      vertex 24.7183 9.97701 4
      vertex 26.5271 9.18359 4
    endloop
  endfacet
  facet normal 0.401698 0.915772 0
    outer loop
      vertex 24.7183 9.97701 4
      vertex 26.5271 9.18359 0
      vertex 24.7183 9.97701 0
    endloop
  endfacet
  facet normal -0.992287 0.12396 0
    outer loop
      vertex 118.816 13.5271 0
      vertex 119 15 4
      vertex 119 15 0
    endloop
  endfacet
  facet normal -0.992287 0.12396 0
    outer loop
      vertex 119 15 4
      vertex 118.816 13.5271 0
      vertex 118.816 13.5271 4
    endloop
  endfacet
  facet normal -0.879489 -0.475919 0
    outer loop
      vertex 118.675 82.9482 0
      vertex 117.735 84.6853 4
      vertex 117.735 84.6853 0
    endloop
  endfacet
  facet normal -0.879489 -0.475919 0
    outer loop
      vertex 117.735 84.6853 4
      vertex 118.675 82.9482 0
      vertex 118.675 82.9482 4
    endloop
  endfacet
  facet normal 0.475959 -0.879468 0
    outer loop
      vertex 24.3147 85.7348 0
      vertex 26.0518 86.6749 4
      vertex 24.3147 85.7348 4
    endloop
  endfacet
  facet normal 0.475959 -0.879468 0
    outer loop
      vertex 26.0518 86.6749 4
      vertex 24.3147 85.7348 0
      vertex 26.0518 86.6749 0
    endloop
  endfacet
  facet normal 0.735717 -0.677289 0
    outer loop
      vertex 22.977 84.2817 4
      vertex 24.3147 85.7348 0
      vertex 24.3147 85.7348 4
    endloop
  endfacet
  facet normal 0.735717 -0.677289 0
    outer loop
      vertex 24.3147 85.7348 0
      vertex 22.977 84.2817 4
      vertex 22.977 84.2817 0
    endloop
  endfacet
  facet normal 0.879468 0.475959 0
    outer loop
      vertex 23.2652 11.3147 4
      vertex 22.3251 13.0518 0
      vertex 22.3251 13.0518 4
    endloop
  endfacet
  facet normal 0.879468 0.475959 0
    outer loop
      vertex 22.3251 13.0518 0
      vertex 23.2652 11.3147 4
      vertex 23.2652 11.3147 0
    endloop
  endfacet
  facet normal 0.986361 0.164596 0
    outer loop
      vertex 22.3251 13.0518 4
      vertex 22 15 0
      vertex 22 15 4
    endloop
  endfacet
  facet normal 0.986361 0.164596 0
    outer loop
      vertex 22 15 0
      vertex 22.3251 13.0518 4
      vertex 22.3251 13.0518 0
    endloop
  endfacet
  facet normal -0.677314 -0.735694 0
    outer loop
      vertex 116.282 86.023 0
      vertex 117.735 84.6853 4
      vertex 116.282 86.023 4
    endloop
  endfacet
  facet normal -0.677314 -0.735694 -0
    outer loop
      vertex 117.735 84.6853 4
      vertex 116.282 86.023 0
      vertex 117.735 84.6853 0
    endloop
  endfacet
  facet normal -1 0 0
    outer loop
      vertex 119 15 0
      vertex 119 81 4
      vertex 119 81 0
    endloop
  endfacet
  facet normal -1 -0 0
    outer loop
      vertex 119 81 4
      vertex 119 15 0
      vertex 119 15 4
    endloop
  endfacet
  facet normal -0.986369 -0.164547 0
    outer loop
      vertex 119 81 0
      vertex 118.675 82.9482 4
      vertex 118.675 82.9482 0
    endloop
  endfacet
  facet normal -0.986369 -0.164547 0
    outer loop
      vertex 118.675 82.9482 4
      vertex 119 81 0
      vertex 119 81 4
    endloop
  endfacet
  facet normal -0.91585 0.40152 0
    outer loop
      vertex 118.023 11.7183 0
      vertex 118.816 13.5271 4
      vertex 118.816 13.5271 0
    endloop
  endfacet
  facet normal -0.91585 0.40152 0
    outer loop
      vertex 118.816 13.5271 4
      vertex 118.023 11.7183 0
      vertex 118.023 11.7183 4
    endloop
  endfacet
  facet normal -0.401653 -0.915792 0
    outer loop
      vertex 114.473 86.8164 0
      vertex 116.282 86.023 4
      vertex 114.473 86.8164 4
    endloop
  endfacet
  facet normal -0.401653 -0.915792 -0
    outer loop
      vertex 116.282 86.023 4
      vertex 114.473 86.8164 0
      vertex 116.282 86.023 0
    endloop
  endfacet
  facet normal -0.123686 -0.992321 0
    outer loop
      vertex 113 87 0
      vertex 114.473 86.8164 4
      vertex 113 87 4
    endloop
  endfacet
  facet normal -0.123686 -0.992321 -0
    outer loop
      vertex 114.473 86.8164 4
      vertex 113 87 0
      vertex 114.473 86.8164 0
    endloop
  endfacet
  facet normal -0.735618 0.677396 0
    outer loop
      vertex 116.685 106.265 0
      vertex 118.023 107.718 4
      vertex 118.023 107.718 0
    endloop
  endfacet
  facet normal -0.735618 0.677396 0
    outer loop
      vertex 118.023 107.718 4
      vertex 116.685 106.265 0
      vertex 116.685 106.265 4
    endloop
  endfacet
  facet normal 0 1 -0
    outer loop
      vertex 113 105 0
      vertex 28 105 4
      vertex 113 105 4
    endloop
  endfacet
  facet normal 0 1 0
    outer loop
      vertex 28 105 4
      vertex 113 105 0
      vertex 28 105 0
    endloop
  endfacet
  facet normal -0.475941 0.879477 0
    outer loop
      vertex 116.685 106.265 0
      vertex 114.948 105.325 4
      vertex 116.685 106.265 4
    endloop
  endfacet
  facet normal -0.475941 0.879477 0
    outer loop
      vertex 114.948 105.325 4
      vertex 116.685 106.265 0
      vertex 114.948 105.325 0
    endloop
  endfacet
  facet normal 0.12396 0.992287 -0
    outer loop
      vertex 28 105 0
      vertex 26.5271 105.184 4
      vertex 28 105 4
    endloop
  endfacet
  facet normal 0.12396 0.992287 0
    outer loop
      vertex 26.5271 105.184 4
      vertex 28 105 0
      vertex 26.5271 105.184 0
    endloop
  endfacet
  facet normal 0.992321 -0.123686 0
    outer loop
      vertex 22 177 4
      vertex 22.1836 178.473 0
      vertex 22.1836 178.473 4
    endloop
  endfacet
  facet normal 0.992321 -0.123686 0
    outer loop
      vertex 22.1836 178.473 0
      vertex 22 177 4
      vertex 22 177 0
    endloop
  endfacet
  facet normal -0.164563 0.986367 0
    outer loop
      vertex 114.948 105.325 0
      vertex 113 105 4
      vertex 114.948 105.325 4
    endloop
  endfacet
  facet normal -0.164563 0.986367 0
    outer loop
      vertex 113 105 4
      vertex 114.948 105.325 0
      vertex 113 105 0
    endloop
  endfacet
  facet normal 1 -0 0
    outer loop
      vertex 22 111 4
      vertex 22 177 0
      vertex 22 177 4
    endloop
  endfacet
  facet normal 1 0 0
    outer loop
      vertex 22 177 0
      vertex 22 111 4
      vertex 22 111 0
    endloop
  endfacet
  facet normal 0.164547 -0.986369 0
    outer loop
      vertex 26.0518 182.675 0
      vertex 28 183 4
      vertex 26.0518 182.675 4
    endloop
  endfacet
  facet normal 0.164547 -0.986369 0
    outer loop
      vertex 28 183 4
      vertex 26.0518 182.675 0
      vertex 28 183 0
    endloop
  endfacet
  facet normal 0.40152 0.91585 -0
    outer loop
      vertex 26.5271 105.184 0
      vertex 24.7183 105.977 4
      vertex 26.5271 105.184 4
    endloop
  endfacet
  facet normal 0.40152 0.91585 0
    outer loop
      vertex 24.7183 105.977 4
      vertex 26.5271 105.184 0
      vertex 24.7183 105.977 0
    endloop
  endfacet
  facet normal -0.986367 -0.164563 0
    outer loop
      vertex 119 177 0
      vertex 118.675 178.948 4
      vertex 118.675 178.948 0
    endloop
  endfacet
  facet normal -0.986367 -0.164563 0
    outer loop
      vertex 118.675 178.948 4
      vertex 119 177 0
      vertex 119 177 4
    endloop
  endfacet
  facet normal 0.677371 0.735641 -0
    outer loop
      vertex 24.7183 105.977 0
      vertex 23.2652 107.315 4
      vertex 24.7183 105.977 4
    endloop
  endfacet
  facet normal 0.677371 0.735641 0
    outer loop
      vertex 23.2652 107.315 4
      vertex 24.7183 105.977 0
      vertex 23.2652 107.315 0
    endloop
  endfacet
  facet normal -0.123952 -0.992288 0
    outer loop
      vertex 113 183 0
      vertex 114.473 182.816 4
      vertex 113 183 4
    endloop
  endfacet
  facet normal -0.123952 -0.992288 -0
    outer loop
      vertex 114.473 182.816 4
      vertex 113 183 0
      vertex 114.473 182.816 0
    endloop
  endfacet
  facet normal 0.735694 -0.677314 0
    outer loop
      vertex 22.977 180.282 4
      vertex 24.3147 181.735 0
      vertex 24.3147 181.735 4
    endloop
  endfacet
  facet normal 0.735694 -0.677314 0
    outer loop
      vertex 24.3147 181.735 0
      vertex 22.977 180.282 4
      vertex 22.977 180.282 0
    endloop
  endfacet
  facet normal 0.986358 0.164612 0
    outer loop
      vertex 22.3251 109.052 4
      vertex 22 111 0
      vertex 22 111 4
    endloop
  endfacet
  facet normal 0.986358 0.164612 0
    outer loop
      vertex 22 111 0
      vertex 22.3251 109.052 4
      vertex 22.3251 109.052 0
    endloop
  endfacet
  facet normal 0 -1 0
    outer loop
      vertex 28 183 0
      vertex 113 183 4
      vertex 28 183 4
    endloop
  endfacet
  facet normal 0 -1 -0
    outer loop
      vertex 113 183 4
      vertex 28 183 0
      vertex 113 183 0
    endloop
  endfacet
  facet normal 0.475919 -0.879489 0
    outer loop
      vertex 24.3147 181.735 0
      vertex 26.0518 182.675 4
      vertex 24.3147 181.735 4
    endloop
  endfacet
  facet normal 0.475919 -0.879489 0
    outer loop
      vertex 26.0518 182.675 4
      vertex 24.3147 181.735 0
      vertex 26.0518 182.675 0
    endloop
  endfacet
  facet normal -1 0 0
    outer loop
      vertex 119 111 0
      vertex 119 177 4
      vertex 119 177 0
    endloop
  endfacet
  facet normal -1 -0 0
    outer loop
      vertex 119 177 4
      vertex 119 111 0
      vertex 119 111 4
    endloop
  endfacet
  facet normal 0.879456 0.47598 0
    outer loop
      vertex 23.2652 107.315 4
      vertex 22.3251 109.052 0
      vertex 22.3251 109.052 4
    endloop
  endfacet
  facet normal 0.879456 0.47598 0
    outer loop
      vertex 22.3251 109.052 0
      vertex 23.2652 107.315 4
      vertex 23.2652 107.315 0
    endloop
  endfacet
  facet normal -0.879477 -0.475941 0
    outer loop
      vertex 118.675 178.948 0
      vertex 117.735 180.685 4
      vertex 117.735 180.685 0
    endloop
  endfacet
  facet normal -0.879477 -0.475941 0
    outer loop
      vertex 117.735 180.685 4
      vertex 118.675 178.948 0
      vertex 118.675 178.948 4
    endloop
  endfacet
  facet normal -0.401483 -0.915867 0
    outer loop
      vertex 114.473 182.816 0
      vertex 116.282 182.023 4
      vertex 114.473 182.816 4
    endloop
  endfacet
  facet normal -0.401483 -0.915867 -0
    outer loop
      vertex 116.282 182.023 4
      vertex 114.473 182.816 0
      vertex 116.282 182.023 0
    endloop
  endfacet
  facet normal -0.915867 0.401483 0
    outer loop
      vertex 118.023 107.718 0
      vertex 118.816 109.527 4
      vertex 118.816 109.527 0
    endloop
  endfacet
  facet normal -0.915867 0.401483 0
    outer loop
      vertex 118.816 109.527 4
      vertex 118.023 107.718 0
      vertex 118.023 107.718 4
    endloop
  endfacet
  facet normal -0.677396 -0.735618 0
    outer loop
      vertex 116.282 182.023 0
      vertex 117.735 180.685 4
      vertex 116.282 182.023 4
    endloop
  endfacet
  facet normal -0.677396 -0.735618 -0
    outer loop
      vertex 117.735 180.685 4
      vertex 116.282 182.023 0
      vertex 117.735 180.685 0
    endloop
  endfacet
  facet normal 0.915792 -0.401653 0
    outer loop
      vertex 22.1836 178.473 4
      vertex 22.977 180.282 0
      vertex 22.977 180.282 4
    endloop
  endfacet
  facet normal 0.915792 -0.401653 0
    outer loop
      vertex 22.977 180.282 0
      vertex 22.1836 178.473 4
      vertex 22.1836 178.473 0
    endloop
  endfacet
  facet normal -0.992288 0.123952 0
    outer loop
      vertex 118.816 109.527 0
      vertex 119 111 4
      vertex 119 111 0
    endloop
  endfacet
  facet normal -0.992288 0.123952 0
    outer loop
      vertex 119 111 4
      vertex 118.816 109.527 0
      vertex 118.816 109.527 4
    endloop
  endfacet
  facet normal 1 0 0
    outer loop
      vertex 203.95 12 8
      vertex 203.95 0 8
      vertex 203.95 12 4
    endloop
  endfacet
  facet normal 1 0 0
    outer loop
      vertex 203.95 180 4
      vertex 203.95 192 8
      vertex 203.95 180 8
    endloop
  endfacet
  facet normal 1 0 0
    outer loop
      vertex 203.95 192 8
      vertex 203.95 180 4
      vertex 203.95 192 0
    endloop
  endfacet
  facet normal 1 -0 0
    outer loop
      vertex 203.95 12 4
      vertex 203.95 192 0
      vertex 203.95 180 4
    endloop
  endfacet
  facet normal 1 0 0
    outer loop
      vertex 203.95 12 4
      vertex 203.95 0 0
      vertex 203.95 192 0
    endloop
  endfacet
  facet normal 1 0 0
    outer loop
      vertex 203.95 0 0
      vertex 203.95 12 4
      vertex 203.95 0 8
    endloop
  endfacet
  facet normal 0 0 1
    outer loop
      vertex 8.76642 13.8394 4
      vertex 0 12 4
      vertex 8.56725 13.1828 4
    endloop
  endfacet
  facet normal -0 0 1
    outer loop
      vertex 0 180 4
      vertex 8.5 179.5 4
      vertex 8.54925 180 4
    endloop
  endfacet
  facet normal -0 0 1
    outer loop
      vertex 14.4749 177.025 4
      vertex 22 177 4
      vertex 14.9101 177.556 4
    endloop
  endfacet
  facet normal 0 0 1
    outer loop
      vertex 22 81 4
      vertex 15.4327 13.1828 4
      vertex 15.5 12.5 4
    endloop
  endfacet
  facet normal 0 0 1
    outer loop
      vertex 13.9445 176.59 4
      vertex 22 177 4
      vertex 14.4749 177.025 4
    endloop
  endfacet
  facet normal 0 0 1
    outer loop
      vertex 22 81 4
      vertex 15.2336 13.8394 4
      vertex 15.4327 13.1828 4
    endloop
  endfacet
  facet normal 0 0 1
    outer loop
      vertex 13.3394 176.266 4
      vertex 22 177 4
      vertex 13.9445 176.59 4
    endloop
  endfacet
  facet normal 0 0 1
    outer loop
      vertex 22 81 4
      vertex 14.9101 14.4445 4
      vertex 15.2336 13.8394 4
    endloop
  endfacet
  facet normal 0 0 1
    outer loop
      vertex 12.6828 176.067 4
      vertex 22 177 4
      vertex 13.3394 176.266 4
    endloop
  endfacet
  facet normal 0 0 1
    outer loop
      vertex 22 81 4
      vertex 14.4749 14.9749 4
      vertex 14.9101 14.4445 4
    endloop
  endfacet
  facet normal 0 0 1
    outer loop
      vertex 22 177 4
      vertex 12.6828 176.067 4
      vertex 22 111 4
    endloop
  endfacet
  facet normal 0 0 1
    outer loop
      vertex 22 81 4
      vertex 13.9445 15.4101 4
      vertex 14.4749 14.9749 4
    endloop
  endfacet
  facet normal -0 0 1
    outer loop
      vertex 12 176 4
      vertex 22 111 4
      vertex 12.6828 176.067 4
    endloop
  endfacet
  facet normal 0 0 1
    outer loop
      vertex 22 81 4
      vertex 13.3394 15.7336 4
      vertex 13.9445 15.4101 4
    endloop
  endfacet
  facet normal 0 0 1
    outer loop
      vertex 11.3172 176.067 4
      vertex 22 111 4
      vertex 12 176 4
    endloop
  endfacet
  facet normal 0 0 1
    outer loop
      vertex 22 81 4
      vertex 12.6828 15.9327 4
      vertex 13.3394 15.7336 4
    endloop
  endfacet
  facet normal 0 0 1
    outer loop
      vertex 10.6606 176.266 4
      vertex 22 111 4
      vertex 11.3172 176.067 4
    endloop
  endfacet
  facet normal 0 0 1
    outer loop
      vertex 22 81 4
      vertex 12 16 4
      vertex 12.6828 15.9327 4
    endloop
  endfacet
  facet normal 0 0 1
    outer loop
      vertex 0 180 4
      vertex 10.6606 176.266 4
      vertex 10.0555 176.59 4
    endloop
  endfacet
  facet normal 0 0 1
    outer loop
      vertex 22 81 4
      vertex 11.3172 15.9327 4
      vertex 12 16 4
    endloop
  endfacet
  facet normal 0 0 1
    outer loop
      vertex 0 180 4
      vertex 10.0555 176.59 4
      vertex 9.52513 177.025 4
    endloop
  endfacet
  facet normal 0 0 1
    outer loop
      vertex 22 81 4
      vertex 10.6606 15.7336 4
      vertex 11.3172 15.9327 4
    endloop
  endfacet
  facet normal 0 0 1
    outer loop
      vertex 0 180 4
      vertex 9.52513 177.025 4
      vertex 9.08986 177.556 4
    endloop
  endfacet
  facet normal 0 0 1
    outer loop
      vertex 0 12 4
      vertex 10.6606 15.7336 4
      vertex 22 81 4
    endloop
  endfacet
  facet normal 0 0 1
    outer loop
      vertex 0 180 4
      vertex 9.08986 177.556 4
      vertex 8.76642 178.161 4
    endloop
  endfacet
  facet normal 0 0 1
    outer loop
      vertex 10.6606 15.7336 4
      vertex 0 12 4
      vertex 10.0555 15.4101 4
    endloop
  endfacet
  facet normal 0 0 1
    outer loop
      vertex 10.6606 176.266 4
      vertex 0 180 4
      vertex 22 111 4
    endloop
  endfacet
  facet normal 0 0 1
    outer loop
      vertex 10.0555 15.4101 4
      vertex 0 12 4
      vertex 9.52513 14.9749 4
    endloop
  endfacet
  facet normal 0 0 1
    outer loop
      vertex 22 111 4
      vertex 0 180 4
      vertex 22 81 4
    endloop
  endfacet
  facet normal 0 0 1
    outer loop
      vertex 9.52513 14.9749 4
      vertex 0 12 4
      vertex 9.08986 14.4445 4
    endloop
  endfacet
  facet normal 0 0 1
    outer loop
      vertex 0 180 4
      vertex 8.76642 178.161 4
      vertex 8.56725 178.817 4
    endloop
  endfacet
  facet normal 0 0 1
    outer loop
      vertex 0 12 4
      vertex 22 81 4
      vertex 0 180 4
    endloop
  endfacet
  facet normal 0 0 1
    outer loop
      vertex 0 180 4
      vertex 8.56725 178.817 4
      vertex 8.5 179.5 4
    endloop
  endfacet
  facet normal 0 0 1
    outer loop
      vertex 9.08986 14.4445 4
      vertex 0 12 4
      vertex 8.76642 13.8394 4
    endloop
  endfacet
  facet normal -0 0 1
    outer loop
      vertex 118.675 82.9482 4
      vertex 139 50 4
      vertex 118.816 109.527 4
    endloop
  endfacet
  facet normal 0 0 1
    outer loop
      vertex 139 50 4
      vertex 118.675 82.9482 4
      vertex 119 81 4
    endloop
  endfacet
  facet normal -0 0 1
    outer loop
      vertex 118.023 107.718 4
      vertex 118.675 82.9482 4
      vertex 118.816 109.527 4
    endloop
  endfacet
  facet normal 0 0 1
    outer loop
      vertex 118.023 107.718 4
      vertex 117.735 84.6853 4
      vertex 118.675 82.9482 4
    endloop
  endfacet
  facet normal -0 0 1
    outer loop
      vertex 116.685 106.265 4
      vertex 117.735 84.6853 4
      vertex 118.023 107.718 4
    endloop
  endfacet
  facet normal 0 0 1
    outer loop
      vertex 116.685 106.265 4
      vertex 116.282 86.023 4
      vertex 117.735 84.6853 4
    endloop
  endfacet
  facet normal -0 0 1
    outer loop
      vertex 114.948 105.325 4
      vertex 116.282 86.023 4
      vertex 116.685 106.265 4
    endloop
  endfacet
  facet normal 0 0 1
    outer loop
      vertex 114.948 105.325 4
      vertex 114.473 86.8164 4
      vertex 116.282 86.023 4
    endloop
  endfacet
  facet normal -0 0 1
    outer loop
      vertex 113 105 4
      vertex 114.473 86.8164 4
      vertex 114.948 105.325 4
    endloop
  endfacet
  facet normal 0 0 1
    outer loop
      vertex 113 105 4
      vertex 113 87 4
      vertex 114.473 86.8164 4
    endloop
  endfacet
  facet normal -0 0 1
    outer loop
      vertex 28 105 4
      vertex 113 87 4
      vertex 113 105 4
    endloop
  endfacet
  facet normal 0 0 1
    outer loop
      vertex 28 105 4
      vertex 28 87 4
      vertex 113 87 4
    endloop
  endfacet
  facet normal 0 0 1
    outer loop
      vertex 26.5271 105.184 4
      vertex 28 87 4
      vertex 28 105 4
    endloop
  endfacet
  facet normal 0 0 1
    outer loop
      vertex 26.5271 105.184 4
      vertex 26.0518 86.6749 4
      vertex 28 87 4
    endloop
  endfacet
  facet normal 0 0 1
    outer loop
      vertex 24.7183 105.977 4
      vertex 26.0518 86.6749 4
      vertex 26.5271 105.184 4
    endloop
  endfacet
  facet normal 0 0 1
    outer loop
      vertex 24.7183 105.977 4
      vertex 24.3147 85.7348 4
      vertex 26.0518 86.6749 4
    endloop
  endfacet
  facet normal 0 0 1
    outer loop
      vertex 23.2652 107.315 4
      vertex 24.3147 85.7348 4
      vertex 24.7183 105.977 4
    endloop
  endfacet
  facet normal 0 0 1
    outer loop
      vertex 23.2652 107.315 4
      vertex 22.977 84.2817 4
      vertex 24.3147 85.7348 4
    endloop
  endfacet
  facet normal 0 0 1
    outer loop
      vertex 22.3251 109.052 4
      vertex 22.977 84.2817 4
      vertex 23.2652 107.315 4
    endloop
  endfacet
  facet normal 0 0 1
    outer loop
      vertex 22.3251 109.052 4
      vertex 22.1836 82.4729 4
      vertex 22.977 84.2817 4
    endloop
  endfacet
  facet normal 0 0 1
    outer loop
      vertex 22 111 4
      vertex 22.1836 82.4729 4
      vertex 22.3251 109.052 4
    endloop
  endfacet
  facet normal 0 0 1
    outer loop
      vertex 22.1836 82.4729 4
      vertex 22 111 4
      vertex 22 81 4
    endloop
  endfacet
  facet normal -0 0 1
    outer loop
      vertex 131.475 177.025 4
      vertex 152 167 4
      vertex 131.91 177.556 4
    endloop
  endfacet
  facet normal 0 0 1
    outer loop
      vertex 139 50 4
      vertex 132.433 13.1828 4
      vertex 132.5 12.5 4
    endloop
  endfacet
  facet normal 0 0 1
    outer loop
      vertex 118.816 109.527 4
      vertex 139 142 4
      vertex 119 111 4
    endloop
  endfacet
  facet normal 0 0 1
    outer loop
      vertex 139 50 4
      vertex 132.234 13.8394 4
      vertex 132.433 13.1828 4
    endloop
  endfacet
  facet normal -0 0 1
    outer loop
      vertex 130.944 176.59 4
      vertex 152 167 4
      vertex 131.475 177.025 4
    endloop
  endfacet
  facet normal 0 0 1
    outer loop
      vertex 139 142 4
      vertex 118.816 109.527 4
      vertex 139 50 4
    endloop
  endfacet
  facet normal -0 0 1
    outer loop
      vertex 130.339 176.266 4
      vertex 152 167 4
      vertex 130.944 176.59 4
    endloop
  endfacet
  facet normal 0 0 1
    outer loop
      vertex 119 15 4
      vertex 139 50 4
      vertex 119 81 4
    endloop
  endfacet
  facet normal 0 0 1
    outer loop
      vertex 152 167 4
      vertex 130.339 176.266 4
      vertex 139 142 4
    endloop
  endfacet
  facet normal 0 0 1
    outer loop
      vertex 139 50 4
      vertex 131.91 14.4445 4
      vertex 132.234 13.8394 4
    endloop
  endfacet
  facet normal -0 0 1
    outer loop
      vertex 129.683 176.067 4
      vertex 139 142 4
      vertex 130.339 176.266 4
    endloop
  endfacet
  facet normal 0 0 1
    outer loop
      vertex 139 50 4
      vertex 131.475 14.9749 4
      vertex 131.91 14.4445 4
    endloop
  endfacet
  facet normal -0 0 1
    outer loop
      vertex 129 176 4
      vertex 139 142 4
      vertex 129.683 176.067 4
    endloop
  endfacet
  facet normal 0 0 1
    outer loop
      vertex 139 50 4
      vertex 130.944 15.4101 4
      vertex 131.475 14.9749 4
    endloop
  endfacet
  facet normal 0 0 1
    outer loop
      vertex 128.317 176.067 4
      vertex 139 142 4
      vertex 129 176 4
    endloop
  endfacet
  facet normal 0 0 1
    outer loop
      vertex 139 50 4
      vertex 130.339 15.7336 4
      vertex 130.944 15.4101 4
    endloop
  endfacet
  facet normal 0 0 1
    outer loop
      vertex 119 177 4
      vertex 139 142 4
      vertex 128.317 176.067 4
    endloop
  endfacet
  facet normal 0 0 1
    outer loop
      vertex 139 50 4
      vertex 129.683 15.9327 4
      vertex 130.339 15.7336 4
    endloop
  endfacet
  facet normal 0 0 1
    outer loop
      vertex 119 177 4
      vertex 128.317 176.067 4
      vertex 127.661 176.266 4
    endloop
  endfacet
  facet normal 0 0 1
    outer loop
      vertex 139 50 4
      vertex 129 16 4
      vertex 129.683 15.9327 4
    endloop
  endfacet
  facet normal 0 0 1
    outer loop
      vertex 119 177 4
      vertex 127.661 176.266 4
      vertex 127.056 176.59 4
    endloop
  endfacet
  facet normal 0 0 1
    outer loop
      vertex 139 50 4
      vertex 128.317 15.9327 4
      vertex 129 16 4
    endloop
  endfacet
  facet normal -0 0 1
    outer loop
      vertex 119 177 4
      vertex 127.056 176.59 4
      vertex 126.525 177.025 4
    endloop
  endfacet
  facet normal 0 0 1
    outer loop
      vertex 139 50 4
      vertex 119 15 4
      vertex 128.317 15.9327 4
    endloop
  endfacet
  facet normal 0 0 1
    outer loop
      vertex 119 177 4
      vertex 126.525 177.025 4
      vertex 126.09 177.556 4
    endloop
  endfacet
  facet normal 0 0 1
    outer loop
      vertex 128.317 15.9327 4
      vertex 119 15 4
      vertex 127.661 15.7336 4
    endloop
  endfacet
  facet normal 0 0 1
    outer loop
      vertex 119 177 4
      vertex 126.09 177.556 4
      vertex 125.766 178.161 4
    endloop
  endfacet
  facet normal 0 0 1
    outer loop
      vertex 127.661 15.7336 4
      vertex 119 15 4
      vertex 127.056 15.4101 4
    endloop
  endfacet
  facet normal 0 0 1
    outer loop
      vertex 119 177 4
      vertex 125.766 178.161 4
      vertex 125.567 178.817 4
    endloop
  endfacet
  facet normal 0 0 1
    outer loop
      vertex 127.056 15.4101 4
      vertex 119 15 4
      vertex 126.525 14.9749 4
    endloop
  endfacet
  facet normal -0 0 1
    outer loop
      vertex 118.675 178.948 4
      vertex 125.567 178.817 4
      vertex 125.5 179.5 4
    endloop
  endfacet
  facet normal 0 0 1
    outer loop
      vertex 126.525 14.9749 4
      vertex 119 15 4
      vertex 126.09 14.4445 4
    endloop
  endfacet
  facet normal 0 0 1
    outer loop
      vertex 8.5 12.5 4
      vertex 0 12 4
      vertex 8.54925 12 4
    endloop
  endfacet
  facet normal 0 0 1
    outer loop
      vertex 8.56725 13.1828 4
      vertex 0 12 4
      vertex 8.5 12.5 4
    endloop
  endfacet
  facet normal 0 0 1
    outer loop
      vertex 152 50 4
      vertex 139 50 4
      vertex 152 25 4
    endloop
  endfacet
  facet normal 0 0 1
    outer loop
      vertex 156 171 4
      vertex 191.95 180 4
      vertex 191.95 192 4
    endloop
  endfacet
  facet normal 0 0 1
    outer loop
      vertex 191.95 180 4
      vertex 156 171 4
      vertex 190.95 171 4
    endloop
  endfacet
  facet normal -0 0 1
    outer loop
      vertex 131.475 181.975 4
      vertex 156 171 4
      vertex 191.95 192 4
    endloop
  endfacet
  facet normal 0 0 1
    outer loop
      vertex 152 167 4
      vertex 139 142 4
      vertex 152 142 4
    endloop
  endfacet
  facet normal -0 0 1
    outer loop
      vertex 132.433 178.817 4
      vertex 152.708 169.272 4
      vertex 132.5 179.5 4
    endloop
  endfacet
  facet normal -0 0 1
    outer loop
      vertex 131.91 177.556 4
      vertex 152.708 169.272 4
      vertex 132.234 178.161 4
    endloop
  endfacet
  facet normal -0 0 1
    outer loop
      vertex 132.234 178.161 4
      vertex 152.708 169.272 4
      vertex 132.433 178.817 4
    endloop
  endfacet
  facet normal 0 0 1
    outer loop
      vertex 154.141 170.542 4
      vertex 132.5 179.5 4
      vertex 152.708 169.272 4
    endloop
  endfacet
  facet normal -0 -0 1
    outer loop
      vertex 131.91 181.444 4
      vertex 156 171 4
      vertex 131.475 181.975 4
    endloop
  endfacet
  facet normal 0 0 1
    outer loop
      vertex 154.141 170.542 4
      vertex 132.433 180.183 4
      vertex 132.5 179.5 4
    endloop
  endfacet
  facet normal 0 0 1
    outer loop
      vertex 154.141 170.542 4
      vertex 132.234 180.839 4
      vertex 132.433 180.183 4
    endloop
  endfacet
  facet normal 0 0 1
    outer loop
      vertex 156 171 4
      vertex 132.234 180.839 4
      vertex 154.141 170.542 4
    endloop
  endfacet
  facet normal -0 -0 1
    outer loop
      vertex 132.234 180.839 4
      vertex 156 171 4
      vertex 131.91 181.444 4
    endloop
  endfacet
  facet normal 0 0 1
    outer loop
      vertex 191.95 192 4
      vertex 130.944 182.41 4
      vertex 131.475 181.975 4
    endloop
  endfacet
  facet normal 0 0 1
    outer loop
      vertex 191.95 192 4
      vertex 130.339 182.734 4
      vertex 130.944 182.41 4
    endloop
  endfacet
  facet normal 0 0 1
    outer loop
      vertex 191.95 192 4
      vertex 129.683 182.933 4
      vertex 130.339 182.734 4
    endloop
  endfacet
  facet normal 0 0 1
    outer loop
      vertex 191.95 192 4
      vertex 129 183 4
      vertex 129.683 182.933 4
    endloop
  endfacet
  facet normal 0 0 1
    outer loop
      vertex 113 183 4
      vertex 129 183 4
      vertex 191.95 192 4
    endloop
  endfacet
  facet normal 0 0 1
    outer loop
      vertex 139 142 4
      vertex 119 177 4
      vertex 119 111 4
    endloop
  endfacet
  facet normal 0 0 1
    outer loop
      vertex 118.675 178.948 4
      vertex 125.5 179.5 4
      vertex 125.567 180.183 4
    endloop
  endfacet
  facet normal 0 0 1
    outer loop
      vertex 118.675 178.948 4
      vertex 125.567 180.183 4
      vertex 125.766 180.839 4
    endloop
  endfacet
  facet normal 0 0 1
    outer loop
      vertex 117.735 180.685 4
      vertex 125.766 180.839 4
      vertex 126.09 181.444 4
    endloop
  endfacet
  facet normal 0 0 1
    outer loop
      vertex 117.735 180.685 4
      vertex 126.09 181.444 4
      vertex 126.525 181.975 4
    endloop
  endfacet
  facet normal -0 0 1
    outer loop
      vertex 116.282 182.023 4
      vertex 126.525 181.975 4
      vertex 127.056 182.41 4
    endloop
  endfacet
  facet normal 0 0 1
    outer loop
      vertex 125.567 178.817 4
      vertex 118.675 178.948 4
      vertex 119 177 4
    endloop
  endfacet
  facet normal 0 0 1
    outer loop
      vertex 116.282 182.023 4
      vertex 127.056 182.41 4
      vertex 127.661 182.734 4
    endloop
  endfacet
  facet normal 0 0 1
    outer loop
      vertex 125.766 180.839 4
      vertex 117.735 180.685 4
      vertex 118.675 178.948 4
    endloop
  endfacet
  facet normal -0 0 1
    outer loop
      vertex 114.473 182.816 4
      vertex 127.661 182.734 4
      vertex 128.317 182.933 4
    endloop
  endfacet
  facet normal 0 0 1
    outer loop
      vertex 126.525 181.975 4
      vertex 116.282 182.023 4
      vertex 117.735 180.685 4
    endloop
  endfacet
  facet normal 0 0 1
    outer loop
      vertex 129 183 4
      vertex 113 183 4
      vertex 128.317 182.933 4
    endloop
  endfacet
  facet normal 0 0 1
    outer loop
      vertex 127.661 182.734 4
      vertex 114.473 182.816 4
      vertex 116.282 182.023 4
    endloop
  endfacet
  facet normal 0 0 1
    outer loop
      vertex 128.317 182.933 4
      vertex 113 183 4
      vertex 114.473 182.816 4
    endloop
  endfacet
  facet normal -0 0 1
    outer loop
      vertex 12 192 4
      vertex 113 183 4
      vertex 191.95 192 4
    endloop
  endfacet
  facet normal 0 0 1
    outer loop
      vertex 22.1836 178.473 4
      vertex 15.4327 178.817 4
      vertex 22 177 4
    endloop
  endfacet
  facet normal -0 0 1
    outer loop
      vertex 15.2336 178.161 4
      vertex 22 177 4
      vertex 15.4327 178.817 4
    endloop
  endfacet
  facet normal -0 0 1
    outer loop
      vertex 14.9101 177.556 4
      vertex 22 177 4
      vertex 15.2336 178.161 4
    endloop
  endfacet
  facet normal -0 0 1
    outer loop
      vertex 15.4327 178.817 4
      vertex 22.1836 178.473 4
      vertex 15.5 179.5 4
    endloop
  endfacet
  facet normal -0 0 1
    outer loop
      vertex 15.4327 180.183 4
      vertex 22.1836 178.473 4
      vertex 22.977 180.282 4
    endloop
  endfacet
  facet normal -0 0 1
    outer loop
      vertex 14.9101 181.444 4
      vertex 22.977 180.282 4
      vertex 24.3147 181.735 4
    endloop
  endfacet
  facet normal 0 0 1
    outer loop
      vertex 12 192 4
      vertex 24.3147 181.735 4
      vertex 26.0518 182.675 4
    endloop
  endfacet
  facet normal 0 0 1
    outer loop
      vertex 22.1836 178.473 4
      vertex 15.4327 180.183 4
      vertex 15.5 179.5 4
    endloop
  endfacet
  facet normal 0 0 1
    outer loop
      vertex 22.977 180.282 4
      vertex 15.2336 180.839 4
      vertex 15.4327 180.183 4
    endloop
  endfacet
  facet normal 0 0 1
    outer loop
      vertex 22.977 180.282 4
      vertex 14.9101 181.444 4
      vertex 15.2336 180.839 4
    endloop
  endfacet
  facet normal 0 0 1
    outer loop
      vertex 12 192 4
      vertex 26.0518 182.675 4
      vertex 28 183 4
    endloop
  endfacet
  facet normal 0 0 1
    outer loop
      vertex 24.3147 181.735 4
      vertex 14.4749 181.975 4
      vertex 14.9101 181.444 4
    endloop
  endfacet
  facet normal 0 0 1
    outer loop
      vertex 24.3147 181.735 4
      vertex 12 192 4
      vertex 14.4749 181.975 4
    endloop
  endfacet
  facet normal 0 0 1
    outer loop
      vertex 113 183 4
      vertex 12 192 4
      vertex 28 183 4
    endloop
  endfacet
  facet normal 0 0 1
    outer loop
      vertex 14.4749 181.975 4
      vertex 12 192 4
      vertex 13.9445 182.41 4
    endloop
  endfacet
  facet normal 0 0 1
    outer loop
      vertex 13.9445 182.41 4
      vertex 12 192 4
      vertex 13.3394 182.734 4
    endloop
  endfacet
  facet normal 0 0 1
    outer loop
      vertex 13.3394 182.734 4
      vertex 12 192 4
      vertex 12.6828 182.933 4
    endloop
  endfacet
  facet normal 0 0 1
    outer loop
      vertex 12.6828 182.933 4
      vertex 12 192 4
      vertex 12 183 4
    endloop
  endfacet
  facet normal 0 0 1
    outer loop
      vertex 203.95 180 4
      vertex 194.95 167 4
      vertex 203.95 12 4
    endloop
  endfacet
  facet normal 0 0 1
    outer loop
      vertex 203.95 180 4
      vertex 194.492 168.859 4
      vertex 194.95 167 4
    endloop
  endfacet
  facet normal 0 0 1
    outer loop
      vertex 203.95 180 4
      vertex 193.222 170.292 4
      vertex 194.492 168.859 4
    endloop
  endfacet
  facet normal -0 0 1
    outer loop
      vertex 191.95 180 4
      vertex 193.222 170.292 4
      vertex 203.95 180 4
    endloop
  endfacet
  facet normal 0 0 1
    outer loop
      vertex 193.222 170.292 4
      vertex 191.95 180 4
      vertex 190.95 171 4
    endloop
  endfacet
  facet normal -0 0 1
    outer loop
      vertex 194.95 25 4
      vertex 203.95 12 4
      vertex 194.95 167 4
    endloop
  endfacet
  facet normal -0 0 1
    outer loop
      vertex 194.242 22.7277 4
      vertex 203.95 12 4
      vertex 194.95 25 4
    endloop
  endfacet
  facet normal -0 0 1
    outer loop
      vertex 192.809 21.4582 4
      vertex 203.95 12 4
      vertex 194.242 22.7277 4
    endloop
  endfacet
  facet normal 0 0 1
    outer loop
      vertex 192.809 21.4582 4
      vertex 191.95 12 4
      vertex 203.95 12 4
    endloop
  endfacet
  facet normal -0 0 1
    outer loop
      vertex 190.95 21 4
      vertex 191.95 12 4
      vertex 192.809 21.4582 4
    endloop
  endfacet
  facet normal -0 0 1
    outer loop
      vertex 156 21 4
      vertex 191.95 12 4
      vertex 190.95 21 4
    endloop
  endfacet
  facet normal 0 0 1
    outer loop
      vertex 191.95 12 4
      vertex 156 21 4
      vertex 191.95 0 4
    endloop
  endfacet
  facet normal 0 0 1
    outer loop
      vertex 132.234 11.1606 4
      vertex 156 21 4
      vertex 153.728 21.7081 4
    endloop
  endfacet
  facet normal 0 0 1
    outer loop
      vertex 132.5 12.5 4
      vertex 152 25 4
      vertex 139 50 4
    endloop
  endfacet
  facet normal 0 0 1
    outer loop
      vertex 152.708 169.272 4
      vertex 131.91 177.556 4
      vertex 152 167 4
    endloop
  endfacet
  facet normal 0 0 1
    outer loop
      vertex 152 25 4
      vertex 132.5 12.5 4
      vertex 152.458 23.1411 4
    endloop
  endfacet
  facet normal 0 0 1
    outer loop
      vertex 132.5 12.5 4
      vertex 153.728 21.7081 4
      vertex 152.458 23.1411 4
    endloop
  endfacet
  facet normal 0 0 1
    outer loop
      vertex 132.433 11.8172 4
      vertex 153.728 21.7081 4
      vertex 132.5 12.5 4
    endloop
  endfacet
  facet normal 0 0 1
    outer loop
      vertex 132.234 11.1606 4
      vertex 153.728 21.7081 4
      vertex 132.433 11.8172 4
    endloop
  endfacet
  facet normal 0 0 1
    outer loop
      vertex 156 21 4
      vertex 132.234 11.1606 4
      vertex 131.91 10.5555 4
    endloop
  endfacet
  facet normal 0 0 1
    outer loop
      vertex 156 21 4
      vertex 131.91 10.5555 4
      vertex 131.475 10.0251 4
    endloop
  endfacet
  facet normal 0 0 1
    outer loop
      vertex 156 21 4
      vertex 131.475 10.0251 4
      vertex 191.95 0 4
    endloop
  endfacet
  facet normal -0 0 1
    outer loop
      vertex 130.944 9.58986 4
      vertex 191.95 0 4
      vertex 131.475 10.0251 4
    endloop
  endfacet
  facet normal -0 0 1
    outer loop
      vertex 130.339 9.26642 4
      vertex 191.95 0 4
      vertex 130.944 9.58986 4
    endloop
  endfacet
  facet normal -0 0 1
    outer loop
      vertex 129.683 9.06725 4
      vertex 191.95 0 4
      vertex 130.339 9.26642 4
    endloop
  endfacet
  facet normal -0 0 1
    outer loop
      vertex 129 9 4
      vertex 191.95 0 4
      vertex 129.683 9.06725 4
    endloop
  endfacet
  facet normal 0 0 1
    outer loop
      vertex 113 9 4
      vertex 129 9 4
      vertex 128.317 9.06725 4
    endloop
  endfacet
  facet normal 0 0 1
    outer loop
      vertex 126.09 14.4445 4
      vertex 119 15 4
      vertex 125.766 13.8394 4
    endloop
  endfacet
  facet normal 0 0 1
    outer loop
      vertex 125.766 13.8394 4
      vertex 119 15 4
      vertex 125.567 13.1828 4
    endloop
  endfacet
  facet normal -0 0 1
    outer loop
      vertex 118.816 13.5271 4
      vertex 125.567 13.1828 4
      vertex 119 15 4
    endloop
  endfacet
  facet normal 0 0 1
    outer loop
      vertex 125.567 13.1828 4
      vertex 118.816 13.5271 4
      vertex 125.5 12.5 4
    endloop
  endfacet
  facet normal 0 0 1
    outer loop
      vertex 125.5 12.5 4
      vertex 118.816 13.5271 4
      vertex 125.567 11.8172 4
    endloop
  endfacet
  facet normal 0 0 1
    outer loop
      vertex 118.023 11.7183 4
      vertex 125.567 11.8172 4
      vertex 118.816 13.5271 4
    endloop
  endfacet
  facet normal 0 0 1
    outer loop
      vertex 125.567 11.8172 4
      vertex 118.023 11.7183 4
      vertex 125.766 11.1606 4
    endloop
  endfacet
  facet normal 0 0 1
    outer loop
      vertex 125.766 11.1606 4
      vertex 118.023 11.7183 4
      vertex 126.09 10.5555 4
    endloop
  endfacet
  facet normal 0 0 1
    outer loop
      vertex 116.685 10.2652 4
      vertex 126.09 10.5555 4
      vertex 118.023 11.7183 4
    endloop
  endfacet
  facet normal 0 0 1
    outer loop
      vertex 126.09 10.5555 4
      vertex 116.685 10.2652 4
      vertex 126.525 10.0251 4
    endloop
  endfacet
  facet normal 0 0 1
    outer loop
      vertex 126.525 10.0251 4
      vertex 116.685 10.2652 4
      vertex 127.056 9.58986 4
    endloop
  endfacet
  facet normal 0 0 1
    outer loop
      vertex 114.948 9.3251 4
      vertex 127.056 9.58986 4
      vertex 116.685 10.2652 4
    endloop
  endfacet
  facet normal 0 0 1
    outer loop
      vertex 127.056 9.58986 4
      vertex 114.948 9.3251 4
      vertex 127.661 9.26642 4
    endloop
  endfacet
  facet normal 0 0 1
    outer loop
      vertex 127.661 9.26642 4
      vertex 114.948 9.3251 4
      vertex 128.317 9.06725 4
    endloop
  endfacet
  facet normal 0 0 1
    outer loop
      vertex 113 9 4
      vertex 128.317 9.06725 4
      vertex 114.948 9.3251 4
    endloop
  endfacet
  facet normal 0 0 1
    outer loop
      vertex 129 9 4
      vertex 113 9 4
      vertex 191.95 0 4
    endloop
  endfacet
  facet normal 0 0 1
    outer loop
      vertex 12 0 4
      vertex 113 9 4
      vertex 28 9 4
    endloop
  endfacet
  facet normal 0 0 1
    outer loop
      vertex 22 81 4
      vertex 15.5 12.5 4
      vertex 22 15 4
    endloop
  endfacet
  facet normal 0 0 1
    outer loop
      vertex 15.5 12.5 4
      vertex 22.3251 13.0518 4
      vertex 22 15 4
    endloop
  endfacet
  facet normal 0 0 1
    outer loop
      vertex 15.4327 11.8172 4
      vertex 22.3251 13.0518 4
      vertex 15.5 12.5 4
    endloop
  endfacet
  facet normal 0 0 1
    outer loop
      vertex 22.3251 13.0518 4
      vertex 15.4327 11.8172 4
      vertex 23.2652 11.3147 4
    endloop
  endfacet
  facet normal 0 0 1
    outer loop
      vertex 15.2336 11.1606 4
      vertex 23.2652 11.3147 4
      vertex 15.4327 11.8172 4
    endloop
  endfacet
  facet normal 0 0 1
    outer loop
      vertex 14.9101 10.5555 4
      vertex 23.2652 11.3147 4
      vertex 15.2336 11.1606 4
    endloop
  endfacet
  facet normal 0 0 1
    outer loop
      vertex 14.4749 10.0251 4
      vertex 23.2652 11.3147 4
      vertex 14.9101 10.5555 4
    endloop
  endfacet
  facet normal 0 0 1
    outer loop
      vertex 23.2652 11.3147 4
      vertex 14.4749 10.0251 4
      vertex 24.7183 9.97701 4
    endloop
  endfacet
  facet normal 0 0 1
    outer loop
      vertex 12 0 4
      vertex 24.7183 9.97701 4
      vertex 14.4749 10.0251 4
    endloop
  endfacet
  facet normal 0 0 1
    outer loop
      vertex 24.7183 9.97701 4
      vertex 12 0 4
      vertex 26.5271 9.18359 4
    endloop
  endfacet
  facet normal 0 0 1
    outer loop
      vertex 12 0 4
      vertex 14.4749 10.0251 4
      vertex 13.9445 9.58986 4
    endloop
  endfacet
  facet normal 0 0 1
    outer loop
      vertex 26.5271 9.18359 4
      vertex 12 0 4
      vertex 28 9 4
    endloop
  endfacet
  facet normal 0 0 1
    outer loop
      vertex 12 0 4
      vertex 13.9445 9.58986 4
      vertex 13.3394 9.26642 4
    endloop
  endfacet
  facet normal 0 0 1
    outer loop
      vertex 12 0 4
      vertex 13.3394 9.26642 4
      vertex 12.6828 9.06725 4
    endloop
  endfacet
  facet normal 0 0 1
    outer loop
      vertex 12 0 4
      vertex 12.6828 9.06725 4
      vertex 12 9 4
    endloop
  endfacet
  facet normal 0 0 1
    outer loop
      vertex 113 9 4
      vertex 12 0 4
      vertex 191.95 0 4
    endloop
  endfacet
  facet normal -0 0 1
    outer loop
      vertex 143 138 4
      vertex 152 54 4
      vertex 152 138 4
    endloop
  endfacet
  facet normal 0 0 1
    outer loop
      vertex 152 54 4
      vertex 143 138 4
      vertex 143 54 4
    endloop
  endfacet
  facet normal 0 0 -1
    outer loop
      vertex 8.53873 7.94804 0
      vertex 22.3251 13.0518 0
      vertex 8.77128 7.6 0
    endloop
  endfacet
  facet normal 0 0 -1
    outer loop
      vertex 22 111 0
      vertex 9.17262 185.582 0
      vertex 9.2 186 0
    endloop
  endfacet
  facet normal -0 0 -1
    outer loop
      vertex 22.3251 13.0518 0
      vertex 8.53873 7.94804 0
      vertex 22 15 0
    endloop
  endfacet
  facet normal 0 0 -1
    outer loop
      vertex 22 111 0
      vertex 9.09096 185.172 0
      vertex 9.17262 185.582 0
    endloop
  endfacet
  facet normal 0 0 -1
    outer loop
      vertex 8.26274 8.26274 0
      vertex 22 15 0
      vertex 8.53873 7.94804 0
    endloop
  endfacet
  facet normal 0 0 -1
    outer loop
      vertex 22 111 0
      vertex 8.95641 184.775 0
      vertex 9.09096 185.172 0
    endloop
  endfacet
  facet normal 0 0 -1
    outer loop
      vertex 7.94804 8.53873 0
      vertex 22 15 0
      vertex 8.26274 8.26274 0
    endloop
  endfacet
  facet normal 0 0 -1
    outer loop
      vertex 22 111 0
      vertex 8.77128 184.4 0
      vertex 8.95641 184.775 0
    endloop
  endfacet
  facet normal 0 0 -1
    outer loop
      vertex 7.6 8.77128 0
      vertex 22 15 0
      vertex 7.94804 8.53873 0
    endloop
  endfacet
  facet normal 0 0 -1
    outer loop
      vertex 22 111 0
      vertex 8.53873 184.052 0
      vertex 8.77128 184.4 0
    endloop
  endfacet
  facet normal 0 0 -1
    outer loop
      vertex 7.22459 8.95641 0
      vertex 22 15 0
      vertex 7.6 8.77128 0
    endloop
  endfacet
  facet normal 0 0 -1
    outer loop
      vertex 22 111 0
      vertex 8.26274 183.737 0
      vertex 8.53873 184.052 0
    endloop
  endfacet
  facet normal 0 0 -1
    outer loop
      vertex 6.82822 9.09096 0
      vertex 22 15 0
      vertex 7.22459 8.95641 0
    endloop
  endfacet
  facet normal 0 0 -1
    outer loop
      vertex 22 111 0
      vertex 7.94804 183.461 0
      vertex 8.26274 183.737 0
    endloop
  endfacet
  facet normal 0 0 -1
    outer loop
      vertex 6.41768 9.17262 0
      vertex 22 15 0
      vertex 6.82822 9.09096 0
    endloop
  endfacet
  facet normal 0 0 -1
    outer loop
      vertex 22 111 0
      vertex 7.6 183.229 0
      vertex 7.94804 183.461 0
    endloop
  endfacet
  facet normal 0 0 -1
    outer loop
      vertex 6 9.2 0
      vertex 22 15 0
      vertex 6.41768 9.17262 0
    endloop
  endfacet
  facet normal 0 0 -1
    outer loop
      vertex 22 111 0
      vertex 7.22459 183.044 0
      vertex 7.6 183.229 0
    endloop
  endfacet
  facet normal 0 0 -1
    outer loop
      vertex 5.58232 9.17262 0
      vertex 22 15 0
      vertex 6 9.2 0
    endloop
  endfacet
  facet normal 0 0 -1
    outer loop
      vertex 22 111 0
      vertex 6.82822 182.909 0
      vertex 7.22459 183.044 0
    endloop
  endfacet
  facet normal -0 0 -1
    outer loop
      vertex 22 15 0
      vertex 5.58232 9.17262 0
      vertex 22 81 0
    endloop
  endfacet
  facet normal 0 0 -1
    outer loop
      vertex 22 111 0
      vertex 6.41768 182.827 0
      vertex 6.82822 182.909 0
    endloop
  endfacet
  facet normal 0 0 -1
    outer loop
      vertex 5.17178 9.09096 0
      vertex 22 81 0
      vertex 5.58232 9.17262 0
    endloop
  endfacet
  facet normal 0 0 -1
    outer loop
      vertex 22 111 0
      vertex 6 182.8 0
      vertex 6.41768 182.827 0
    endloop
  endfacet
  facet normal 0 0 -1
    outer loop
      vertex 4.77541 8.95641 0
      vertex 22 81 0
      vertex 5.17178 9.09096 0
    endloop
  endfacet
  facet normal 0 0 -1
    outer loop
      vertex 22 111 0
      vertex 5.58232 182.827 0
      vertex 6 182.8 0
    endloop
  endfacet
  facet normal 0 0 -1
    outer loop
      vertex 4.4 8.77128 0
      vertex 22 81 0
      vertex 4.77541 8.95641 0
    endloop
  endfacet
  facet normal 0 0 -1
    outer loop
      vertex 22 111 0
      vertex 5.17178 182.909 0
      vertex 5.58232 182.827 0
    endloop
  endfacet
  facet normal 0 0 -1
    outer loop
      vertex 4.05196 8.53873 0
      vertex 22 81 0
      vertex 4.4 8.77128 0
    endloop
  endfacet
  facet normal 0 0 -1
    outer loop
      vertex 22 111 0
      vertex 4.77541 183.044 0
      vertex 5.17178 182.909 0
    endloop
  endfacet
  facet normal 0 0 -1
    outer loop
      vertex 3.73726 8.26274 0
      vertex 22 81 0
      vertex 4.05196 8.53873 0
    endloop
  endfacet
  facet normal 0 0 -1
    outer loop
      vertex 22 111 0
      vertex 4.4 183.229 0
      vertex 4.77541 183.044 0
    endloop
  endfacet
  facet normal 0 0 -1
    outer loop
      vertex 3.46127 7.94804 0
      vertex 22 81 0
      vertex 3.73726 8.26274 0
    endloop
  endfacet
  facet normal 0 0 -1
    outer loop
      vertex 22 111 0
      vertex 4.05196 183.461 0
      vertex 4.4 183.229 0
    endloop
  endfacet
  facet normal 0 0 -1
    outer loop
      vertex 3.22872 7.6 0
      vertex 22 81 0
      vertex 3.46127 7.94804 0
    endloop
  endfacet
  facet normal 0 0 -1
    outer loop
      vertex 22 111 0
      vertex 3.73726 183.737 0
      vertex 4.05196 183.461 0
    endloop
  endfacet
  facet normal 0 0 -1
    outer loop
      vertex 3.04359 7.22459 0
      vertex 22 81 0
      vertex 3.22872 7.6 0
    endloop
  endfacet
  facet normal 0 0 -1
    outer loop
      vertex 22 111 0
      vertex 3.46127 184.052 0
      vertex 3.73726 183.737 0
    endloop
  endfacet
  facet normal -0 0 -1
    outer loop
      vertex 22 81 0
      vertex 3.04359 7.22459 0
      vertex 22 111 0
    endloop
  endfacet
  facet normal 0 0 -1
    outer loop
      vertex 22 111 0
      vertex 3.22872 184.4 0
      vertex 3.46127 184.052 0
    endloop
  endfacet
  facet normal 0 0 -1
    outer loop
      vertex 3.04359 184.775 0
      vertex 22 111 0
      vertex 3.04359 7.22459 0
    endloop
  endfacet
  facet normal 0 0 -1
    outer loop
      vertex 22 111 0
      vertex 3.04359 184.775 0
      vertex 3.22872 184.4 0
    endloop
  endfacet
  facet normal 0 0 -1
    outer loop
      vertex 0 0 0
      vertex 3.04359 7.22459 0
      vertex 2.90904 6.82822 0
    endloop
  endfacet
  facet normal -0 0 -1
    outer loop
      vertex 3.04359 7.22459 0
      vertex 0 0 0
      vertex 3.04359 184.775 0
    endloop
  endfacet
  facet normal 0 0 -1
    outer loop
      vertex 0 0 0
      vertex 2.90904 6.82822 0
      vertex 2.82738 6.41768 0
    endloop
  endfacet
  facet normal 0 0 -1
    outer loop
      vertex 0 192 0
      vertex 3.04359 184.775 0
      vertex 0 0 0
    endloop
  endfacet
  facet normal 0 0 -1
    outer loop
      vertex 0 0 0
      vertex 2.82738 6.41768 0
      vertex 2.8 6 0
    endloop
  endfacet
  facet normal 0 0 -1
    outer loop
      vertex 3.04359 184.775 0
      vertex 0 192 0
      vertex 2.90904 185.172 0
    endloop
  endfacet
  facet normal 0 0 -1
    outer loop
      vertex 152 138 0
      vertex 118.816 109.527 0
      vertex 119 111 0
    endloop
  endfacet
  facet normal 0 0 -1
    outer loop
      vertex 152 54 0
      vertex 118.675 82.9482 0
      vertex 118.816 109.527 0
    endloop
  endfacet
  facet normal 0 0 -1
    outer loop
      vertex 118.675 82.9482 0
      vertex 118.023 107.718 0
      vertex 118.816 109.527 0
    endloop
  endfacet
  facet normal 0 0 -1
    outer loop
      vertex 117.735 84.6853 0
      vertex 118.023 107.718 0
      vertex 118.675 82.9482 0
    endloop
  endfacet
  facet normal 0 0 -1
    outer loop
      vertex 117.735 84.6853 0
      vertex 116.685 106.265 0
      vertex 118.023 107.718 0
    endloop
  endfacet
  facet normal 0 0 -1
    outer loop
      vertex 116.282 86.023 0
      vertex 116.685 106.265 0
      vertex 117.735 84.6853 0
    endloop
  endfacet
  facet normal 0 0 -1
    outer loop
      vertex 116.282 86.023 0
      vertex 114.948 105.325 0
      vertex 116.685 106.265 0
    endloop
  endfacet
  facet normal 0 0 -1
    outer loop
      vertex 114.473 86.8164 0
      vertex 114.948 105.325 0
      vertex 116.282 86.023 0
    endloop
  endfacet
  facet normal 0 0 -1
    outer loop
      vertex 113 105 0
      vertex 114.473 86.8164 0
      vertex 113 87 0
    endloop
  endfacet
  facet normal 0 0 -1
    outer loop
      vertex 114.473 86.8164 0
      vertex 113 105 0
      vertex 114.948 105.325 0
    endloop
  endfacet
  facet normal 0 0 -1
    outer loop
      vertex 28 87 0
      vertex 113 105 0
      vertex 113 87 0
    endloop
  endfacet
  facet normal 0 0 -1
    outer loop
      vertex 28 87 0
      vertex 28 105 0
      vertex 113 105 0
    endloop
  endfacet
  facet normal 0 0 -1
    outer loop
      vertex 28 87 0
      vertex 26.5271 105.184 0
      vertex 28 105 0
    endloop
  endfacet
  facet normal 0 0 -1
    outer loop
      vertex 26.0518 86.6749 0
      vertex 26.5271 105.184 0
      vertex 28 87 0
    endloop
  endfacet
  facet normal 0 0 -1
    outer loop
      vertex 26.0518 86.6749 0
      vertex 24.7183 105.977 0
      vertex 26.5271 105.184 0
    endloop
  endfacet
  facet normal 0 0 -1
    outer loop
      vertex 24.3147 85.7348 0
      vertex 24.7183 105.977 0
      vertex 26.0518 86.6749 0
    endloop
  endfacet
  facet normal 0 0 -1
    outer loop
      vertex 24.3147 85.7348 0
      vertex 23.2652 107.315 0
      vertex 24.7183 105.977 0
    endloop
  endfacet
  facet normal 0 0 -1
    outer loop
      vertex 22.977 84.2817 0
      vertex 23.2652 107.315 0
      vertex 24.3147 85.7348 0
    endloop
  endfacet
  facet normal 0 0 -1
    outer loop
      vertex 22.977 84.2817 0
      vertex 22.3251 109.052 0
      vertex 23.2652 107.315 0
    endloop
  endfacet
  facet normal 0 0 -1
    outer loop
      vertex 22.1836 82.4729 0
      vertex 22.3251 109.052 0
      vertex 22.977 84.2817 0
    endloop
  endfacet
  facet normal 0 0 -1
    outer loop
      vertex 22 111 0
      vertex 22.1836 82.4729 0
      vertex 22 81 0
    endloop
  endfacet
  facet normal 0 0 -1
    outer loop
      vertex 22.1836 82.4729 0
      vertex 22 111 0
      vertex 22.3251 109.052 0
    endloop
  endfacet
  facet normal 0 0 -1
    outer loop
      vertex 152 50 0
      vertex 169 54 0
      vertex 169 50 0
    endloop
  endfacet
  facet normal -0 0 -1
    outer loop
      vertex 169 54 0
      vertex 152 50 0
      vertex 152 54 0
    endloop
  endfacet
  facet normal 0 0 -1
    outer loop
      vertex 152 138 0
      vertex 169 142 0
      vertex 169 138 0
    endloop
  endfacet
  facet normal -0 0 -1
    outer loop
      vertex 169 142 0
      vertex 152 138 0
      vertex 152 142 0
    endloop
  endfacet
  facet normal 0 0 -1
    outer loop
      vertex 200.906 7.22459 0
      vertex 203.95 0 0
      vertex 201.041 6.82822 0
    endloop
  endfacet
  facet normal 0 0 -1
    outer loop
      vertex 203.95 192 0
      vertex 201.123 185.582 0
      vertex 201.15 186 0
    endloop
  endfacet
  facet normal 0 0 -1
    outer loop
      vertex 194.95 25 0
      vertex 203.95 0 0
      vertex 200.906 7.22459 0
    endloop
  endfacet
  facet normal 0 0 -1
    outer loop
      vertex 203.95 192 0
      vertex 201.041 185.172 0
      vertex 201.123 185.582 0
    endloop
  endfacet
  facet normal 0 0 -1
    outer loop
      vertex 203.95 0 0
      vertex 194.95 25 0
      vertex 203.95 192 0
    endloop
  endfacet
  facet normal 0 0 -1
    outer loop
      vertex 203.95 192 0
      vertex 200.906 184.775 0
      vertex 201.041 185.172 0
    endloop
  endfacet
  facet normal 0 0 -1
    outer loop
      vertex 194.95 25 0
      vertex 200.906 7.22459 0
      vertex 200.721 7.6 0
    endloop
  endfacet
  facet normal 0 0 -1
    outer loop
      vertex 194.95 167 0
      vertex 203.95 192 0
      vertex 194.95 25 0
    endloop
  endfacet
  facet normal 0 0 -1
    outer loop
      vertex 194.95 25 0
      vertex 200.721 7.6 0
      vertex 200.489 7.94804 0
    endloop
  endfacet
  facet normal 0 0 -1
    outer loop
      vertex 203.95 192 0
      vertex 194.95 167 0
      vertex 200.906 184.775 0
    endloop
  endfacet
  facet normal 0 0 -1
    outer loop
      vertex 194.95 25 0
      vertex 200.489 7.94804 0
      vertex 200.213 8.26274 0
    endloop
  endfacet
  facet normal 0 0 -1
    outer loop
      vertex 200.906 184.775 0
      vertex 194.95 167 0
      vertex 200.721 184.4 0
    endloop
  endfacet
  facet normal 0 0 -1
    outer loop
      vertex 194.95 25 0
      vertex 200.213 8.26274 0
      vertex 199.898 8.53873 0
    endloop
  endfacet
  facet normal 0 0 -1
    outer loop
      vertex 200.721 184.4 0
      vertex 194.95 167 0
      vertex 200.489 184.052 0
    endloop
  endfacet
  facet normal 0 0 -1
    outer loop
      vertex 194.242 22.7277 0
      vertex 199.898 8.53873 0
      vertex 199.55 8.77128 0
    endloop
  endfacet
  facet normal 0 0 -1
    outer loop
      vertex 200.489 184.052 0
      vertex 194.95 167 0
      vertex 200.213 183.737 0
    endloop
  endfacet
  facet normal 0 0 -1
    outer loop
      vertex 194.242 22.7277 0
      vertex 199.55 8.77128 0
      vertex 199.175 8.95641 0
    endloop
  endfacet
  facet normal 0 0 -1
    outer loop
      vertex 200.213 183.737 0
      vertex 194.95 167 0
      vertex 199.898 183.461 0
    endloop
  endfacet
  facet normal 0 0 -1
    outer loop
      vertex 194.242 22.7277 0
      vertex 199.175 8.95641 0
      vertex 198.778 9.09096 0
    endloop
  endfacet
  facet normal 0 0 -1
    outer loop
      vertex 194.492 168.859 0
      vertex 199.898 183.461 0
      vertex 194.95 167 0
    endloop
  endfacet
  facet normal 0 0 -1
    outer loop
      vertex 194.242 22.7277 0
      vertex 198.778 9.09096 0
      vertex 198.368 9.17262 0
    endloop
  endfacet
  facet normal 0 0 -1
    outer loop
      vertex 199.898 183.461 0
      vertex 194.492 168.859 0
      vertex 199.55 183.229 0
    endloop
  endfacet
  facet normal 0 0 -1
    outer loop
      vertex 194.242 22.7277 0
      vertex 198.368 9.17262 0
      vertex 197.95 9.2 0
    endloop
  endfacet
  facet normal 0 0 -1
    outer loop
      vertex 199.55 183.229 0
      vertex 194.492 168.859 0
      vertex 199.175 183.044 0
    endloop
  endfacet
  facet normal 0 0 -1
    outer loop
      vertex 192.809 21.4582 0
      vertex 197.95 9.2 0
      vertex 197.532 9.17262 0
    endloop
  endfacet
  facet normal 0 0 -1
    outer loop
      vertex 199.175 183.044 0
      vertex 194.492 168.859 0
      vertex 198.778 182.909 0
    endloop
  endfacet
  facet normal 0 0 -1
    outer loop
      vertex 192.809 21.4582 0
      vertex 197.532 9.17262 0
      vertex 197.122 9.09096 0
    endloop
  endfacet
  facet normal 0 0 -1
    outer loop
      vertex 198.778 182.909 0
      vertex 194.492 168.859 0
      vertex 198.368 182.827 0
    endloop
  endfacet
  facet normal 0 0 -1
    outer loop
      vertex 192.809 21.4582 0
      vertex 197.122 9.09096 0
      vertex 196.725 8.95641 0
    endloop
  endfacet
  facet normal 0 0 -1
    outer loop
      vertex 193.222 170.292 0
      vertex 198.368 182.827 0
      vertex 194.492 168.859 0
    endloop
  endfacet
  facet normal 0 0 -1
    outer loop
      vertex 192.809 21.4582 0
      vertex 196.725 8.95641 0
      vertex 196.35 8.77128 0
    endloop
  endfacet
  facet normal 0 0 -1
    outer loop
      vertex 198.368 182.827 0
      vertex 193.222 170.292 0
      vertex 197.95 182.8 0
    endloop
  endfacet
  facet normal 0 0 -1
    outer loop
      vertex 190.95 21 0
      vertex 196.35 8.77128 0
      vertex 196.002 8.53873 0
    endloop
  endfacet
  facet normal -0 0 -1
    outer loop
      vertex 197.95 182.8 0
      vertex 193.222 170.292 0
      vertex 197.532 182.827 0
    endloop
  endfacet
  facet normal 0 0 -1
    outer loop
      vertex 190.95 21 0
      vertex 196.002 8.53873 0
      vertex 195.687 8.26274 0
    endloop
  endfacet
  facet normal -0 0 -1
    outer loop
      vertex 197.532 182.827 0
      vertex 193.222 170.292 0
      vertex 197.122 182.909 0
    endloop
  endfacet
  facet normal 0 0 -1
    outer loop
      vertex 190.95 21 0
      vertex 195.687 8.26274 0
      vertex 195.411 7.94804 0
    endloop
  endfacet
  facet normal -0 0 -1
    outer loop
      vertex 197.122 182.909 0
      vertex 193.222 170.292 0
      vertex 196.725 183.044 0
    endloop
  endfacet
  facet normal 0 0 -1
    outer loop
      vertex 190.95 21 0
      vertex 195.411 7.94804 0
      vertex 195.179 7.6 0
    endloop
  endfacet
  facet normal 0 0 -1
    outer loop
      vertex 190.95 171 0
      vertex 196.725 183.044 0
      vertex 193.222 170.292 0
    endloop
  endfacet
  facet normal 0 0 -1
    outer loop
      vertex 190.95 21 0
      vertex 195.179 7.6 0
      vertex 194.994 7.22459 0
    endloop
  endfacet
  facet normal -0 0 -1
    outer loop
      vertex 196.725 183.044 0
      vertex 190.95 171 0
      vertex 196.35 183.229 0
    endloop
  endfacet
  facet normal -0 0 -1
    outer loop
      vertex 196.35 183.229 0
      vertex 190.95 171 0
      vertex 196.002 183.461 0
    endloop
  endfacet
  facet normal 0 0 -1
    outer loop
      vertex 190.95 21 0
      vertex 194.994 7.22459 0
      vertex 194.859 6.82822 0
    endloop
  endfacet
  facet normal 0 0 -1
    outer loop
      vertex 190.95 21 0
      vertex 194.859 6.82822 0
      vertex 194.777 6.41768 0
    endloop
  endfacet
  facet normal 0 0 -1
    outer loop
      vertex 156 21 0
      vertex 194.777 6.41768 0
      vertex 194.75 6 0
    endloop
  endfacet
  facet normal 0 0 -1
    outer loop
      vertex 199.898 8.53873 0
      vertex 194.242 22.7277 0
      vertex 194.95 25 0
    endloop
  endfacet
  facet normal 0 0 -1
    outer loop
      vertex 201.123 6.41768 0
      vertex 203.95 0 0
      vertex 201.15 6 0
    endloop
  endfacet
  facet normal 0 0 -1
    outer loop
      vertex 203.95 0 0
      vertex 201.123 5.58232 0
      vertex 201.15 6 0
    endloop
  endfacet
  facet normal 0 0 -1
    outer loop
      vertex 203.95 0 0
      vertex 201.041 5.17178 0
      vertex 201.123 5.58232 0
    endloop
  endfacet
  facet normal 0 0 -1
    outer loop
      vertex 203.95 0 0
      vertex 200.906 4.77541 0
      vertex 201.041 5.17178 0
    endloop
  endfacet
  facet normal 0 0 -1
    outer loop
      vertex 203.95 0 0
      vertex 200.721 4.4 0
      vertex 200.906 4.77541 0
    endloop
  endfacet
  facet normal 0 0 -1
    outer loop
      vertex 203.95 0 0
      vertex 200.489 4.05196 0
      vertex 200.721 4.4 0
    endloop
  endfacet
  facet normal 0 0 -1
    outer loop
      vertex 203.95 0 0
      vertex 200.213 3.73726 0
      vertex 200.489 4.05196 0
    endloop
  endfacet
  facet normal 0 0 -1
    outer loop
      vertex 203.95 0 0
      vertex 199.898 3.46127 0
      vertex 200.213 3.73726 0
    endloop
  endfacet
  facet normal 0 0 -1
    outer loop
      vertex 203.95 0 0
      vertex 199.55 3.22872 0
      vertex 199.898 3.46127 0
    endloop
  endfacet
  facet normal 0 0 -1
    outer loop
      vertex 203.95 0 0
      vertex 199.175 3.04359 0
      vertex 199.55 3.22872 0
    endloop
  endfacet
  facet normal 0 0 -1
    outer loop
      vertex 203.95 0 0
      vertex 198.778 2.90904 0
      vertex 199.175 3.04359 0
    endloop
  endfacet
  facet normal 0 0 -1
    outer loop
      vertex 203.95 0 0
      vertex 198.368 2.82738 0
      vertex 198.778 2.90904 0
    endloop
  endfacet
  facet normal 0 0 -1
    outer loop
      vertex 203.95 0 0
      vertex 197.95 2.8 0
      vertex 198.368 2.82738 0
    endloop
  endfacet
  facet normal 0 0 -1
    outer loop
      vertex 203.95 0 0
      vertex 197.532 2.82738 0
      vertex 197.95 2.8 0
    endloop
  endfacet
  facet normal 0 0 -1
    outer loop
      vertex 203.95 0 0
      vertex 197.122 2.90904 0
      vertex 197.532 2.82738 0
    endloop
  endfacet
  facet normal 0 0 -1
    outer loop
      vertex 203.95 0 0
      vertex 196.725 3.04359 0
      vertex 197.122 2.90904 0
    endloop
  endfacet
  facet normal 0 0 -1
    outer loop
      vertex 197.95 9.2 0
      vertex 192.809 21.4582 0
      vertex 194.242 22.7277 0
    endloop
  endfacet
  facet normal 0 0 -1
    outer loop
      vertex 156 21 0
      vertex 194.75 6 0
      vertex 194.777 5.58232 0
    endloop
  endfacet
  facet normal 0 0 -1
    outer loop
      vertex 196.35 8.77128 0
      vertex 190.95 21 0
      vertex 192.809 21.4582 0
    endloop
  endfacet
  facet normal 0 0 -1
    outer loop
      vertex 156 21 0
      vertex 194.777 5.58232 0
      vertex 194.859 5.17178 0
    endloop
  endfacet
  facet normal 0 0 -1
    outer loop
      vertex 194.777 6.41768 0
      vertex 156 21 0
      vertex 190.95 21 0
    endloop
  endfacet
  facet normal 0 0 -1
    outer loop
      vertex 194.994 4.77541 0
      vertex 156 21 0
      vertex 194.859 5.17178 0
    endloop
  endfacet
  facet normal 0 0 -1
    outer loop
      vertex 195.179 4.4 0
      vertex 156 21 0
      vertex 194.994 4.77541 0
    endloop
  endfacet
  facet normal 0 0 -1
    outer loop
      vertex 195.411 4.05196 0
      vertex 156 21 0
      vertex 195.179 4.4 0
    endloop
  endfacet
  facet normal 0 0 -1
    outer loop
      vertex 195.687 3.73726 0
      vertex 156 21 0
      vertex 195.411 4.05196 0
    endloop
  endfacet
  facet normal 0 0 -1
    outer loop
      vertex 116.685 10.2652 0
      vertex 195.687 3.73726 0
      vertex 196.002 3.46127 0
    endloop
  endfacet
  facet normal 0 0 -1
    outer loop
      vertex 114.948 9.3251 0
      vertex 196.002 3.46127 0
      vertex 196.35 3.22872 0
    endloop
  endfacet
  facet normal 0 0 -1
    outer loop
      vertex 114.948 9.3251 0
      vertex 196.35 3.22872 0
      vertex 196.725 3.04359 0
    endloop
  endfacet
  facet normal 0 0 -1
    outer loop
      vertex 195.687 3.73726 0
      vertex 116.685 10.2652 0
      vertex 156 21 0
    endloop
  endfacet
  facet normal 0 0 -1
    outer loop
      vertex 119 15 0
      vertex 152 50 0
      vertex 152 25 0
    endloop
  endfacet
  facet normal 0 0 -1
    outer loop
      vertex 119 81 0
      vertex 152 50 0
      vertex 119 15 0
    endloop
  endfacet
  facet normal 0 0 -1
    outer loop
      vertex 118.675 82.9482 0
      vertex 152 54 0
      vertex 119 81 0
    endloop
  endfacet
  facet normal 0 0 -1
    outer loop
      vertex 152 54 0
      vertex 118.816 109.527 0
      vertex 152 138 0
    endloop
  endfacet
  facet normal 0 0 -1
    outer loop
      vertex 152 50 0
      vertex 119 81 0
      vertex 152 54 0
    endloop
  endfacet
  facet normal -0 0 -1
    outer loop
      vertex 152.458 23.1411 0
      vertex 119 15 0
      vertex 152 25 0
    endloop
  endfacet
  facet normal 0 0 -1
    outer loop
      vertex 118.816 13.5271 0
      vertex 152.458 23.1411 0
      vertex 153.728 21.7081 0
    endloop
  endfacet
  facet normal 0 -0 -1
    outer loop
      vertex 118.023 11.7183 0
      vertex 156 21 0
      vertex 116.685 10.2652 0
    endloop
  endfacet
  facet normal 0 0 -1
    outer loop
      vertex 114.948 9.3251 0
      vertex 196.725 3.04359 0
      vertex 203.95 0 0
    endloop
  endfacet
  facet normal 0 0 -1
    outer loop
      vertex 152.458 23.1411 0
      vertex 118.816 13.5271 0
      vertex 119 15 0
    endloop
  endfacet
  facet normal 0 0 -1
    outer loop
      vertex 153.728 21.7081 0
      vertex 118.023 11.7183 0
      vertex 118.816 13.5271 0
    endloop
  endfacet
  facet normal -0 0 -1
    outer loop
      vertex 156 21 0
      vertex 118.023 11.7183 0
      vertex 153.728 21.7081 0
    endloop
  endfacet
  facet normal 0 0 -1
    outer loop
      vertex 196.002 3.46127 0
      vertex 114.948 9.3251 0
      vertex 116.685 10.2652 0
    endloop
  endfacet
  facet normal 0 0 -1
    outer loop
      vertex 203.95 0 0
      vertex 113 9 0
      vertex 114.948 9.3251 0
    endloop
  endfacet
  facet normal 0 0 -1
    outer loop
      vertex 0 0 0
      vertex 113 9 0
      vertex 203.95 0 0
    endloop
  endfacet
  facet normal -0 0 -1
    outer loop
      vertex 23.2652 11.3147 0
      vertex 9.09096 6.82822 0
      vertex 22.3251 13.0518 0
    endloop
  endfacet
  facet normal 0 0 -1
    outer loop
      vertex 8.95641 7.22459 0
      vertex 22.3251 13.0518 0
      vertex 9.09096 6.82822 0
    endloop
  endfacet
  facet normal 0 0 -1
    outer loop
      vertex 8.77128 7.6 0
      vertex 22.3251 13.0518 0
      vertex 8.95641 7.22459 0
    endloop
  endfacet
  facet normal 0 0 -1
    outer loop
      vertex 9.09096 6.82822 0
      vertex 23.2652 11.3147 0
      vertex 9.17262 6.41768 0
    endloop
  endfacet
  facet normal 0 0 -1
    outer loop
      vertex 9.17262 6.41768 0
      vertex 23.2652 11.3147 0
      vertex 9.2 6 0
    endloop
  endfacet
  facet normal 0 0 -1
    outer loop
      vertex 9.17262 5.58232 0
      vertex 23.2652 11.3147 0
      vertex 24.7183 9.97701 0
    endloop
  endfacet
  facet normal 0 0 -1
    outer loop
      vertex 8.77128 4.4 0
      vertex 24.7183 9.97701 0
      vertex 26.5271 9.18359 0
    endloop
  endfacet
  facet normal 0 0 -1
    outer loop
      vertex 7.94804 3.46127 0
      vertex 26.5271 9.18359 0
      vertex 28 9 0
    endloop
  endfacet
  facet normal -0 0 -1
    outer loop
      vertex 113 9 0
      vertex 0 0 0
      vertex 28 9 0
    endloop
  endfacet
  facet normal 0 0 -1
    outer loop
      vertex 23.2652 11.3147 0
      vertex 9.17262 5.58232 0
      vertex 9.2 6 0
    endloop
  endfacet
  facet normal 0 0 -1
    outer loop
      vertex 24.7183 9.97701 0
      vertex 9.09096 5.17178 0
      vertex 9.17262 5.58232 0
    endloop
  endfacet
  facet normal 0 0 -1
    outer loop
      vertex 24.7183 9.97701 0
      vertex 8.95641 4.77541 0
      vertex 9.09096 5.17178 0
    endloop
  endfacet
  facet normal 0 0 -1
    outer loop
      vertex 24.7183 9.97701 0
      vertex 8.77128 4.4 0
      vertex 8.95641 4.77541 0
    endloop
  endfacet
  facet normal 0 0 -1
    outer loop
      vertex 26.5271 9.18359 0
      vertex 8.53873 4.05196 0
      vertex 8.77128 4.4 0
    endloop
  endfacet
  facet normal 0 0 -1
    outer loop
      vertex 26.5271 9.18359 0
      vertex 8.26274 3.73726 0
      vertex 8.53873 4.05196 0
    endloop
  endfacet
  facet normal 0 0 -1
    outer loop
      vertex 26.5271 9.18359 0
      vertex 7.94804 3.46127 0
      vertex 8.26274 3.73726 0
    endloop
  endfacet
  facet normal 0 0 -1
    outer loop
      vertex 28 9 0
      vertex 7.6 3.22872 0
      vertex 7.94804 3.46127 0
    endloop
  endfacet
  facet normal 0 0 -1
    outer loop
      vertex 28 9 0
      vertex 7.22459 3.04359 0
      vertex 7.6 3.22872 0
    endloop
  endfacet
  facet normal 0 0 -1
    outer loop
      vertex 28 9 0
      vertex 0 0 0
      vertex 7.22459 3.04359 0
    endloop
  endfacet
  facet normal 0 0 -1
    outer loop
      vertex 7.22459 3.04359 0
      vertex 0 0 0
      vertex 6.82822 2.90904 0
    endloop
  endfacet
  facet normal 0 0 -1
    outer loop
      vertex 6.82822 2.90904 0
      vertex 0 0 0
      vertex 6.41768 2.82738 0
    endloop
  endfacet
  facet normal 0 0 -1
    outer loop
      vertex 2.90904 185.172 0
      vertex 0 192 0
      vertex 2.82738 185.582 0
    endloop
  endfacet
  facet normal -0 0 -1
    outer loop
      vertex 2.82738 5.58232 0
      vertex 0 0 0
      vertex 2.8 6 0
    endloop
  endfacet
  facet normal -0 0 -1
    outer loop
      vertex 2.90904 5.17178 0
      vertex 0 0 0
      vertex 2.82738 5.58232 0
    endloop
  endfacet
  facet normal -0 0 -1
    outer loop
      vertex 3.04359 4.77541 0
      vertex 0 0 0
      vertex 2.90904 5.17178 0
    endloop
  endfacet
  facet normal -0 0 -1
    outer loop
      vertex 3.22872 4.4 0
      vertex 0 0 0
      vertex 3.04359 4.77541 0
    endloop
  endfacet
  facet normal -0 0 -1
    outer loop
      vertex 3.46127 4.05196 0
      vertex 0 0 0
      vertex 3.22872 4.4 0
    endloop
  endfacet
  facet normal -0 0 -1
    outer loop
      vertex 3.73726 3.73726 0
      vertex 0 0 0
      vertex 3.46127 4.05196 0
    endloop
  endfacet
  facet normal -0 0 -1
    outer loop
      vertex 4.05196 3.46127 0
      vertex 0 0 0
      vertex 3.73726 3.73726 0
    endloop
  endfacet
  facet normal -0 0 -1
    outer loop
      vertex 4.4 3.22872 0
      vertex 0 0 0
      vertex 4.05196 3.46127 0
    endloop
  endfacet
  facet normal -0 0 -1
    outer loop
      vertex 4.77541 3.04359 0
      vertex 0 0 0
      vertex 4.4 3.22872 0
    endloop
  endfacet
  facet normal -0 0 -1
    outer loop
      vertex 5.17178 2.90904 0
      vertex 0 0 0
      vertex 4.77541 3.04359 0
    endloop
  endfacet
  facet normal -0 0 -1
    outer loop
      vertex 5.58232 2.82738 0
      vertex 0 0 0
      vertex 5.17178 2.90904 0
    endloop
  endfacet
  facet normal -0 0 -1
    outer loop
      vertex 6 2.8 0
      vertex 0 0 0
      vertex 5.58232 2.82738 0
    endloop
  endfacet
  facet normal 0 0 -1
    outer loop
      vertex 6.41768 2.82738 0
      vertex 0 0 0
      vertex 6 2.8 0
    endloop
  endfacet
  facet normal 0 0 -1
    outer loop
      vertex 201.041 6.82822 0
      vertex 203.95 0 0
      vertex 201.123 6.41768 0
    endloop
  endfacet
  facet normal 0 0 -1
    outer loop
      vertex 201.123 186.418 0
      vertex 203.95 192 0
      vertex 201.15 186 0
    endloop
  endfacet
  facet normal 0 0 -1
    outer loop
      vertex 201.041 186.828 0
      vertex 203.95 192 0
      vertex 201.123 186.418 0
    endloop
  endfacet
  facet normal 0 0 -1
    outer loop
      vertex 200.906 187.225 0
      vertex 203.95 192 0
      vertex 201.041 186.828 0
    endloop
  endfacet
  facet normal 0 0 -1
    outer loop
      vertex 200.721 187.6 0
      vertex 203.95 192 0
      vertex 200.906 187.225 0
    endloop
  endfacet
  facet normal 0 0 -1
    outer loop
      vertex 200.489 187.948 0
      vertex 203.95 192 0
      vertex 200.721 187.6 0
    endloop
  endfacet
  facet normal 0 0 -1
    outer loop
      vertex 200.213 188.263 0
      vertex 203.95 192 0
      vertex 200.489 187.948 0
    endloop
  endfacet
  facet normal 0 0 -1
    outer loop
      vertex 199.898 188.539 0
      vertex 203.95 192 0
      vertex 200.213 188.263 0
    endloop
  endfacet
  facet normal 0 0 -1
    outer loop
      vertex 199.55 188.771 0
      vertex 203.95 192 0
      vertex 199.898 188.539 0
    endloop
  endfacet
  facet normal 0 0 -1
    outer loop
      vertex 199.175 188.956 0
      vertex 203.95 192 0
      vertex 199.55 188.771 0
    endloop
  endfacet
  facet normal 0 0 -1
    outer loop
      vertex 198.778 189.091 0
      vertex 203.95 192 0
      vertex 199.175 188.956 0
    endloop
  endfacet
  facet normal 0 0 -1
    outer loop
      vertex 198.368 189.173 0
      vertex 203.95 192 0
      vertex 198.778 189.091 0
    endloop
  endfacet
  facet normal 0 0 -1
    outer loop
      vertex 197.95 189.2 0
      vertex 203.95 192 0
      vertex 198.368 189.173 0
    endloop
  endfacet
  facet normal 0 0 -1
    outer loop
      vertex 197.532 189.173 0
      vertex 203.95 192 0
      vertex 197.95 189.2 0
    endloop
  endfacet
  facet normal 0 0 -1
    outer loop
      vertex 197.122 189.091 0
      vertex 203.95 192 0
      vertex 197.532 189.173 0
    endloop
  endfacet
  facet normal 0 0 -1
    outer loop
      vertex 196.725 188.956 0
      vertex 203.95 192 0
      vertex 197.122 189.091 0
    endloop
  endfacet
  facet normal -0 0 -1
    outer loop
      vertex 194.859 185.172 0
      vertex 190.95 171 0
      vertex 194.777 185.582 0
    endloop
  endfacet
  facet normal 0 0 -1
    outer loop
      vertex 156 171 0
      vertex 194.777 185.582 0
      vertex 190.95 171 0
    endloop
  endfacet
  facet normal -0 0 -1
    outer loop
      vertex 194.777 185.582 0
      vertex 156 171 0
      vertex 194.75 186 0
    endloop
  endfacet
  facet normal -0 0 -1
    outer loop
      vertex 194.75 186 0
      vertex 156 171 0
      vertex 194.777 186.418 0
    endloop
  endfacet
  facet normal -0 0 -1
    outer loop
      vertex 194.777 186.418 0
      vertex 156 171 0
      vertex 194.859 186.828 0
    endloop
  endfacet
  facet normal 0 0 -1
    outer loop
      vertex 156 171 0
      vertex 194.994 187.225 0
      vertex 194.859 186.828 0
    endloop
  endfacet
  facet normal 0 0 -1
    outer loop
      vertex 156 171 0
      vertex 195.179 187.6 0
      vertex 194.994 187.225 0
    endloop
  endfacet
  facet normal 0 0 -1
    outer loop
      vertex 156 171 0
      vertex 195.411 187.948 0
      vertex 195.179 187.6 0
    endloop
  endfacet
  facet normal 0 0 -1
    outer loop
      vertex 156 171 0
      vertex 195.687 188.263 0
      vertex 195.411 187.948 0
    endloop
  endfacet
  facet normal 0 0 -1
    outer loop
      vertex 116.282 182.023 0
      vertex 195.687 188.263 0
      vertex 156 171 0
    endloop
  endfacet
  facet normal -0 0 -1
    outer loop
      vertex 195.687 188.263 0
      vertex 116.282 182.023 0
      vertex 196.002 188.539 0
    endloop
  endfacet
  facet normal -0 0 -1
    outer loop
      vertex 196.002 188.539 0
      vertex 116.282 182.023 0
      vertex 196.35 188.771 0
    endloop
  endfacet
  facet normal 0 0 -1
    outer loop
      vertex 117.735 180.685 0
      vertex 156 171 0
      vertex 154.141 170.542 0
    endloop
  endfacet
  facet normal -0 0 -1
    outer loop
      vertex 152 138 0
      vertex 119 111 0
      vertex 152 142 0
    endloop
  endfacet
  facet normal 0 0 -1
    outer loop
      vertex 119 177 0
      vertex 152 142 0
      vertex 119 111 0
    endloop
  endfacet
  facet normal 0 0 -1
    outer loop
      vertex 152 142 0
      vertex 119 177 0
      vertex 152 167 0
    endloop
  endfacet
  facet normal 0 0 -1
    outer loop
      vertex 152 167 0
      vertex 119 177 0
      vertex 152.708 169.272 0
    endloop
  endfacet
  facet normal 0 0 -1
    outer loop
      vertex 118.675 178.948 0
      vertex 152.708 169.272 0
      vertex 119 177 0
    endloop
  endfacet
  facet normal 0 0 -1
    outer loop
      vertex 152.708 169.272 0
      vertex 118.675 178.948 0
      vertex 154.141 170.542 0
    endloop
  endfacet
  facet normal 0 0 -1
    outer loop
      vertex 117.735 180.685 0
      vertex 154.141 170.542 0
      vertex 118.675 178.948 0
    endloop
  endfacet
  facet normal 0 0 -1
    outer loop
      vertex 156 171 0
      vertex 117.735 180.685 0
      vertex 116.282 182.023 0
    endloop
  endfacet
  facet normal 0 0 -1
    outer loop
      vertex 114.473 182.816 0
      vertex 196.35 188.771 0
      vertex 116.282 182.023 0
    endloop
  endfacet
  facet normal -0 0 -1
    outer loop
      vertex 196.35 188.771 0
      vertex 114.473 182.816 0
      vertex 196.725 188.956 0
    endloop
  endfacet
  facet normal -0 0 -1
    outer loop
      vertex 196.725 188.956 0
      vertex 114.473 182.816 0
      vertex 203.95 192 0
    endloop
  endfacet
  facet normal 0 0 -1
    outer loop
      vertex 113 183 0
      vertex 203.95 192 0
      vertex 114.473 182.816 0
    endloop
  endfacet
  facet normal 0 0 -1
    outer loop
      vertex 0 192 0
      vertex 113 183 0
      vertex 28 183 0
    endloop
  endfacet
  facet normal 0 0 -1
    outer loop
      vertex 22 111 0
      vertex 9.2 186 0
      vertex 22 177 0
    endloop
  endfacet
  facet normal 0 0 -1
    outer loop
      vertex 9.2 186 0
      vertex 22.1836 178.473 0
      vertex 22 177 0
    endloop
  endfacet
  facet normal 0 0 -1
    outer loop
      vertex 9.2 186 0
      vertex 22.977 180.282 0
      vertex 22.1836 178.473 0
    endloop
  endfacet
  facet normal 0 0 -1
    outer loop
      vertex 9.2 186 0
      vertex 24.3147 181.735 0
      vertex 22.977 180.282 0
    endloop
  endfacet
  facet normal 0 0 -1
    outer loop
      vertex 9.17262 186.418 0
      vertex 24.3147 181.735 0
      vertex 9.2 186 0
    endloop
  endfacet
  facet normal 0 0 -1
    outer loop
      vertex 9.09096 186.828 0
      vertex 24.3147 181.735 0
      vertex 9.17262 186.418 0
    endloop
  endfacet
  facet normal 0 0 -1
    outer loop
      vertex 8.95641 187.225 0
      vertex 24.3147 181.735 0
      vertex 9.09096 186.828 0
    endloop
  endfacet
  facet normal 0 0 -1
    outer loop
      vertex 24.3147 181.735 0
      vertex 8.95641 187.225 0
      vertex 26.0518 182.675 0
    endloop
  endfacet
  facet normal 0 0 -1
    outer loop
      vertex 8.77128 187.6 0
      vertex 26.0518 182.675 0
      vertex 8.95641 187.225 0
    endloop
  endfacet
  facet normal 0 0 -1
    outer loop
      vertex 8.53873 187.948 0
      vertex 26.0518 182.675 0
      vertex 8.77128 187.6 0
    endloop
  endfacet
  facet normal 0 0 -1
    outer loop
      vertex 8.26274 188.263 0
      vertex 26.0518 182.675 0
      vertex 8.53873 187.948 0
    endloop
  endfacet
  facet normal 0 0 -1
    outer loop
      vertex 26.0518 182.675 0
      vertex 8.26274 188.263 0
      vertex 28 183 0
    endloop
  endfacet
  facet normal 0 0 -1
    outer loop
      vertex 7.94804 188.539 0
      vertex 28 183 0
      vertex 8.26274 188.263 0
    endloop
  endfacet
  facet normal 0 0 -1
    outer loop
      vertex 7.6 188.771 0
      vertex 28 183 0
      vertex 7.94804 188.539 0
    endloop
  endfacet
  facet normal 0 0 -1
    outer loop
      vertex 7.22459 188.956 0
      vertex 28 183 0
      vertex 7.6 188.771 0
    endloop
  endfacet
  facet normal 0 0 -1
    outer loop
      vertex 0 192 0
      vertex 28 183 0
      vertex 7.22459 188.956 0
    endloop
  endfacet
  facet normal 0 0 -1
    outer loop
      vertex 0 192 0
      vertex 7.22459 188.956 0
      vertex 6.82822 189.091 0
    endloop
  endfacet
  facet normal 0 0 -1
    outer loop
      vertex 0 192 0
      vertex 6.82822 189.091 0
      vertex 6.41768 189.173 0
    endloop
  endfacet
  facet normal 0 0 -1
    outer loop
      vertex 0 192 0
      vertex 6.41768 189.173 0
      vertex 6 189.2 0
    endloop
  endfacet
  facet normal 0 0 -1
    outer loop
      vertex 113 183 0
      vertex 0 192 0
      vertex 203.95 192 0
    endloop
  endfacet
  facet normal 0 0 -1
    outer loop
      vertex 5.58232 189.173 0
      vertex 0 192 0
      vertex 6 189.2 0
    endloop
  endfacet
  facet normal 0 0 -1
    outer loop
      vertex 5.17178 189.091 0
      vertex 0 192 0
      vertex 5.58232 189.173 0
    endloop
  endfacet
  facet normal 0 0 -1
    outer loop
      vertex 4.77541 188.956 0
      vertex 0 192 0
      vertex 5.17178 189.091 0
    endloop
  endfacet
  facet normal 0 0 -1
    outer loop
      vertex 4.4 188.771 0
      vertex 0 192 0
      vertex 4.77541 188.956 0
    endloop
  endfacet
  facet normal 0 0 -1
    outer loop
      vertex 4.05196 188.539 0
      vertex 0 192 0
      vertex 4.4 188.771 0
    endloop
  endfacet
  facet normal 0 0 -1
    outer loop
      vertex 3.73726 188.263 0
      vertex 0 192 0
      vertex 4.05196 188.539 0
    endloop
  endfacet
  facet normal 0 0 -1
    outer loop
      vertex 3.46127 187.948 0
      vertex 0 192 0
      vertex 3.73726 188.263 0
    endloop
  endfacet
  facet normal 0 0 -1
    outer loop
      vertex 3.22872 187.6 0
      vertex 0 192 0
      vertex 3.46127 187.948 0
    endloop
  endfacet
  facet normal 0 0 -1
    outer loop
      vertex 3.04359 187.225 0
      vertex 0 192 0
      vertex 3.22872 187.6 0
    endloop
  endfacet
  facet normal 0 0 -1
    outer loop
      vertex 2.90904 186.828 0
      vertex 0 192 0
      vertex 3.04359 187.225 0
    endloop
  endfacet
  facet normal 0 0 -1
    outer loop
      vertex 2.82738 186.418 0
      vertex 0 192 0
      vertex 2.90904 186.828 0
    endloop
  endfacet
  facet normal 0 0 -1
    outer loop
      vertex 2.8 186 0
      vertex 0 192 0
      vertex 2.82738 186.418 0
    endloop
  endfacet
  facet normal 0 0 -1
    outer loop
      vertex 2.82738 185.582 0
      vertex 0 192 0
      vertex 2.8 186 0
    endloop
  endfacet
  facet normal -0 0 -1
    outer loop
      vertex 196.002 183.461 0
      vertex 190.95 171 0
      vertex 195.687 183.737 0
    endloop
  endfacet
  facet normal -0 0 -1
    outer loop
      vertex 195.687 183.737 0
      vertex 190.95 171 0
      vertex 195.411 184.052 0
    endloop
  endfacet
  facet normal -0 0 -1
    outer loop
      vertex 195.411 184.052 0
      vertex 190.95 171 0
      vertex 195.179 184.4 0
    endloop
  endfacet
  facet normal -0 0 -1
    outer loop
      vertex 195.179 184.4 0
      vertex 190.95 171 0
      vertex 194.994 184.775 0
    endloop
  endfacet
  facet normal -0 0 -1
    outer loop
      vertex 194.994 184.775 0
      vertex 190.95 171 0
      vertex 194.859 185.172 0
    endloop
  endfacet
  facet normal -1 0 0
    outer loop
      vertex 0 192 0
      vertex 0 180 4
      vertex 0 192 8
    endloop
  endfacet
  facet normal -1 0 0
    outer loop
      vertex 0 192 0
      vertex 0 12 4
      vertex 0 180 4
    endloop
  endfacet
  facet normal -1 0 0
    outer loop
      vertex 0 0 0
      vertex 0 12 4
      vertex 0 192 0
    endloop
  endfacet
  facet normal -1 0 0
    outer loop
      vertex 0 0 8
      vertex 0 12 4
      vertex 0 0 0
    endloop
  endfacet
  facet normal -1 0 0
    outer loop
      vertex 0 12 4
      vertex 0 0 8
      vertex 0 12 8
    endloop
  endfacet
  facet normal -1 -0 0
    outer loop
      vertex 0 192 8
      vertex 0 180 4
      vertex 0 180 8
    endloop
  endfacet
  facet normal 0 1 0
    outer loop
      vertex 203.95 192 8
      vertex 191.95 192 4
      vertex 191.95 192 8
    endloop
  endfacet
  facet normal 0 1 0
    outer loop
      vertex 191.95 192 4
      vertex 203.95 192 0
      vertex 12 192 4
    endloop
  endfacet
  facet normal 0 1 -0
    outer loop
      vertex 203.95 192 0
      vertex 191.95 192 4
      vertex 203.95 192 8
    endloop
  endfacet
  facet normal 0 1 -0
    outer loop
      vertex 12 192 4
      vertex 0 192 8
      vertex 12 192 8
    endloop
  endfacet
  facet normal 0 1 0
    outer loop
      vertex 12 192 4
      vertex 0 192 0
      vertex 0 192 8
    endloop
  endfacet
  facet normal 0 1 0
    outer loop
      vertex 0 192 0
      vertex 12 192 4
      vertex 203.95 192 0
    endloop
  endfacet
  facet normal 0 -1 0
    outer loop
      vertex 0 0 8
      vertex 12 0 4
      vertex 12 0 8
    endloop
  endfacet
  facet normal 0 -1 -0
    outer loop
      vertex 12 0 4
      vertex 0 0 0
      vertex 191.95 0 4
    endloop
  endfacet
  facet normal 0 -1 0
    outer loop
      vertex 0 0 0
      vertex 12 0 4
      vertex 0 0 8
    endloop
  endfacet
  facet normal 0 -1 0
    outer loop
      vertex 191.95 0 4
      vertex 203.95 0 8
      vertex 191.95 0 8
    endloop
  endfacet
  facet normal 0 -1 0
    outer loop
      vertex 191.95 0 4
      vertex 203.95 0 0
      vertex 203.95 0 8
    endloop
  endfacet
  facet normal 0 -1 0
    outer loop
      vertex 203.95 0 0
      vertex 191.95 0 4
      vertex 0 0 0
    endloop
  endfacet
  facet normal -0.95473 0.297473 0
    outer loop
      vertex 194.242 22.7277 0
      vertex 194.95 25 4
      vertex 194.95 25 0
    endloop
  endfacet
  facet normal -0.95473 0.297473 0
    outer loop
      vertex 194.95 25 4
      vertex 194.242 22.7277 0
      vertex 194.242 22.7277 4
    endloop
  endfacet
  facet normal 0.954719 -0.297509 0
    outer loop
      vertex 152 167 4
      vertex 152.708 169.272 0
      vertex 152.708 169.272 4
    endloop
  endfacet
  facet normal 0.954719 -0.297509 0
    outer loop
      vertex 152.708 169.272 0
      vertex 152 167 4
      vertex 152 167 0
    endloop
  endfacet
  facet normal 0 1 -0
    outer loop
      vertex 190.95 21 0
      vertex 156 21 4
      vertex 190.95 21 4
    endloop
  endfacet
  facet normal 0 1 0
    outer loop
      vertex 156 21 4
      vertex 190.95 21 0
      vertex 156 21 0
    endloop
  endfacet
  facet normal -0.663115 0.748518 0
    outer loop
      vertex 194.242 22.7277 0
      vertex 192.809 21.4582 4
      vertex 194.242 22.7277 4
    endloop
  endfacet
  facet normal -0.663115 0.748518 0
    outer loop
      vertex 192.809 21.4582 4
      vertex 194.242 22.7277 0
      vertex 192.809 21.4582 0
    endloop
  endfacet
  facet normal -0.748388 -0.663261 0
    outer loop
      vertex 194.492 168.859 0
      vertex 193.222 170.292 4
      vertex 193.222 170.292 0
    endloop
  endfacet
  facet normal -0.748388 -0.663261 0
    outer loop
      vertex 193.222 170.292 4
      vertex 194.492 168.859 0
      vertex 194.492 168.859 4
    endloop
  endfacet
  facet normal -0.239315 0.970942 0
    outer loop
      vertex 192.809 21.4582 0
      vertex 190.95 21 4
      vertex 192.809 21.4582 4
    endloop
  endfacet
  facet normal -0.239315 0.970942 0
    outer loop
      vertex 190.95 21 4
      vertex 192.809 21.4582 0
      vertex 190.95 21 0
    endloop
  endfacet
  facet normal 0.970963 0.239228 0
    outer loop
      vertex 152.458 23.1411 4
      vertex 152 25 0
      vertex 152 25 4
    endloop
  endfacet
  facet normal 0.970963 0.239228 0
    outer loop
      vertex 152 25 0
      vertex 152.458 23.1411 4
      vertex 152.458 23.1411 0
    endloop
  endfacet
  facet normal -0.297509 -0.954719 0
    outer loop
      vertex 190.95 171 0
      vertex 193.222 170.292 4
      vertex 190.95 171 4
    endloop
  endfacet
  facet normal -0.297509 -0.954719 -0
    outer loop
      vertex 193.222 170.292 4
      vertex 190.95 171 0
      vertex 193.222 170.292 0
    endloop
  endfacet
  facet normal -1 0 0
    outer loop
      vertex 194.95 25 0
      vertex 194.95 167 4
      vertex 194.95 167 0
    endloop
  endfacet
  facet normal -1 -0 0
    outer loop
      vertex 194.95 167 4
      vertex 194.95 25 0
      vertex 194.95 25 4
    endloop
  endfacet
  facet normal 1 -0 0
    outer loop
      vertex 152 25 4
      vertex 152 50 0
      vertex 152 50 4
    endloop
  endfacet
  facet normal 1 0 0
    outer loop
      vertex 152 50 0
      vertex 152 25 4
      vertex 152 25 0
    endloop
  endfacet
  facet normal 1 -0 0
    outer loop
      vertex 152 142 4
      vertex 152 167 0
      vertex 152 167 4
    endloop
  endfacet
  facet normal 1 0 0
    outer loop
      vertex 152 167 0
      vertex 152 142 4
      vertex 152 142 0
    endloop
  endfacet
  facet normal 1 -0 0
    outer loop
      vertex 152 54 4
      vertex 152 138 0
      vertex 152 138 4
    endloop
  endfacet
  facet normal 1 0 0
    outer loop
      vertex 152 138 0
      vertex 152 54 4
      vertex 152 54 0
    endloop
  endfacet
  facet normal -0.970966 -0.239216 0
    outer loop
      vertex 194.95 167 0
      vertex 194.492 168.859 4
      vertex 194.492 168.859 0
    endloop
  endfacet
  facet normal -0.970966 -0.239216 0
    outer loop
      vertex 194.492 168.859 4
      vertex 194.95 167 0
      vertex 194.95 167 4
    endloop
  endfacet
  facet normal 0.748388 0.663261 0
    outer loop
      vertex 153.728 21.7081 4
      vertex 152.458 23.1411 0
      vertex 152.458 23.1411 4
    endloop
  endfacet
  facet normal 0.748388 0.663261 0
    outer loop
      vertex 152.458 23.1411 0
      vertex 153.728 21.7081 4
      vertex 153.728 21.7081 0
    endloop
  endfacet
  facet normal 0.297548 0.954707 -0
    outer loop
      vertex 156 21 0
      vertex 153.728 21.7081 4
      vertex 156 21 4
    endloop
  endfacet
  facet normal 0.297548 0.954707 0
    outer loop
      vertex 153.728 21.7081 4
      vertex 156 21 0
      vertex 153.728 21.7081 0
    endloop
  endfacet
  facet normal 0 -1 0
    outer loop
      vertex 156 171 0
      vertex 190.95 171 4
      vertex 156 171 4
    endloop
  endfacet
  facet normal 0 -1 -0
    outer loop
      vertex 190.95 171 4
      vertex 156 171 0
      vertex 190.95 171 0
    endloop
  endfacet
  facet normal 0.239216 -0.970966 0
    outer loop
      vertex 154.141 170.542 0
      vertex 156 171 4
      vertex 154.141 170.542 4
    endloop
  endfacet
  facet normal 0.239216 -0.970966 0
    outer loop
      vertex 156 171 4
      vertex 154.141 170.542 0
      vertex 156 171 0
    endloop
  endfacet
  facet normal 0.663261 -0.748388 0
    outer loop
      vertex 152.708 169.272 0
      vertex 154.141 170.542 4
      vertex 152.708 169.272 4
    endloop
  endfacet
  facet normal 0.663261 -0.748388 0
    outer loop
      vertex 154.141 170.542 4
      vertex 152.708 169.272 0
      vertex 154.141 170.542 0
    endloop
  endfacet
  facet normal 1 -0 0
    outer loop
      vertex 12 0 8
      vertex 12 9 4
      vertex 12 9 8
    endloop
  endfacet
  facet normal 1 0 0
    outer loop
      vertex 12 9 4
      vertex 12 0 8
      vertex 12 0 4
    endloop
  endfacet
  facet normal 0 0 1
    outer loop
      vertex 10.6606 9.26642 8
      vertex 6.69401 6.09137 8
      vertex 6.7 6 8
    endloop
  endfacet
  facet normal 0 0 1
    outer loop
      vertex 8.56725 11.8172 8
      vertex 6.67615 6.18117 8
      vertex 6.69401 6.09137 8
    endloop
  endfacet
  facet normal 0 0 1
    outer loop
      vertex 8.56725 11.8172 8
      vertex 6.64672 6.26788 8
      vertex 6.67615 6.18117 8
    endloop
  endfacet
  facet normal 0 0 1
    outer loop
      vertex 8.56725 11.8172 8
      vertex 6.60622 6.35 8
      vertex 6.64672 6.26788 8
    endloop
  endfacet
  facet normal 0 0 1
    outer loop
      vertex 8.56725 11.8172 8
      vertex 6.55535 6.42613 8
      vertex 6.60622 6.35 8
    endloop
  endfacet
  facet normal 0 0 1
    outer loop
      vertex 8.56725 11.8172 8
      vertex 6.49497 6.49497 8
      vertex 6.55535 6.42613 8
    endloop
  endfacet
  facet normal 0 0 1
    outer loop
      vertex 8.56725 11.8172 8
      vertex 6.42613 6.55535 8
      vertex 6.49497 6.49497 8
    endloop
  endfacet
  facet normal 0 0 1
    outer loop
      vertex 8.56725 11.8172 8
      vertex 6.35 6.60622 8
      vertex 6.42613 6.55535 8
    endloop
  endfacet
  facet normal 0 0 1
    outer loop
      vertex 8.56725 11.8172 8
      vertex 6.26788 6.64672 8
      vertex 6.35 6.60622 8
    endloop
  endfacet
  facet normal 0 0 1
    outer loop
      vertex 8.56725 11.8172 8
      vertex 6.18117 6.67615 8
      vertex 6.26788 6.64672 8
    endloop
  endfacet
  facet normal 0 0 1
    outer loop
      vertex 8.56725 11.8172 8
      vertex 6.09137 6.69401 8
      vertex 6.18117 6.67615 8
    endloop
  endfacet
  facet normal 0 0 1
    outer loop
      vertex 8.56725 11.8172 8
      vertex 6 6.7 8
      vertex 6.09137 6.69401 8
    endloop
  endfacet
  facet normal 0 0 1
    outer loop
      vertex 8.56725 11.8172 8
      vertex 5.90863 6.69401 8
      vertex 6 6.7 8
    endloop
  endfacet
  facet normal 0 0 1
    outer loop
      vertex 8.56725 11.8172 8
      vertex 5.81883 6.67615 8
      vertex 5.90863 6.69401 8
    endloop
  endfacet
  facet normal 0 0 1
    outer loop
      vertex 8.56725 11.8172 8
      vertex 5.73212 6.64672 8
      vertex 5.81883 6.67615 8
    endloop
  endfacet
  facet normal 0 0 1
    outer loop
      vertex 8.56725 11.8172 8
      vertex 0 12 8
      vertex 5.73212 6.64672 8
    endloop
  endfacet
  facet normal 0 0 1
    outer loop
      vertex 5.73212 6.64672 8
      vertex 0 12 8
      vertex 5.65 6.60622 8
    endloop
  endfacet
  facet normal 0 0 1
    outer loop
      vertex 5.65 6.60622 8
      vertex 0 12 8
      vertex 5.57387 6.55535 8
    endloop
  endfacet
  facet normal 0 0 1
    outer loop
      vertex 5.57387 6.55535 8
      vertex 0 12 8
      vertex 5.50503 6.49497 8
    endloop
  endfacet
  facet normal 0 0 1
    outer loop
      vertex 5.50503 6.49497 8
      vertex 0 12 8
      vertex 5.44465 6.42613 8
    endloop
  endfacet
  facet normal 0 0 1
    outer loop
      vertex 5.30599 6.09137 8
      vertex 0 12 8
      vertex 5.3 6 8
    endloop
  endfacet
  facet normal 0 0 1
    outer loop
      vertex 5.32385 6.18117 8
      vertex 0 12 8
      vertex 5.30599 6.09137 8
    endloop
  endfacet
  facet normal 0 0 1
    outer loop
      vertex 5.35328 6.26788 8
      vertex 0 12 8
      vertex 5.32385 6.18117 8
    endloop
  endfacet
  facet normal 0 0 1
    outer loop
      vertex 5.39378 6.35 8
      vertex 0 12 8
      vertex 5.35328 6.26788 8
    endloop
  endfacet
  facet normal 0 0 1
    outer loop
      vertex 5.44465 6.42613 8
      vertex 0 12 8
      vertex 5.39378 6.35 8
    endloop
  endfacet
  facet normal 0 0 1
    outer loop
      vertex 11.3172 9.06725 8
      vertex 12 0 8
      vertex 12 9 8
    endloop
  endfacet
  facet normal 0 0 1
    outer loop
      vertex 6.7 6 8
      vertex 11.3172 9.06725 8
      vertex 10.6606 9.26642 8
    endloop
  endfacet
  facet normal 0 0 1
    outer loop
      vertex 6.69401 6.09137 8
      vertex 10.6606 9.26642 8
      vertex 10.0555 9.58986 8
    endloop
  endfacet
  facet normal 0 0 1
    outer loop
      vertex 6.69401 6.09137 8
      vertex 10.0555 9.58986 8
      vertex 9.52513 10.0251 8
    endloop
  endfacet
  facet normal 0 0 1
    outer loop
      vertex 6.69401 6.09137 8
      vertex 9.52513 10.0251 8
      vertex 9.08986 10.5555 8
    endloop
  endfacet
  facet normal 0 0 1
    outer loop
      vertex 6.69401 6.09137 8
      vertex 9.08986 10.5555 8
      vertex 8.76642 11.1606 8
    endloop
  endfacet
  facet normal 0 0 1
    outer loop
      vertex 6.69401 6.09137 8
      vertex 8.76642 11.1606 8
      vertex 8.56725 11.8172 8
    endloop
  endfacet
  facet normal -0 0 1
    outer loop
      vertex 0 12 8
      vertex 8.56725 11.8172 8
      vertex 8.54925 12 8
    endloop
  endfacet
  facet normal 0 0 1
    outer loop
      vertex 11.3172 9.06725 8
      vertex 6.7 6 8
      vertex 6.69401 5.90863 8
    endloop
  endfacet
  facet normal 0 0 1
    outer loop
      vertex 11.3172 9.06725 8
      vertex 6.69401 5.90863 8
      vertex 6.67615 5.81883 8
    endloop
  endfacet
  facet normal 0 0 1
    outer loop
      vertex 11.3172 9.06725 8
      vertex 6.67615 5.81883 8
      vertex 12 0 8
    endloop
  endfacet
  facet normal -0 0 1
    outer loop
      vertex 6.64672 5.73212 8
      vertex 12 0 8
      vertex 6.67615 5.81883 8
    endloop
  endfacet
  facet normal -0 0 1
    outer loop
      vertex 6.60622 5.65 8
      vertex 12 0 8
      vertex 6.64672 5.73212 8
    endloop
  endfacet
  facet normal -0 0 1
    outer loop
      vertex 6.55535 5.57387 8
      vertex 12 0 8
      vertex 6.60622 5.65 8
    endloop
  endfacet
  facet normal -0 0 1
    outer loop
      vertex 6.49497 5.50503 8
      vertex 12 0 8
      vertex 6.55535 5.57387 8
    endloop
  endfacet
  facet normal -0 0 1
    outer loop
      vertex 6.42613 5.44465 8
      vertex 12 0 8
      vertex 6.49497 5.50503 8
    endloop
  endfacet
  facet normal -0 0 1
    outer loop
      vertex 6.35 5.39378 8
      vertex 12 0 8
      vertex 6.42613 5.44465 8
    endloop
  endfacet
  facet normal -0 0 1
    outer loop
      vertex 6.26788 5.35328 8
      vertex 12 0 8
      vertex 6.35 5.39378 8
    endloop
  endfacet
  facet normal -0 0 1
    outer loop
      vertex 6.18117 5.32385 8
      vertex 12 0 8
      vertex 6.26788 5.35328 8
    endloop
  endfacet
  facet normal -0 0 1
    outer loop
      vertex 6.09137 5.30599 8
      vertex 12 0 8
      vertex 6.18117 5.32385 8
    endloop
  endfacet
  facet normal -0 0 1
    outer loop
      vertex 6 5.3 8
      vertex 12 0 8
      vertex 6.09137 5.30599 8
    endloop
  endfacet
  facet normal 0 0 1
    outer loop
      vertex 0 0 8
      vertex 6 5.3 8
      vertex 5.90863 5.30599 8
    endloop
  endfacet
  facet normal 0 0 1
    outer loop
      vertex 0 0 8
      vertex 5.90863 5.30599 8
      vertex 5.81883 5.32385 8
    endloop
  endfacet
  facet normal 0 0 1
    outer loop
      vertex 0 0 8
      vertex 5.81883 5.32385 8
      vertex 5.73212 5.35328 8
    endloop
  endfacet
  facet normal 0 0 1
    outer loop
      vertex 0 0 8
      vertex 5.73212 5.35328 8
      vertex 5.65 5.39378 8
    endloop
  endfacet
  facet normal 0 0 1
    outer loop
      vertex 0 0 8
      vertex 5.65 5.39378 8
      vertex 5.57387 5.44465 8
    endloop
  endfacet
  facet normal 0 0 1
    outer loop
      vertex 0 0 8
      vertex 5.3 6 8
      vertex 0 12 8
    endloop
  endfacet
  facet normal 0 0 1
    outer loop
      vertex 5.3 6 8
      vertex 0 0 8
      vertex 5.30599 5.90863 8
    endloop
  endfacet
  facet normal 0 0 1
    outer loop
      vertex 5.30599 5.90863 8
      vertex 0 0 8
      vertex 5.32385 5.81883 8
    endloop
  endfacet
  facet normal 0 0 1
    outer loop
      vertex 5.32385 5.81883 8
      vertex 0 0 8
      vertex 5.35328 5.73212 8
    endloop
  endfacet
  facet normal 0 0 1
    outer loop
      vertex 5.35328 5.73212 8
      vertex 0 0 8
      vertex 5.39378 5.65 8
    endloop
  endfacet
  facet normal 0 0 1
    outer loop
      vertex 6 5.3 8
      vertex 0 0 8
      vertex 12 0 8
    endloop
  endfacet
  facet normal 0 0 1
    outer loop
      vertex 5.50503 5.50503 8
      vertex 0 0 8
      vertex 5.57387 5.44465 8
    endloop
  endfacet
  facet normal 0 0 1
    outer loop
      vertex 5.44465 5.57387 8
      vertex 0 0 8
      vertex 5.50503 5.50503 8
    endloop
  endfacet
  facet normal 0 0 1
    outer loop
      vertex 5.39378 5.65 8
      vertex 0 0 8
      vertex 5.44465 5.57387 8
    endloop
  endfacet
  facet normal 0 1 -0
    outer loop
      vertex 8.54925 12 4
      vertex 0 12 8
      vertex 8.54925 12 8
    endloop
  endfacet
  facet normal 0 1 0
    outer loop
      vertex 0 12 8
      vertex 8.54925 12 4
      vertex 0 12 4
    endloop
  endfacet
  facet normal 1 -0 0
    outer loop
      vertex 12 183 8
      vertex 12 192 4
      vertex 12 192 8
    endloop
  endfacet
  facet normal 1 0 0
    outer loop
      vertex 12 192 4
      vertex 12 183 8
      vertex 12 183 4
    endloop
  endfacet
  facet normal 0 0 1
    outer loop
      vertex 12 192 8
      vertex 11.3172 182.933 8
      vertex 12 183 8
    endloop
  endfacet
  facet normal -0 0 1
    outer loop
      vertex 6.67615 186.181 8
      vertex 11.3172 182.933 8
      vertex 12 192 8
    endloop
  endfacet
  facet normal -0 -0 1
    outer loop
      vertex 6.69401 186.091 8
      vertex 11.3172 182.933 8
      vertex 6.67615 186.181 8
    endloop
  endfacet
  facet normal 0 0 1
    outer loop
      vertex 11.3172 182.933 8
      vertex 6.7 186 8
      vertex 10.6606 182.734 8
    endloop
  endfacet
  facet normal -0 0 1
    outer loop
      vertex 6.69401 185.909 8
      vertex 10.6606 182.734 8
      vertex 6.7 186 8
    endloop
  endfacet
  facet normal -0 0 1
    outer loop
      vertex 6.64672 185.732 8
      vertex 10.6606 182.734 8
      vertex 6.67615 185.819 8
    endloop
  endfacet
  facet normal 0 0 1
    outer loop
      vertex 10.6606 182.734 8
      vertex 6.64672 185.732 8
      vertex 10.0555 182.41 8
    endloop
  endfacet
  facet normal -0 0 1
    outer loop
      vertex 6.55535 185.574 8
      vertex 10.0555 182.41 8
      vertex 6.60622 185.65 8
    endloop
  endfacet
  facet normal -0 0 1
    outer loop
      vertex 6.60622 185.65 8
      vertex 10.0555 182.41 8
      vertex 6.64672 185.732 8
    endloop
  endfacet
  facet normal -0 0 1
    outer loop
      vertex 6.67615 185.819 8
      vertex 10.6606 182.734 8
      vertex 6.69401 185.909 8
    endloop
  endfacet
  facet normal -0 -0 1
    outer loop
      vertex 6.7 186 8
      vertex 11.3172 182.933 8
      vertex 6.69401 186.091 8
    endloop
  endfacet
  facet normal 0 0 1
    outer loop
      vertex 12 192 8
      vertex 6.64672 186.268 8
      vertex 6.67615 186.181 8
    endloop
  endfacet
  facet normal 0 0 1
    outer loop
      vertex 12 192 8
      vertex 6.60622 186.35 8
      vertex 6.64672 186.268 8
    endloop
  endfacet
  facet normal 0 0 1
    outer loop
      vertex 12 192 8
      vertex 6.55535 186.426 8
      vertex 6.60622 186.35 8
    endloop
  endfacet
  facet normal 0 0 1
    outer loop
      vertex 12 192 8
      vertex 6.49497 186.495 8
      vertex 6.55535 186.426 8
    endloop
  endfacet
  facet normal 0 0 1
    outer loop
      vertex 12 192 8
      vertex 6.42613 186.555 8
      vertex 6.49497 186.495 8
    endloop
  endfacet
  facet normal 0 0 1
    outer loop
      vertex 12 192 8
      vertex 6.35 186.606 8
      vertex 6.42613 186.555 8
    endloop
  endfacet
  facet normal 0 0 1
    outer loop
      vertex 12 192 8
      vertex 6.26788 186.647 8
      vertex 6.35 186.606 8
    endloop
  endfacet
  facet normal 0 0 1
    outer loop
      vertex 12 192 8
      vertex 6.18117 186.676 8
      vertex 6.26788 186.647 8
    endloop
  endfacet
  facet normal 0 0 1
    outer loop
      vertex 12 192 8
      vertex 6.09137 186.694 8
      vertex 6.18117 186.676 8
    endloop
  endfacet
  facet normal 0 0 1
    outer loop
      vertex 12 192 8
      vertex 6 186.7 8
      vertex 6.09137 186.694 8
    endloop
  endfacet
  facet normal -0 0 1
    outer loop
      vertex 0 192 8
      vertex 6 186.7 8
      vertex 12 192 8
    endloop
  endfacet
  facet normal 0 0 1
    outer loop
      vertex 6 186.7 8
      vertex 0 192 8
      vertex 5.90863 186.694 8
    endloop
  endfacet
  facet normal 0 0 1
    outer loop
      vertex 5.90863 186.694 8
      vertex 0 192 8
      vertex 5.81883 186.676 8
    endloop
  endfacet
  facet normal 0 0 1
    outer loop
      vertex 5.81883 186.676 8
      vertex 0 192 8
      vertex 5.73212 186.647 8
    endloop
  endfacet
  facet normal 0 0 1
    outer loop
      vertex 5.73212 186.647 8
      vertex 0 192 8
      vertex 5.65 186.606 8
    endloop
  endfacet
  facet normal 0 0 1
    outer loop
      vertex 5.30599 186.091 8
      vertex 0 192 8
      vertex 5.3 186 8
    endloop
  endfacet
  facet normal 0 0 1
    outer loop
      vertex 5.32385 186.181 8
      vertex 0 192 8
      vertex 5.30599 186.091 8
    endloop
  endfacet
  facet normal 0 0 1
    outer loop
      vertex 5.35328 186.268 8
      vertex 0 192 8
      vertex 5.32385 186.181 8
    endloop
  endfacet
  facet normal 0 0 1
    outer loop
      vertex 5.39378 186.35 8
      vertex 0 192 8
      vertex 5.35328 186.268 8
    endloop
  endfacet
  facet normal 0 0 1
    outer loop
      vertex 5.44465 186.426 8
      vertex 0 192 8
      vertex 5.39378 186.35 8
    endloop
  endfacet
  facet normal 0 0 1
    outer loop
      vertex 5.50503 186.495 8
      vertex 0 192 8
      vertex 5.44465 186.426 8
    endloop
  endfacet
  facet normal 0 0 1
    outer loop
      vertex 5.57387 186.555 8
      vertex 0 192 8
      vertex 5.50503 186.495 8
    endloop
  endfacet
  facet normal 0 0 1
    outer loop
      vertex 5.65 186.606 8
      vertex 0 192 8
      vertex 5.57387 186.555 8
    endloop
  endfacet
  facet normal 0 0 1
    outer loop
      vertex 10.0555 182.41 8
      vertex 6.55535 185.574 8
      vertex 9.52513 181.975 8
    endloop
  endfacet
  facet normal -0 0 1
    outer loop
      vertex 6.49497 185.505 8
      vertex 9.52513 181.975 8
      vertex 6.55535 185.574 8
    endloop
  endfacet
  facet normal -0 0 1
    outer loop
      vertex 6.42613 185.445 8
      vertex 9.52513 181.975 8
      vertex 6.49497 185.505 8
    endloop
  endfacet
  facet normal -0 0 1
    outer loop
      vertex 6.35 185.394 8
      vertex 9.52513 181.975 8
      vertex 6.42613 185.445 8
    endloop
  endfacet
  facet normal 0 0 1
    outer loop
      vertex 9.52513 181.975 8
      vertex 6.35 185.394 8
      vertex 9.08986 181.444 8
    endloop
  endfacet
  facet normal -0 0 1
    outer loop
      vertex 6.26788 185.353 8
      vertex 9.08986 181.444 8
      vertex 6.35 185.394 8
    endloop
  endfacet
  facet normal -0 0 1
    outer loop
      vertex 6.18117 185.324 8
      vertex 9.08986 181.444 8
      vertex 6.26788 185.353 8
    endloop
  endfacet
  facet normal -0 0 1
    outer loop
      vertex 6.09137 185.306 8
      vertex 9.08986 181.444 8
      vertex 6.18117 185.324 8
    endloop
  endfacet
  facet normal 0 0 1
    outer loop
      vertex 9.08986 181.444 8
      vertex 6.09137 185.306 8
      vertex 8.76642 180.839 8
    endloop
  endfacet
  facet normal -0 0 1
    outer loop
      vertex 6 185.3 8
      vertex 8.76642 180.839 8
      vertex 6.09137 185.306 8
    endloop
  endfacet
  facet normal 0 0 1
    outer loop
      vertex 5.90863 185.306 8
      vertex 8.76642 180.839 8
      vertex 6 185.3 8
    endloop
  endfacet
  facet normal 0 0 1
    outer loop
      vertex 5.81883 185.324 8
      vertex 8.76642 180.839 8
      vertex 5.90863 185.306 8
    endloop
  endfacet
  facet normal 0 0 1
    outer loop
      vertex 8.76642 180.839 8
      vertex 5.81883 185.324 8
      vertex 8.56725 180.183 8
    endloop
  endfacet
  facet normal 0 0 1
    outer loop
      vertex 5.73212 185.353 8
      vertex 8.56725 180.183 8
      vertex 5.81883 185.324 8
    endloop
  endfacet
  facet normal 0 0 1
    outer loop
      vertex 0 180 8
      vertex 8.56725 180.183 8
      vertex 5.73212 185.353 8
    endloop
  endfacet
  facet normal 0 0 1
    outer loop
      vertex 0 180 8
      vertex 5.73212 185.353 8
      vertex 5.65 185.394 8
    endloop
  endfacet
  facet normal 0 0 1
    outer loop
      vertex 0 180 8
      vertex 5.65 185.394 8
      vertex 5.57387 185.445 8
    endloop
  endfacet
  facet normal 0 0 1
    outer loop
      vertex 0 180 8
      vertex 5.57387 185.445 8
      vertex 5.50503 185.505 8
    endloop
  endfacet
  facet normal 0 0 1
    outer loop
      vertex 0 180 8
      vertex 5.50503 185.505 8
      vertex 5.44465 185.574 8
    endloop
  endfacet
  facet normal 0 0 1
    outer loop
      vertex 0 180 8
      vertex 5.44465 185.574 8
      vertex 5.39378 185.65 8
    endloop
  endfacet
  facet normal 0 0 1
    outer loop
      vertex 0 180 8
      vertex 5.3 186 8
      vertex 0 192 8
    endloop
  endfacet
  facet normal 0 0 1
    outer loop
      vertex 5.3 186 8
      vertex 0 180 8
      vertex 5.30599 185.909 8
    endloop
  endfacet
  facet normal 0 0 1
    outer loop
      vertex 5.30599 185.909 8
      vertex 0 180 8
      vertex 5.32385 185.819 8
    endloop
  endfacet
  facet normal 0 0 1
    outer loop
      vertex 5.32385 185.819 8
      vertex 0 180 8
      vertex 5.35328 185.732 8
    endloop
  endfacet
  facet normal 0 0 1
    outer loop
      vertex 5.35328 185.732 8
      vertex 0 180 8
      vertex 5.39378 185.65 8
    endloop
  endfacet
  facet normal 0 0 1
    outer loop
      vertex 8.56725 180.183 8
      vertex 0 180 8
      vertex 8.54925 180 8
    endloop
  endfacet
  facet normal 0 -1 0
    outer loop
      vertex 0 180 4
      vertex 8.54925 180 8
      vertex 0 180 8
    endloop
  endfacet
  facet normal 0 -1 -0
    outer loop
      vertex 8.54925 180 8
      vertex 0 180 4
      vertex 8.54925 180 4
    endloop
  endfacet
  facet normal 0 0 1
    outer loop
      vertex 203.95 12 8
      vertex 198.65 6 8
      vertex 203.95 0 8
    endloop
  endfacet
  facet normal 0 0 1
    outer loop
      vertex 203.95 12 8
      vertex 198.644 6.09137 8
      vertex 198.65 6 8
    endloop
  endfacet
  facet normal 0 0 1
    outer loop
      vertex 203.95 12 8
      vertex 198.626 6.18117 8
      vertex 198.644 6.09137 8
    endloop
  endfacet
  facet normal 0 0 1
    outer loop
      vertex 203.95 12 8
      vertex 198.597 6.26788 8
      vertex 198.626 6.18117 8
    endloop
  endfacet
  facet normal 0 0 1
    outer loop
      vertex 203.95 12 8
      vertex 198.556 6.35 8
      vertex 198.597 6.26788 8
    endloop
  endfacet
  facet normal 0 0 1
    outer loop
      vertex 203.95 12 8
      vertex 198.505 6.42613 8
      vertex 198.556 6.35 8
    endloop
  endfacet
  facet normal 0 0 1
    outer loop
      vertex 203.95 12 8
      vertex 198.445 6.49497 8
      vertex 198.505 6.42613 8
    endloop
  endfacet
  facet normal 0 0 1
    outer loop
      vertex 203.95 12 8
      vertex 198.376 6.55535 8
      vertex 198.445 6.49497 8
    endloop
  endfacet
  facet normal 0 0 1
    outer loop
      vertex 203.95 12 8
      vertex 198.3 6.60622 8
      vertex 198.376 6.55535 8
    endloop
  endfacet
  facet normal 0 0 1
    outer loop
      vertex 203.95 12 8
      vertex 198.218 6.64672 8
      vertex 198.3 6.60622 8
    endloop
  endfacet
  facet normal 0 0 1
    outer loop
      vertex 203.95 12 8
      vertex 198.131 6.67615 8
      vertex 198.218 6.64672 8
    endloop
  endfacet
  facet normal 0 0 1
    outer loop
      vertex 203.95 12 8
      vertex 198.041 6.69401 8
      vertex 198.131 6.67615 8
    endloop
  endfacet
  facet normal 0 0 1
    outer loop
      vertex 203.95 12 8
      vertex 197.95 6.7 8
      vertex 198.041 6.69401 8
    endloop
  endfacet
  facet normal -0 0 1
    outer loop
      vertex 191.95 12 8
      vertex 197.95 6.7 8
      vertex 203.95 12 8
    endloop
  endfacet
  facet normal 0 0 1
    outer loop
      vertex 197.95 6.7 8
      vertex 191.95 12 8
      vertex 197.859 6.69401 8
    endloop
  endfacet
  facet normal 0 0 1
    outer loop
      vertex 197.859 6.69401 8
      vertex 191.95 12 8
      vertex 197.769 6.67615 8
    endloop
  endfacet
  facet normal 0 0 1
    outer loop
      vertex 197.769 6.67615 8
      vertex 191.95 12 8
      vertex 197.682 6.64672 8
    endloop
  endfacet
  facet normal 0 0 1
    outer loop
      vertex 197.682 6.64672 8
      vertex 191.95 12 8
      vertex 197.6 6.60622 8
    endloop
  endfacet
  facet normal 0 0 1
    outer loop
      vertex 197.256 6.09137 8
      vertex 191.95 12 8
      vertex 197.25 6 8
    endloop
  endfacet
  facet normal 0 0 1
    outer loop
      vertex 197.274 6.18117 8
      vertex 191.95 12 8
      vertex 197.256 6.09137 8
    endloop
  endfacet
  facet normal 0 0 1
    outer loop
      vertex 197.303 6.26788 8
      vertex 191.95 12 8
      vertex 197.274 6.18117 8
    endloop
  endfacet
  facet normal 0 0 1
    outer loop
      vertex 197.344 6.35 8
      vertex 191.95 12 8
      vertex 197.303 6.26788 8
    endloop
  endfacet
  facet normal 0 0 1
    outer loop
      vertex 197.395 6.42613 8
      vertex 191.95 12 8
      vertex 197.344 6.35 8
    endloop
  endfacet
  facet normal 0 0 1
    outer loop
      vertex 197.455 6.49497 8
      vertex 191.95 12 8
      vertex 197.395 6.42613 8
    endloop
  endfacet
  facet normal 0 0 1
    outer loop
      vertex 197.524 6.55535 8
      vertex 191.95 12 8
      vertex 197.455 6.49497 8
    endloop
  endfacet
  facet normal 0 0 1
    outer loop
      vertex 197.6 6.60622 8
      vertex 191.95 12 8
      vertex 197.524 6.55535 8
    endloop
  endfacet
  facet normal -0 0 1
    outer loop
      vertex 198.644 5.90863 8
      vertex 203.95 0 8
      vertex 198.65 6 8
    endloop
  endfacet
  facet normal -0 0 1
    outer loop
      vertex 198.626 5.81883 8
      vertex 203.95 0 8
      vertex 198.644 5.90863 8
    endloop
  endfacet
  facet normal -0 0 1
    outer loop
      vertex 198.597 5.73212 8
      vertex 203.95 0 8
      vertex 198.626 5.81883 8
    endloop
  endfacet
  facet normal -0 0 1
    outer loop
      vertex 198.556 5.65 8
      vertex 203.95 0 8
      vertex 198.597 5.73212 8
    endloop
  endfacet
  facet normal -0 0 1
    outer loop
      vertex 198.505 5.57387 8
      vertex 203.95 0 8
      vertex 198.556 5.65 8
    endloop
  endfacet
  facet normal -0 0 1
    outer loop
      vertex 198.445 5.50503 8
      vertex 203.95 0 8
      vertex 198.505 5.57387 8
    endloop
  endfacet
  facet normal -0 0 1
    outer loop
      vertex 198.376 5.44465 8
      vertex 203.95 0 8
      vertex 198.445 5.50503 8
    endloop
  endfacet
  facet normal -0 0 1
    outer loop
      vertex 198.3 5.39378 8
      vertex 203.95 0 8
      vertex 198.376 5.44465 8
    endloop
  endfacet
  facet normal -0 0 1
    outer loop
      vertex 198.218 5.35328 8
      vertex 203.95 0 8
      vertex 198.3 5.39378 8
    endloop
  endfacet
  facet normal -0 0 1
    outer loop
      vertex 198.131 5.32385 8
      vertex 203.95 0 8
      vertex 198.218 5.35328 8
    endloop
  endfacet
  facet normal -0 0 1
    outer loop
      vertex 198.041 5.30599 8
      vertex 203.95 0 8
      vertex 198.131 5.32385 8
    endloop
  endfacet
  facet normal -0 0 1
    outer loop
      vertex 197.95 5.3 8
      vertex 203.95 0 8
      vertex 198.041 5.30599 8
    endloop
  endfacet
  facet normal 0 0 1
    outer loop
      vertex 191.95 0 8
      vertex 197.95 5.3 8
      vertex 197.859 5.30599 8
    endloop
  endfacet
  facet normal 0 0 1
    outer loop
      vertex 191.95 0 8
      vertex 197.859 5.30599 8
      vertex 197.769 5.32385 8
    endloop
  endfacet
  facet normal 0 0 1
    outer loop
      vertex 191.95 0 8
      vertex 197.769 5.32385 8
      vertex 197.682 5.35328 8
    endloop
  endfacet
  facet normal 0 0 1
    outer loop
      vertex 191.95 0 8
      vertex 197.682 5.35328 8
      vertex 197.6 5.39378 8
    endloop
  endfacet
  facet normal 0 0 1
    outer loop
      vertex 191.95 0 8
      vertex 197.6 5.39378 8
      vertex 197.524 5.44465 8
    endloop
  endfacet
  facet normal 0 0 1
    outer loop
      vertex 191.95 0 8
      vertex 197.25 6 8
      vertex 191.95 12 8
    endloop
  endfacet
  facet normal 0 0 1
    outer loop
      vertex 197.25 6 8
      vertex 191.95 0 8
      vertex 197.256 5.90863 8
    endloop
  endfacet
  facet normal 0 0 1
    outer loop
      vertex 197.256 5.90863 8
      vertex 191.95 0 8
      vertex 197.274 5.81883 8
    endloop
  endfacet
  facet normal 0 0 1
    outer loop
      vertex 197.274 5.81883 8
      vertex 191.95 0 8
      vertex 197.303 5.73212 8
    endloop
  endfacet
  facet normal 0 0 1
    outer loop
      vertex 197.303 5.73212 8
      vertex 191.95 0 8
      vertex 197.344 5.65 8
    endloop
  endfacet
  facet normal 0 0 1
    outer loop
      vertex 197.95 5.3 8
      vertex 191.95 0 8
      vertex 203.95 0 8
    endloop
  endfacet
  facet normal 0 0 1
    outer loop
      vertex 197.455 5.50503 8
      vertex 191.95 0 8
      vertex 197.524 5.44465 8
    endloop
  endfacet
  facet normal 0 0 1
    outer loop
      vertex 197.395 5.57387 8
      vertex 191.95 0 8
      vertex 197.455 5.50503 8
    endloop
  endfacet
  facet normal 0 0 1
    outer loop
      vertex 197.344 5.65 8
      vertex 191.95 0 8
      vertex 197.395 5.57387 8
    endloop
  endfacet
  facet normal -1 0 0
    outer loop
      vertex 191.95 0 4
      vertex 191.95 12 8
      vertex 191.95 12 4
    endloop
  endfacet
  facet normal -1 -0 0
    outer loop
      vertex 191.95 12 8
      vertex 191.95 0 4
      vertex 191.95 0 8
    endloop
  endfacet
  facet normal 0 1 -0
    outer loop
      vertex 203.95 12 4
      vertex 191.95 12 8
      vertex 203.95 12 8
    endloop
  endfacet
  facet normal 0 1 0
    outer loop
      vertex 191.95 12 8
      vertex 203.95 12 4
      vertex 191.95 12 4
    endloop
  endfacet
  facet normal 0 0 1
    outer loop
      vertex 203.95 192 8
      vertex 198.65 186 8
      vertex 203.95 180 8
    endloop
  endfacet
  facet normal 0 0 1
    outer loop
      vertex 203.95 192 8
      vertex 198.644 186.091 8
      vertex 198.65 186 8
    endloop
  endfacet
  facet normal 0 0 1
    outer loop
      vertex 203.95 192 8
      vertex 198.626 186.181 8
      vertex 198.644 186.091 8
    endloop
  endfacet
  facet normal 0 0 1
    outer loop
      vertex 203.95 192 8
      vertex 198.597 186.268 8
      vertex 198.626 186.181 8
    endloop
  endfacet
  facet normal 0 0 1
    outer loop
      vertex 203.95 192 8
      vertex 198.556 186.35 8
      vertex 198.597 186.268 8
    endloop
  endfacet
  facet normal 0 0 1
    outer loop
      vertex 203.95 192 8
      vertex 198.505 186.426 8
      vertex 198.556 186.35 8
    endloop
  endfacet
  facet normal 0 0 1
    outer loop
      vertex 203.95 192 8
      vertex 198.445 186.495 8
      vertex 198.505 186.426 8
    endloop
  endfacet
  facet normal 0 0 1
    outer loop
      vertex 203.95 192 8
      vertex 198.376 186.555 8
      vertex 198.445 186.495 8
    endloop
  endfacet
  facet normal 0 0 1
    outer loop
      vertex 203.95 192 8
      vertex 198.3 186.606 8
      vertex 198.376 186.555 8
    endloop
  endfacet
  facet normal 0 0 1
    outer loop
      vertex 203.95 192 8
      vertex 198.218 186.647 8
      vertex 198.3 186.606 8
    endloop
  endfacet
  facet normal 0 0 1
    outer loop
      vertex 203.95 192 8
      vertex 198.131 186.676 8
      vertex 198.218 186.647 8
    endloop
  endfacet
  facet normal 0 0 1
    outer loop
      vertex 203.95 192 8
      vertex 198.041 186.694 8
      vertex 198.131 186.676 8
    endloop
  endfacet
  facet normal 0 0 1
    outer loop
      vertex 203.95 192 8
      vertex 197.95 186.7 8
      vertex 198.041 186.694 8
    endloop
  endfacet
  facet normal -0 0 1
    outer loop
      vertex 191.95 192 8
      vertex 197.95 186.7 8
      vertex 203.95 192 8
    endloop
  endfacet
  facet normal 0 0 1
    outer loop
      vertex 197.95 186.7 8
      vertex 191.95 192 8
      vertex 197.859 186.694 8
    endloop
  endfacet
  facet normal 0 0 1
    outer loop
      vertex 197.859 186.694 8
      vertex 191.95 192 8
      vertex 197.769 186.676 8
    endloop
  endfacet
  facet normal 0 0 1
    outer loop
      vertex 197.769 186.676 8
      vertex 191.95 192 8
      vertex 197.682 186.647 8
    endloop
  endfacet
  facet normal 0 0 1
    outer loop
      vertex 197.682 186.647 8
      vertex 191.95 192 8
      vertex 197.6 186.606 8
    endloop
  endfacet
  facet normal 0 0 1
    outer loop
      vertex 197.256 186.091 8
      vertex 191.95 192 8
      vertex 197.25 186 8
    endloop
  endfacet
  facet normal 0 0 1
    outer loop
      vertex 197.274 186.181 8
      vertex 191.95 192 8
      vertex 197.256 186.091 8
    endloop
  endfacet
  facet normal 0 0 1
    outer loop
      vertex 197.303 186.268 8
      vertex 191.95 192 8
      vertex 197.274 186.181 8
    endloop
  endfacet
  facet normal 0 0 1
    outer loop
      vertex 197.344 186.35 8
      vertex 191.95 192 8
      vertex 197.303 186.268 8
    endloop
  endfacet
  facet normal 0 0 1
    outer loop
      vertex 197.395 186.426 8
      vertex 191.95 192 8
      vertex 197.344 186.35 8
    endloop
  endfacet
  facet normal 0 0 1
    outer loop
      vertex 197.455 186.495 8
      vertex 191.95 192 8
      vertex 197.395 186.426 8
    endloop
  endfacet
  facet normal 0 0 1
    outer loop
      vertex 197.524 186.555 8
      vertex 191.95 192 8
      vertex 197.455 186.495 8
    endloop
  endfacet
  facet normal 0 0 1
    outer loop
      vertex 197.6 186.606 8
      vertex 191.95 192 8
      vertex 197.524 186.555 8
    endloop
  endfacet
  facet normal -0 0 1
    outer loop
      vertex 198.644 185.909 8
      vertex 203.95 180 8
      vertex 198.65 186 8
    endloop
  endfacet
  facet normal -0 0 1
    outer loop
      vertex 198.626 185.819 8
      vertex 203.95 180 8
      vertex 198.644 185.909 8
    endloop
  endfacet
  facet normal -0 0 1
    outer loop
      vertex 198.597 185.732 8
      vertex 203.95 180 8
      vertex 198.626 185.819 8
    endloop
  endfacet
  facet normal -0 0 1
    outer loop
      vertex 198.556 185.65 8
      vertex 203.95 180 8
      vertex 198.597 185.732 8
    endloop
  endfacet
  facet normal -0 0 1
    outer loop
      vertex 198.505 185.574 8
      vertex 203.95 180 8
      vertex 198.556 185.65 8
    endloop
  endfacet
  facet normal -0 0 1
    outer loop
      vertex 198.445 185.505 8
      vertex 203.95 180 8
      vertex 198.505 185.574 8
    endloop
  endfacet
  facet normal -0 0 1
    outer loop
      vertex 198.376 185.445 8
      vertex 203.95 180 8
      vertex 198.445 185.505 8
    endloop
  endfacet
  facet normal -0 0 1
    outer loop
      vertex 198.3 185.394 8
      vertex 203.95 180 8
      vertex 198.376 185.445 8
    endloop
  endfacet
  facet normal -0 0 1
    outer loop
      vertex 198.218 185.353 8
      vertex 203.95 180 8
      vertex 198.3 185.394 8
    endloop
  endfacet
  facet normal -0 0 1
    outer loop
      vertex 198.131 185.324 8
      vertex 203.95 180 8
      vertex 198.218 185.353 8
    endloop
  endfacet
  facet normal -0 0 1
    outer loop
      vertex 198.041 185.306 8
      vertex 203.95 180 8
      vertex 198.131 185.324 8
    endloop
  endfacet
  facet normal -0 0 1
    outer loop
      vertex 197.95 185.3 8
      vertex 203.95 180 8
      vertex 198.041 185.306 8
    endloop
  endfacet
  facet normal 0 0 1
    outer loop
      vertex 191.95 180 8
      vertex 197.95 185.3 8
      vertex 197.859 185.306 8
    endloop
  endfacet
  facet normal 0 0 1
    outer loop
      vertex 191.95 180 8
      vertex 197.859 185.306 8
      vertex 197.769 185.324 8
    endloop
  endfacet
  facet normal 0 0 1
    outer loop
      vertex 191.95 180 8
      vertex 197.769 185.324 8
      vertex 197.682 185.353 8
    endloop
  endfacet
  facet normal 0 0 1
    outer loop
      vertex 191.95 180 8
      vertex 197.682 185.353 8
      vertex 197.6 185.394 8
    endloop
  endfacet
  facet normal 0 0 1
    outer loop
      vertex 191.95 180 8
      vertex 197.6 185.394 8
      vertex 197.524 185.445 8
    endloop
  endfacet
  facet normal 0 0 1
    outer loop
      vertex 191.95 180 8
      vertex 197.25 186 8
      vertex 191.95 192 8
    endloop
  endfacet
  facet normal 0 0 1
    outer loop
      vertex 197.25 186 8
      vertex 191.95 180 8
      vertex 197.256 185.909 8
    endloop
  endfacet
  facet normal 0 0 1
    outer loop
      vertex 197.256 185.909 8
      vertex 191.95 180 8
      vertex 197.274 185.819 8
    endloop
  endfacet
  facet normal 0 0 1
    outer loop
      vertex 197.274 185.819 8
      vertex 191.95 180 8
      vertex 197.303 185.732 8
    endloop
  endfacet
  facet normal 0 0 1
    outer loop
      vertex 197.303 185.732 8
      vertex 191.95 180 8
      vertex 197.344 185.65 8
    endloop
  endfacet
  facet normal 0 0 1
    outer loop
      vertex 197.95 185.3 8
      vertex 191.95 180 8
      vertex 203.95 180 8
    endloop
  endfacet
  facet normal 0 0 1
    outer loop
      vertex 197.455 185.505 8
      vertex 191.95 180 8
      vertex 197.524 185.445 8
    endloop
  endfacet
  facet normal 0 0 1
    outer loop
      vertex 197.395 185.574 8
      vertex 191.95 180 8
      vertex 197.455 185.505 8
    endloop
  endfacet
  facet normal 0 0 1
    outer loop
      vertex 197.344 185.65 8
      vertex 191.95 180 8
      vertex 197.395 185.574 8
    endloop
  endfacet
  facet normal -1 0 0
    outer loop
      vertex 191.95 180 4
      vertex 191.95 192 8
      vertex 191.95 192 4
    endloop
  endfacet
  facet normal -1 -0 0
    outer loop
      vertex 191.95 192 8
      vertex 191.95 180 4
      vertex 191.95 180 8
    endloop
  endfacet
  facet normal 0 -1 0
    outer loop
      vertex 191.95 180 4
      vertex 203.95 180 8
      vertex 191.95 180 8
    endloop
  endfacet
  facet normal 0 -1 -0
    outer loop
      vertex 203.95 180 8
      vertex 191.95 180 4
      vertex 203.95 180 4
    endloop
  endfacet
  facet normal 0.290275 -0.956943 0
    outer loop
      vertex 12.6828 9.06725 4
      vertex 13.3394 9.26642 12
      vertex 12.6828 9.06725 12
    endloop
  endfacet
  facet normal 0.290275 -0.956943 0
    outer loop
      vertex 13.3394 9.26642 12
      vertex 12.6828 9.06725 4
      vertex 13.3394 9.26642 4
    endloop
  endfacet
  facet normal 0.956972 0.290181 0
    outer loop
      vertex 15.4327 13.1828 12
      vertex 15.2336 13.8394 4
      vertex 15.2336 13.8394 12
    endloop
  endfacet
  facet normal 0.956972 0.290181 0
    outer loop
      vertex 15.2336 13.8394 4
      vertex 15.4327 13.1828 12
      vertex 15.4327 13.1828 4
    endloop
  endfacet
  facet normal 0.995178 0.0980894 0
    outer loop
      vertex 15.5 12.5 12
      vertex 15.4327 13.1828 4
      vertex 15.4327 13.1828 12
    endloop
  endfacet
  facet normal 0.995178 0.0980894 0
    outer loop
      vertex 15.4327 13.1828 4
      vertex 15.5 12.5 12
      vertex 15.5 12.5 4
    endloop
  endfacet
  facet normal 0.88188 0.471473 0
    outer loop
      vertex 15.2336 13.8394 12
      vertex 14.9101 14.4445 4
      vertex 14.9101 14.4445 12
    endloop
  endfacet
  facet normal 0.88188 0.471473 0
    outer loop
      vertex 14.9101 14.4445 4
      vertex 15.2336 13.8394 12
      vertex 15.2336 13.8394 4
    endloop
  endfacet
  facet normal -0.881917 -0.471405 0
    outer loop
      vertex 9.08986 10.5555 8
      vertex 8.76642 11.1606 12
      vertex 8.76642 11.1606 8
    endloop
  endfacet
  facet normal -0.881917 -0.471405 0
    outer loop
      vertex 8.76642 11.1606 12
      vertex 9.08986 10.5555 8
      vertex 9.08986 10.5555 12
    endloop
  endfacet
  facet normal 0.290181 0.956972 -0
    outer loop
      vertex 13.3394 15.7336 4
      vertex 12.6828 15.9327 12
      vertex 13.3394 15.7336 12
    endloop
  endfacet
  facet normal 0.290181 0.956972 0
    outer loop
      vertex 12.6828 15.9327 12
      vertex 13.3394 15.7336 4
      vertex 12.6828 15.9327 4
    endloop
  endfacet
  facet normal -0.0980894 0.995178 0
    outer loop
      vertex 12 16 4
      vertex 11.3172 15.9327 12
      vertex 12 16 12
    endloop
  endfacet
  facet normal -0.0980894 0.995178 0
    outer loop
      vertex 11.3172 15.9327 12
      vertex 12 16 4
      vertex 11.3172 15.9327 4
    endloop
  endfacet
  facet normal -0.471405 -0.881917 0
    outer loop
      vertex 10.0555 9.58986 8
      vertex 10.6606 9.26642 12
      vertex 10.0555 9.58986 12
    endloop
  endfacet
  facet normal -0.471405 -0.881917 -0
    outer loop
      vertex 10.6606 9.26642 12
      vertex 10.0555 9.58986 8
      vertex 10.6606 9.26642 8
    endloop
  endfacet
  facet normal -0.471473 0.88188 0
    outer loop
      vertex 10.6606 15.7336 4
      vertex 10.0555 15.4101 12
      vertex 10.6606 15.7336 12
    endloop
  endfacet
  facet normal -0.471473 0.88188 0
    outer loop
      vertex 10.0555 15.4101 12
      vertex 10.6606 15.7336 4
      vertex 10.0555 15.4101 4
    endloop
  endfacet
  facet normal 0.471405 -0.881917 0
    outer loop
      vertex 13.3394 9.26642 4
      vertex 13.9445 9.58986 12
      vertex 13.3394 9.26642 12
    endloop
  endfacet
  facet normal 0.471405 -0.881917 0
    outer loop
      vertex 13.9445 9.58986 12
      vertex 13.3394 9.26642 4
      vertex 13.9445 9.58986 4
    endloop
  endfacet
  facet normal -0.773023 0.634378 0
    outer loop
      vertex 9.08986 14.4445 4
      vertex 9.52513 14.9749 12
      vertex 9.52513 14.9749 4
    endloop
  endfacet
  facet normal -0.773023 0.634378 0
    outer loop
      vertex 9.52513 14.9749 12
      vertex 9.08986 14.4445 4
      vertex 9.08986 14.4445 12
    endloop
  endfacet
  facet normal 0.773073 0.634317 0
    outer loop
      vertex 14.9101 14.4445 12
      vertex 14.4749 14.9749 4
      vertex 14.4749 14.9749 12
    endloop
  endfacet
  facet normal 0.773073 0.634317 0
    outer loop
      vertex 14.4749 14.9749 4
      vertex 14.9101 14.4445 12
      vertex 14.9101 14.4445 4
    endloop
  endfacet
  facet normal 0.773073 -0.634317 0
    outer loop
      vertex 14.4749 10.0251 12
      vertex 14.9101 10.5555 4
      vertex 14.9101 10.5555 12
    endloop
  endfacet
  facet normal 0.773073 -0.634317 0
    outer loop
      vertex 14.9101 10.5555 4
      vertex 14.4749 10.0251 12
      vertex 14.4749 10.0251 4
    endloop
  endfacet
  facet normal -0.290181 0.956972 0
    outer loop
      vertex 11.3172 15.9327 4
      vertex 10.6606 15.7336 12
      vertex 11.3172 15.9327 12
    endloop
  endfacet
  facet normal -0.290181 0.956972 0
    outer loop
      vertex 10.6606 15.7336 12
      vertex 11.3172 15.9327 4
      vertex 10.6606 15.7336 4
    endloop
  endfacet
  facet normal 0.634351 -0.773045 0
    outer loop
      vertex 13.9445 9.58986 4
      vertex 14.4749 10.0251 12
      vertex 13.9445 9.58986 12
    endloop
  endfacet
  facet normal 0.634351 -0.773045 0
    outer loop
      vertex 14.4749 10.0251 12
      vertex 13.9445 9.58986 4
      vertex 14.4749 10.0251 4
    endloop
  endfacet
  facet normal 0.995178 -0.0980894 0
    outer loop
      vertex 15.4327 11.8172 12
      vertex 15.5 12.5 4
      vertex 15.5 12.5 12
    endloop
  endfacet
  facet normal 0.995178 -0.0980894 0
    outer loop
      vertex 15.5 12.5 4
      vertex 15.4327 11.8172 12
      vertex 15.4327 11.8172 4
    endloop
  endfacet
  facet normal -0.290275 -0.956943 0
    outer loop
      vertex 10.6606 9.26642 8
      vertex 11.3172 9.06725 12
      vertex 10.6606 9.26642 12
    endloop
  endfacet
  facet normal -0.290275 -0.956943 -0
    outer loop
      vertex 11.3172 9.06725 12
      vertex 10.6606 9.26642 8
      vertex 11.3172 9.06725 8
    endloop
  endfacet
  facet normal 0 0 1
    outer loop
      vertex 13.4121 12.5 12
      vertex 15.5 12.5 12
      vertex 15.4327 13.1828 12
    endloop
  endfacet
  facet normal 0 0 1
    outer loop
      vertex 13.364 12.8655 12
      vertex 15.4327 13.1828 12
      vertex 15.2336 13.8394 12
    endloop
  endfacet
  facet normal 0 0 1
    outer loop
      vertex 15.5 12.5 12
      vertex 13.4121 12.5 12
      vertex 15.4327 11.8172 12
    endloop
  endfacet
  facet normal 0 0 1
    outer loop
      vertex 13.2229 13.206 12
      vertex 15.2336 13.8394 12
      vertex 14.9101 14.4445 12
    endloop
  endfacet
  facet normal -0 0 1
    outer loop
      vertex 13.364 12.1345 12
      vertex 15.4327 11.8172 12
      vertex 13.4121 12.5 12
    endloop
  endfacet
  facet normal 0 0 1
    outer loop
      vertex 12.9985 13.4985 12
      vertex 14.9101 14.4445 12
      vertex 14.4749 14.9749 12
    endloop
  endfacet
  facet normal 0 0 1
    outer loop
      vertex 15.4327 11.8172 12
      vertex 13.364 12.1345 12
      vertex 15.2336 11.1606 12
    endloop
  endfacet
  facet normal 0 0 1
    outer loop
      vertex 12.9985 13.4985 12
      vertex 14.4749 14.9749 12
      vertex 13.9445 15.4101 12
    endloop
  endfacet
  facet normal -0 0 1
    outer loop
      vertex 13.2229 11.794 12
      vertex 15.2336 11.1606 12
      vertex 13.364 12.1345 12
    endloop
  endfacet
  facet normal 0 0 1
    outer loop
      vertex 15.2336 11.1606 12
      vertex 13.2229 11.794 12
      vertex 14.9101 10.5555 12
    endloop
  endfacet
  facet normal 0 0 1
    outer loop
      vertex 15.4327 13.1828 12
      vertex 13.364 12.8655 12
      vertex 13.4121 12.5 12
    endloop
  endfacet
  facet normal 0 0 1
    outer loop
      vertex 12.706 13.7229 12
      vertex 13.9445 15.4101 12
      vertex 13.3394 15.7336 12
    endloop
  endfacet
  facet normal 0 0 1
    outer loop
      vertex 15.2336 13.8394 12
      vertex 13.2229 13.206 12
      vertex 13.364 12.8655 12
    endloop
  endfacet
  facet normal 0 0 1
    outer loop
      vertex 14.9101 14.4445 12
      vertex 12.9985 13.4985 12
      vertex 13.2229 13.206 12
    endloop
  endfacet
  facet normal 0 0 1
    outer loop
      vertex 13.9445 15.4101 12
      vertex 12.706 13.7229 12
      vertex 12.9985 13.4985 12
    endloop
  endfacet
  facet normal 0 0 1
    outer loop
      vertex 12.3655 13.864 12
      vertex 13.3394 15.7336 12
      vertex 12.6828 15.9327 12
    endloop
  endfacet
  facet normal 0 0 1
    outer loop
      vertex 13.3394 15.7336 12
      vertex 12.3655 13.864 12
      vertex 12.706 13.7229 12
    endloop
  endfacet
  facet normal 0 0 1
    outer loop
      vertex 12 13.9121 12
      vertex 12.6828 15.9327 12
      vertex 12 16 12
    endloop
  endfacet
  facet normal 0 0 1
    outer loop
      vertex 12.6828 15.9327 12
      vertex 12 13.9121 12
      vertex 12.3655 13.864 12
    endloop
  endfacet
  facet normal -0 0 1
    outer loop
      vertex 11.3172 15.9327 12
      vertex 12 13.9121 12
      vertex 12 16 12
    endloop
  endfacet
  facet normal 0 0 1
    outer loop
      vertex 12 13.9121 12
      vertex 11.3172 15.9327 12
      vertex 11.6345 13.864 12
    endloop
  endfacet
  facet normal -0 0 1
    outer loop
      vertex 10.6606 15.7336 12
      vertex 11.6345 13.864 12
      vertex 11.3172 15.9327 12
    endloop
  endfacet
  facet normal 0 0 1
    outer loop
      vertex 11.6345 13.864 12
      vertex 10.6606 15.7336 12
      vertex 11.294 13.7229 12
    endloop
  endfacet
  facet normal -0 0 1
    outer loop
      vertex 10.0555 15.4101 12
      vertex 11.294 13.7229 12
      vertex 10.6606 15.7336 12
    endloop
  endfacet
  facet normal 0 0 1
    outer loop
      vertex 11.294 13.7229 12
      vertex 10.0555 15.4101 12
      vertex 11.0015 13.4985 12
    endloop
  endfacet
  facet normal -0 0 1
    outer loop
      vertex 9.52513 14.9749 12
      vertex 11.0015 13.4985 12
      vertex 10.0555 15.4101 12
    endloop
  endfacet
  facet normal -0 0 1
    outer loop
      vertex 9.08986 14.4445 12
      vertex 11.0015 13.4985 12
      vertex 9.52513 14.9749 12
    endloop
  endfacet
  facet normal 0 0 1
    outer loop
      vertex 11.0015 13.4985 12
      vertex 9.08986 14.4445 12
      vertex 10.7771 13.206 12
    endloop
  endfacet
  facet normal -0 0 1
    outer loop
      vertex 12.9985 11.5015 12
      vertex 14.9101 10.5555 12
      vertex 13.2229 11.794 12
    endloop
  endfacet
  facet normal 0 0 1
    outer loop
      vertex 14.9101 10.5555 12
      vertex 12.9985 11.5015 12
      vertex 14.4749 10.0251 12
    endloop
  endfacet
  facet normal 0 0 1
    outer loop
      vertex 14.4749 10.0251 12
      vertex 12.9985 11.5015 12
      vertex 13.9445 9.58986 12
    endloop
  endfacet
  facet normal -0 0 1
    outer loop
      vertex 12.706 11.2771 12
      vertex 13.9445 9.58986 12
      vertex 12.9985 11.5015 12
    endloop
  endfacet
  facet normal 0 0 1
    outer loop
      vertex 13.9445 9.58986 12
      vertex 12.706 11.2771 12
      vertex 13.3394 9.26642 12
    endloop
  endfacet
  facet normal -0 0 1
    outer loop
      vertex 12.3655 11.136 12
      vertex 13.3394 9.26642 12
      vertex 12.706 11.2771 12
    endloop
  endfacet
  facet normal 0 0 1
    outer loop
      vertex 13.3394 9.26642 12
      vertex 12.3655 11.136 12
      vertex 12.6828 9.06725 12
    endloop
  endfacet
  facet normal -0 0 1
    outer loop
      vertex 12 11.0879 12
      vertex 12.6828 9.06725 12
      vertex 12.3655 11.136 12
    endloop
  endfacet
  facet normal 0 0 1
    outer loop
      vertex 12 11.0879 12
      vertex 12 9 12
      vertex 12.6828 9.06725 12
    endloop
  endfacet
  facet normal 0 0 1
    outer loop
      vertex 11.3172 9.06725 12
      vertex 12 11.0879 12
      vertex 11.6345 11.136 12
    endloop
  endfacet
  facet normal 0 0 1
    outer loop
      vertex 12 11.0879 12
      vertex 11.3172 9.06725 12
      vertex 12 9 12
    endloop
  endfacet
  facet normal 0 0 1
    outer loop
      vertex 10.6606 9.26642 12
      vertex 11.6345 11.136 12
      vertex 11.294 11.2771 12
    endloop
  endfacet
  facet normal 0 0 1
    outer loop
      vertex 10.0555 9.58986 12
      vertex 11.294 11.2771 12
      vertex 11.0015 11.5015 12
    endloop
  endfacet
  facet normal 0 0 1
    outer loop
      vertex 9.08986 10.5555 12
      vertex 11.0015 11.5015 12
      vertex 10.7771 11.794 12
    endloop
  endfacet
  facet normal 0 0 1
    outer loop
      vertex 11.6345 11.136 12
      vertex 10.6606 9.26642 12
      vertex 11.3172 9.06725 12
    endloop
  endfacet
  facet normal 0 0 1
    outer loop
      vertex 8.76642 11.1606 12
      vertex 10.7771 11.794 12
      vertex 10.636 12.1345 12
    endloop
  endfacet
  facet normal 0 0 1
    outer loop
      vertex 8.56725 11.8172 12
      vertex 10.636 12.1345 12
      vertex 10.5879 12.5 12
    endloop
  endfacet
  facet normal -0 0 1
    outer loop
      vertex 8.76642 13.8394 12
      vertex 10.7771 13.206 12
      vertex 9.08986 14.4445 12
    endloop
  endfacet
  facet normal 0 0 1
    outer loop
      vertex 11.294 11.2771 12
      vertex 10.0555 9.58986 12
      vertex 10.6606 9.26642 12
    endloop
  endfacet
  facet normal 0 0 1
    outer loop
      vertex 10.7771 13.206 12
      vertex 8.76642 13.8394 12
      vertex 10.636 12.8655 12
    endloop
  endfacet
  facet normal 0 0 1
    outer loop
      vertex 11.0015 11.5015 12
      vertex 9.52513 10.0251 12
      vertex 10.0555 9.58986 12
    endloop
  endfacet
  facet normal -0 0 1
    outer loop
      vertex 8.56725 13.1828 12
      vertex 10.636 12.8655 12
      vertex 8.76642 13.8394 12
    endloop
  endfacet
  facet normal 0 0 1
    outer loop
      vertex 11.0015 11.5015 12
      vertex 9.08986 10.5555 12
      vertex 9.52513 10.0251 12
    endloop
  endfacet
  facet normal 0 0 1
    outer loop
      vertex 10.636 12.8655 12
      vertex 8.56725 13.1828 12
      vertex 10.5879 12.5 12
    endloop
  endfacet
  facet normal 0 0 1
    outer loop
      vertex 10.7771 11.794 12
      vertex 8.76642 11.1606 12
      vertex 9.08986 10.5555 12
    endloop
  endfacet
  facet normal 0 0 1
    outer loop
      vertex 8.5 12.5 12
      vertex 10.5879 12.5 12
      vertex 8.56725 13.1828 12
    endloop
  endfacet
  facet normal 0 0 1
    outer loop
      vertex 10.636 12.1345 12
      vertex 8.56725 11.8172 12
      vertex 8.76642 11.1606 12
    endloop
  endfacet
  facet normal 0 0 1
    outer loop
      vertex 10.5879 12.5 12
      vertex 8.5 12.5 12
      vertex 8.56725 11.8172 12
    endloop
  endfacet
  facet normal 0.956972 -0.290181 0
    outer loop
      vertex 15.2336 11.1606 12
      vertex 15.4327 11.8172 4
      vertex 15.4327 11.8172 12
    endloop
  endfacet
  facet normal 0.956972 -0.290181 0
    outer loop
      vertex 15.4327 11.8172 4
      vertex 15.2336 11.1606 12
      vertex 15.2336 11.1606 4
    endloop
  endfacet
  facet normal -0.956943 -0.290275 0
    outer loop
      vertex 8.76642 11.1606 8
      vertex 8.56725 11.8172 12
      vertex 8.56725 11.8172 8
    endloop
  endfacet
  facet normal -0.956943 -0.290275 0
    outer loop
      vertex 8.56725 11.8172 12
      vertex 8.76642 11.1606 8
      vertex 8.76642 11.1606 12
    endloop
  endfacet
  facet normal 0.88188 -0.471473 0
    outer loop
      vertex 14.9101 10.5555 12
      vertex 15.2336 11.1606 4
      vertex 15.2336 11.1606 12
    endloop
  endfacet
  facet normal 0.88188 -0.471473 0
    outer loop
      vertex 15.2336 11.1606 4
      vertex 14.9101 10.5555 12
      vertex 14.9101 10.5555 4
    endloop
  endfacet
  facet normal -0.995185 0.0980172 0
    outer loop
      vertex 8.5 12.5 4
      vertex 8.56725 13.1828 12
      vertex 8.56725 13.1828 4
    endloop
  endfacet
  facet normal -0.995185 0.0980172 0
    outer loop
      vertex 8.56725 13.1828 12
      vertex 8.5 12.5 4
      vertex 8.5 12.5 12
    endloop
  endfacet
  facet normal 0.0980894 0.995178 -0
    outer loop
      vertex 12.6828 15.9327 4
      vertex 12 16 12
      vertex 12.6828 15.9327 12
    endloop
  endfacet
  facet normal 0.0980894 0.995178 0
    outer loop
      vertex 12 16 12
      vertex 12.6828 15.9327 4
      vertex 12 16 4
    endloop
  endfacet
  facet normal -0.634338 0.773056 0
    outer loop
      vertex 10.0555 15.4101 4
      vertex 9.52513 14.9749 12
      vertex 10.0555 15.4101 12
    endloop
  endfacet
  facet normal -0.634338 0.773056 0
    outer loop
      vertex 9.52513 14.9749 12
      vertex 10.0555 15.4101 4
      vertex 9.52513 14.9749 4
    endloop
  endfacet
  facet normal 0.634317 0.773073 -0
    outer loop
      vertex 14.4749 14.9749 4
      vertex 13.9445 15.4101 12
      vertex 14.4749 14.9749 12
    endloop
  endfacet
  facet normal 0.634317 0.773073 0
    outer loop
      vertex 13.9445 15.4101 12
      vertex 14.4749 14.9749 4
      vertex 13.9445 15.4101 4
    endloop
  endfacet
  facet normal 0.0980172 -0.995185 0
    outer loop
      vertex 12 9 8
      vertex 12.6828 9.06725 12
      vertex 12 9 12
    endloop
  endfacet
  facet normal 0.0980172 -0.995185 0
    outer loop
      vertex 12.6828 9.06725 4
      vertex 12 9 8
      vertex 12 9 4
    endloop
  endfacet
  facet normal 0.0980172 -0.995185 0
    outer loop
      vertex 12 9 8
      vertex 12.6828 9.06725 4
      vertex 12.6828 9.06725 12
    endloop
  endfacet
  facet normal 0.471473 0.88188 -0
    outer loop
      vertex 13.9445 15.4101 4
      vertex 13.3394 15.7336 12
      vertex 13.9445 15.4101 12
    endloop
  endfacet
  facet normal 0.471473 0.88188 0
    outer loop
      vertex 13.3394 15.7336 12
      vertex 13.9445 15.4101 4
      vertex 13.3394 15.7336 4
    endloop
  endfacet
  facet normal -0.773023 -0.634378 0
    outer loop
      vertex 9.52513 10.0251 8
      vertex 9.08986 10.5555 12
      vertex 9.08986 10.5555 8
    endloop
  endfacet
  facet normal -0.773023 -0.634378 0
    outer loop
      vertex 9.08986 10.5555 12
      vertex 9.52513 10.0251 8
      vertex 9.52513 10.0251 12
    endloop
  endfacet
  facet normal -0.0980172 -0.995185 0
    outer loop
      vertex 11.3172 9.06725 8
      vertex 12 9 12
      vertex 11.3172 9.06725 12
    endloop
  endfacet
  facet normal -0.0980172 -0.995185 -0
    outer loop
      vertex 12 9 12
      vertex 11.3172 9.06725 8
      vertex 12 9 8
    endloop
  endfacet
  facet normal -0.634373 -0.773027 0
    outer loop
      vertex 9.52513 10.0251 8
      vertex 10.0555 9.58986 12
      vertex 9.52513 10.0251 12
    endloop
  endfacet
  facet normal -0.634373 -0.773027 -0
    outer loop
      vertex 10.0555 9.58986 12
      vertex 9.52513 10.0251 8
      vertex 10.0555 9.58986 8
    endloop
  endfacet
  facet normal -0.956943 0.290275 0
    outer loop
      vertex 8.56725 13.1828 4
      vertex 8.76642 13.8394 12
      vertex 8.76642 13.8394 4
    endloop
  endfacet
  facet normal -0.956943 0.290275 0
    outer loop
      vertex 8.76642 13.8394 12
      vertex 8.56725 13.1828 4
      vertex 8.56725 13.1828 12
    endloop
  endfacet
  facet normal -0.881917 0.471405 0
    outer loop
      vertex 8.76642 13.8394 4
      vertex 9.08986 14.4445 12
      vertex 9.08986 14.4445 4
    endloop
  endfacet
  facet normal -0.881917 0.471405 0
    outer loop
      vertex 9.08986 14.4445 12
      vertex 8.76642 13.8394 4
      vertex 8.76642 13.8394 12
    endloop
  endfacet
  facet normal -0.995184 -0.0980256 -0
    outer loop
      vertex 8.54925 12 8
      vertex 8.5 12.5 4
      vertex 8.54925 12 4
    endloop
  endfacet
  facet normal -0.995184 -0.0980256 0
    outer loop
      vertex 8.5 12.5 4
      vertex 8.54925 12 8
      vertex 8.5 12.5 12
    endloop
  endfacet
  facet normal -0.995187 -0.0979943 -0
    outer loop
      vertex 8.56725 11.8172 12
      vertex 8.54925 12 8
      vertex 8.56725 11.8172 8
    endloop
  endfacet
  facet normal -0.995185 -0.0980172 -1.05669e-06
    outer loop
      vertex 8.54925 12 8
      vertex 8.56725 11.8172 12
      vertex 8.5 12.5 12
    endloop
  endfacet
  facet normal 0.290048 -0.957012 0
    outer loop
      vertex 12.6828 176.067 4
      vertex 13.3394 176.266 12
      vertex 12.6828 176.067 12
    endloop
  endfacet
  facet normal 0.290048 -0.957012 0
    outer loop
      vertex 13.3394 176.266 12
      vertex 12.6828 176.067 4
      vertex 13.3394 176.266 4
    endloop
  endfacet
  facet normal 0.956898 0.290424 0
    outer loop
      vertex 15.4327 180.183 12
      vertex 15.2336 180.839 4
      vertex 15.2336 180.839 12
    endloop
  endfacet
  facet normal 0.956898 0.290424 0
    outer loop
      vertex 15.2336 180.839 4
      vertex 15.4327 180.183 12
      vertex 15.4327 180.183 4
    endloop
  endfacet
  facet normal 0.99518 0.098061 0
    outer loop
      vertex 15.5 179.5 12
      vertex 15.4327 180.183 4
      vertex 15.4327 180.183 12
    endloop
  endfacet
  facet normal 0.99518 0.098061 0
    outer loop
      vertex 15.4327 180.183 4
      vertex 15.5 179.5 12
      vertex 15.5 179.5 4
    endloop
  endfacet
  facet normal 0.881848 0.471534 0
    outer loop
      vertex 15.2336 180.839 12
      vertex 14.9101 181.444 4
      vertex 14.9101 181.444 12
    endloop
  endfacet
  facet normal 0.881848 0.471534 0
    outer loop
      vertex 14.9101 181.444 4
      vertex 15.2336 180.839 12
      vertex 15.2336 180.839 4
    endloop
  endfacet
  facet normal -0.881884 -0.471466 0
    outer loop
      vertex 9.08986 177.556 4
      vertex 8.76642 178.161 12
      vertex 8.76642 178.161 4
    endloop
  endfacet
  facet normal -0.881884 -0.471466 0
    outer loop
      vertex 8.76642 178.161 12
      vertex 9.08986 177.556 4
      vertex 9.08986 177.556 12
    endloop
  endfacet
  facet normal 0.290048 0.957012 -0
    outer loop
      vertex 13.3394 182.734 4
      vertex 12.6828 182.933 12
      vertex 13.3394 182.734 12
    endloop
  endfacet
  facet normal 0.290048 0.957012 0
    outer loop
      vertex 12.6828 182.933 12
      vertex 13.3394 182.734 4
      vertex 12.6828 182.933 4
    endloop
  endfacet
  facet normal -0.0976563 0.99522 0
    outer loop
      vertex 12 183 8
      vertex 11.3172 182.933 12
      vertex 12 183 12
    endloop
  endfacet
  facet normal -0.0976563 0.99522 0
    outer loop
      vertex 11.3172 182.933 12
      vertex 12 183 8
      vertex 11.3172 182.933 8
    endloop
  endfacet
  facet normal -0.472039 -0.881577 0
    outer loop
      vertex 10.0555 176.59 4
      vertex 10.6606 176.266 12
      vertex 10.0555 176.59 12
    endloop
  endfacet
  facet normal -0.472039 -0.881577 -0
    outer loop
      vertex 10.6606 176.266 12
      vertex 10.0555 176.59 4
      vertex 10.6606 176.266 4
    endloop
  endfacet
  facet normal -0.472039 0.881577 0
    outer loop
      vertex 10.6606 182.734 8
      vertex 10.0555 182.41 12
      vertex 10.6606 182.734 12
    endloop
  endfacet
  facet normal -0.472039 0.881577 0
    outer loop
      vertex 10.0555 182.41 12
      vertex 10.6606 182.734 8
      vertex 10.0555 182.41 8
    endloop
  endfacet
  facet normal 0.472039 -0.881577 0
    outer loop
      vertex 13.3394 176.266 4
      vertex 13.9445 176.59 12
      vertex 13.3394 176.266 12
    endloop
  endfacet
  facet normal 0.472039 -0.881577 0
    outer loop
      vertex 13.9445 176.59 12
      vertex 13.3394 176.266 4
      vertex 13.9445 176.59 4
    endloop
  endfacet
  facet normal -0.773375 0.633949 0
    outer loop
      vertex 9.08986 181.444 8
      vertex 9.52513 181.975 12
      vertex 9.52513 181.975 8
    endloop
  endfacet
  facet normal -0.773375 0.633949 0
    outer loop
      vertex 9.52513 181.975 12
      vertex 9.08986 181.444 8
      vertex 9.08986 181.444 12
    endloop
  endfacet
  facet normal 0.773425 0.633888 0
    outer loop
      vertex 14.9101 181.444 12
      vertex 14.4749 181.975 4
      vertex 14.4749 181.975 12
    endloop
  endfacet
  facet normal 0.773425 0.633888 0
    outer loop
      vertex 14.4749 181.975 4
      vertex 14.9101 181.444 12
      vertex 14.9101 181.444 4
    endloop
  endfacet
  facet normal 0.773425 -0.633888 0
    outer loop
      vertex 14.4749 177.025 12
      vertex 14.9101 177.556 4
      vertex 14.9101 177.556 12
    endloop
  endfacet
  facet normal 0.773425 -0.633888 0
    outer loop
      vertex 14.9101 177.556 4
      vertex 14.4749 177.025 12
      vertex 14.4749 177.025 4
    endloop
  endfacet
  facet normal -0.0976563 -0.99522 0
    outer loop
      vertex 11.3172 176.067 4
      vertex 12 176 12
      vertex 11.3172 176.067 12
    endloop
  endfacet
  facet normal -0.0976563 -0.99522 -0
    outer loop
      vertex 12 176 12
      vertex 11.3172 176.067 4
      vertex 12 176 4
    endloop
  endfacet
  facet normal -0.290048 0.957012 0
    outer loop
      vertex 11.3172 182.933 8
      vertex 10.6606 182.734 12
      vertex 11.3172 182.933 12
    endloop
  endfacet
  facet normal -0.290048 0.957012 0
    outer loop
      vertex 10.6606 182.734 12
      vertex 11.3172 182.933 8
      vertex 10.6606 182.734 8
    endloop
  endfacet
  facet normal 0.634142 -0.773216 0
    outer loop
      vertex 13.9445 176.59 4
      vertex 14.4749 177.025 12
      vertex 13.9445 176.59 12
    endloop
  endfacet
  facet normal 0.634142 -0.773216 0
    outer loop
      vertex 14.4749 177.025 12
      vertex 13.9445 176.59 4
      vertex 14.4749 177.025 4
    endloop
  endfacet
  facet normal 0.99518 -0.098061 0
    outer loop
      vertex 15.4327 178.817 12
      vertex 15.5 179.5 4
      vertex 15.5 179.5 12
    endloop
  endfacet
  facet normal 0.99518 -0.098061 0
    outer loop
      vertex 15.5 179.5 4
      vertex 15.4327 178.817 12
      vertex 15.4327 178.817 4
    endloop
  endfacet
  facet normal -0.290048 -0.957012 0
    outer loop
      vertex 10.6606 176.266 4
      vertex 11.3172 176.067 12
      vertex 10.6606 176.266 12
    endloop
  endfacet
  facet normal -0.290048 -0.957012 -0
    outer loop
      vertex 11.3172 176.067 12
      vertex 10.6606 176.266 4
      vertex 11.3172 176.067 4
    endloop
  endfacet
  facet normal 0 0 1
    outer loop
      vertex 13.4121 179.5 12
      vertex 15.5 179.5 12
      vertex 15.4327 180.183 12
    endloop
  endfacet
  facet normal 0 0 1
    outer loop
      vertex 13.364 179.865 12
      vertex 15.4327 180.183 12
      vertex 15.2336 180.839 12
    endloop
  endfacet
  facet normal 0 0 1
    outer loop
      vertex 15.5 179.5 12
      vertex 13.4121 179.5 12
      vertex 15.4327 178.817 12
    endloop
  endfacet
  facet normal 0 0 1
    outer loop
      vertex 13.2229 180.206 12
      vertex 15.2336 180.839 12
      vertex 14.9101 181.444 12
    endloop
  endfacet
  facet normal -0 0 1
    outer loop
      vertex 13.364 179.135 12
      vertex 15.4327 178.817 12
      vertex 13.4121 179.5 12
    endloop
  endfacet
  facet normal 0 0 1
    outer loop
      vertex 12.9985 180.498 12
      vertex 14.9101 181.444 12
      vertex 14.4749 181.975 12
    endloop
  endfacet
  facet normal 0 0 1
    outer loop
      vertex 15.4327 178.817 12
      vertex 13.364 179.135 12
      vertex 15.2336 178.161 12
    endloop
  endfacet
  facet normal 0 0 1
    outer loop
      vertex 12.9985 180.498 12
      vertex 14.4749 181.975 12
      vertex 13.9445 182.41 12
    endloop
  endfacet
  facet normal -0 0 1
    outer loop
      vertex 13.2229 178.794 12
      vertex 15.2336 178.161 12
      vertex 13.364 179.135 12
    endloop
  endfacet
  facet normal 0 0 1
    outer loop
      vertex 15.2336 178.161 12
      vertex 13.2229 178.794 12
      vertex 14.9101 177.556 12
    endloop
  endfacet
  facet normal 0 0 1
    outer loop
      vertex 15.4327 180.183 12
      vertex 13.364 179.865 12
      vertex 13.4121 179.5 12
    endloop
  endfacet
  facet normal 0 0 1
    outer loop
      vertex 12.706 180.723 12
      vertex 13.9445 182.41 12
      vertex 13.3394 182.734 12
    endloop
  endfacet
  facet normal 0 0 1
    outer loop
      vertex 15.2336 180.839 12
      vertex 13.2229 180.206 12
      vertex 13.364 179.865 12
    endloop
  endfacet
  facet normal 0 0 1
    outer loop
      vertex 14.9101 181.444 12
      vertex 12.9985 180.498 12
      vertex 13.2229 180.206 12
    endloop
  endfacet
  facet normal 0 0 1
    outer loop
      vertex 13.9445 182.41 12
      vertex 12.706 180.723 12
      vertex 12.9985 180.498 12
    endloop
  endfacet
  facet normal 0 0 1
    outer loop
      vertex 12.3655 180.864 12
      vertex 13.3394 182.734 12
      vertex 12.6828 182.933 12
    endloop
  endfacet
  facet normal 0 0 1
    outer loop
      vertex 13.3394 182.734 12
      vertex 12.3655 180.864 12
      vertex 12.706 180.723 12
    endloop
  endfacet
  facet normal 0 0 1
    outer loop
      vertex 12 180.912 12
      vertex 12.6828 182.933 12
      vertex 12 183 12
    endloop
  endfacet
  facet normal 0 0 1
    outer loop
      vertex 12.6828 182.933 12
      vertex 12 180.912 12
      vertex 12.3655 180.864 12
    endloop
  endfacet
  facet normal -0 0 1
    outer loop
      vertex 11.3172 182.933 12
      vertex 12 180.912 12
      vertex 12 183 12
    endloop
  endfacet
  facet normal 0 0 1
    outer loop
      vertex 12 180.912 12
      vertex 11.3172 182.933 12
      vertex 11.6345 180.864 12
    endloop
  endfacet
  facet normal -0 0 1
    outer loop
      vertex 10.6606 182.734 12
      vertex 11.6345 180.864 12
      vertex 11.3172 182.933 12
    endloop
  endfacet
  facet normal 0 0 1
    outer loop
      vertex 11.6345 180.864 12
      vertex 10.6606 182.734 12
      vertex 11.294 180.723 12
    endloop
  endfacet
  facet normal -0 0 1
    outer loop
      vertex 10.0555 182.41 12
      vertex 11.294 180.723 12
      vertex 10.6606 182.734 12
    endloop
  endfacet
  facet normal 0 0 1
    outer loop
      vertex 11.294 180.723 12
      vertex 10.0555 182.41 12
      vertex 11.0015 180.498 12
    endloop
  endfacet
  facet normal -0 0 1
    outer loop
      vertex 9.52513 181.975 12
      vertex 11.0015 180.498 12
      vertex 10.0555 182.41 12
    endloop
  endfacet
  facet normal -0 0 1
    outer loop
      vertex 9.08986 181.444 12
      vertex 11.0015 180.498 12
      vertex 9.52513 181.975 12
    endloop
  endfacet
  facet normal 0 0 1
    outer loop
      vertex 11.0015 180.498 12
      vertex 9.08986 181.444 12
      vertex 10.7771 180.206 12
    endloop
  endfacet
  facet normal -0 0 1
    outer loop
      vertex 12.9985 178.502 12
      vertex 14.9101 177.556 12
      vertex 13.2229 178.794 12
    endloop
  endfacet
  facet normal 0 0 1
    outer loop
      vertex 14.9101 177.556 12
      vertex 12.9985 178.502 12
      vertex 14.4749 177.025 12
    endloop
  endfacet
  facet normal 0 0 1
    outer loop
      vertex 14.4749 177.025 12
      vertex 12.9985 178.502 12
      vertex 13.9445 176.59 12
    endloop
  endfacet
  facet normal -0 0 1
    outer loop
      vertex 12.706 178.277 12
      vertex 13.9445 176.59 12
      vertex 12.9985 178.502 12
    endloop
  endfacet
  facet normal 0 0 1
    outer loop
      vertex 13.9445 176.59 12
      vertex 12.706 178.277 12
      vertex 13.3394 176.266 12
    endloop
  endfacet
  facet normal -0 0 1
    outer loop
      vertex 12.3655 178.136 12
      vertex 13.3394 176.266 12
      vertex 12.706 178.277 12
    endloop
  endfacet
  facet normal 0 0 1
    outer loop
      vertex 13.3394 176.266 12
      vertex 12.3655 178.136 12
      vertex 12.6828 176.067 12
    endloop
  endfacet
  facet normal -0 0 1
    outer loop
      vertex 12 178.088 12
      vertex 12.6828 176.067 12
      vertex 12.3655 178.136 12
    endloop
  endfacet
  facet normal 0 0 1
    outer loop
      vertex 12 178.088 12
      vertex 12 176 12
      vertex 12.6828 176.067 12
    endloop
  endfacet
  facet normal 0 0 1
    outer loop
      vertex 11.3172 176.067 12
      vertex 12 178.088 12
      vertex 11.6345 178.136 12
    endloop
  endfacet
  facet normal 0 0 1
    outer loop
      vertex 12 178.088 12
      vertex 11.3172 176.067 12
      vertex 12 176 12
    endloop
  endfacet
  facet normal 0 0 1
    outer loop
      vertex 10.6606 176.266 12
      vertex 11.6345 178.136 12
      vertex 11.294 178.277 12
    endloop
  endfacet
  facet normal 0 0 1
    outer loop
      vertex 10.0555 176.59 12
      vertex 11.294 178.277 12
      vertex 11.0015 178.502 12
    endloop
  endfacet
  facet normal 0 0 1
    outer loop
      vertex 9.08986 177.556 12
      vertex 11.0015 178.502 12
      vertex 10.7771 178.794 12
    endloop
  endfacet
  facet normal 0 0 1
    outer loop
      vertex 11.6345 178.136 12
      vertex 10.6606 176.266 12
      vertex 11.3172 176.067 12
    endloop
  endfacet
  facet normal 0 0 1
    outer loop
      vertex 8.76642 178.161 12
      vertex 10.7771 178.794 12
      vertex 10.636 179.135 12
    endloop
  endfacet
  facet normal 0 0 1
    outer loop
      vertex 8.56725 178.817 12
      vertex 10.636 179.135 12
      vertex 10.5879 179.5 12
    endloop
  endfacet
  facet normal -0 0 1
    outer loop
      vertex 8.76642 180.839 12
      vertex 10.7771 180.206 12
      vertex 9.08986 181.444 12
    endloop
  endfacet
  facet normal 0 0 1
    outer loop
      vertex 11.294 178.277 12
      vertex 10.0555 176.59 12
      vertex 10.6606 176.266 12
    endloop
  endfacet
  facet normal 0 0 1
    outer loop
      vertex 10.7771 180.206 12
      vertex 8.76642 180.839 12
      vertex 10.636 179.865 12
    endloop
  endfacet
  facet normal 0 0 1
    outer loop
      vertex 11.0015 178.502 12
      vertex 9.52513 177.025 12
      vertex 10.0555 176.59 12
    endloop
  endfacet
  facet normal -0 0 1
    outer loop
      vertex 8.56725 180.183 12
      vertex 10.636 179.865 12
      vertex 8.76642 180.839 12
    endloop
  endfacet
  facet normal 0 0 1
    outer loop
      vertex 11.0015 178.502 12
      vertex 9.08986 177.556 12
      vertex 9.52513 177.025 12
    endloop
  endfacet
  facet normal 0 0 1
    outer loop
      vertex 10.636 179.865 12
      vertex 8.56725 180.183 12
      vertex 10.5879 179.5 12
    endloop
  endfacet
  facet normal 0 0 1
    outer loop
      vertex 10.7771 178.794 12
      vertex 8.76642 178.161 12
      vertex 9.08986 177.556 12
    endloop
  endfacet
  facet normal 0 0 1
    outer loop
      vertex 8.5 179.5 12
      vertex 10.5879 179.5 12
      vertex 8.56725 180.183 12
    endloop
  endfacet
  facet normal 0 0 1
    outer loop
      vertex 10.636 179.135 12
      vertex 8.56725 178.817 12
      vertex 8.76642 178.161 12
    endloop
  endfacet
  facet normal 0 0 1
    outer loop
      vertex 10.5879 179.5 12
      vertex 8.5 179.5 12
      vertex 8.56725 178.817 12
    endloop
  endfacet
  facet normal 0.956898 -0.290424 0
    outer loop
      vertex 15.2336 178.161 12
      vertex 15.4327 178.817 4
      vertex 15.4327 178.817 12
    endloop
  endfacet
  facet normal 0.956898 -0.290424 0
    outer loop
      vertex 15.4327 178.817 4
      vertex 15.2336 178.161 12
      vertex 15.2336 178.161 4
    endloop
  endfacet
  facet normal -0.95687 -0.290518 0
    outer loop
      vertex 8.76642 178.161 4
      vertex 8.56725 178.817 12
      vertex 8.56725 178.817 4
    endloop
  endfacet
  facet normal -0.95687 -0.290518 0
    outer loop
      vertex 8.56725 178.817 12
      vertex 8.76642 178.161 4
      vertex 8.76642 178.161 12
    endloop
  endfacet
  facet normal 0.881848 -0.471534 0
    outer loop
      vertex 14.9101 177.556 12
      vertex 15.2336 178.161 4
      vertex 15.2336 178.161 12
    endloop
  endfacet
  facet normal 0.881848 -0.471534 0
    outer loop
      vertex 15.2336 178.161 4
      vertex 14.9101 177.556 12
      vertex 14.9101 177.556 4
    endloop
  endfacet
  facet normal -0.995184 0.0980256 0
    outer loop
      vertex 8.54925 180 4
      vertex 8.5 179.5 4
      vertex 8.54925 180 8
    endloop
  endfacet
  facet normal -0.995197 0.0978883 0
    outer loop
      vertex 8.54925 180 8
      vertex 8.56725 180.183 12
      vertex 8.56725 180.183 8
    endloop
  endfacet
  facet normal -0.995184 0.0980256 0
    outer loop
      vertex 8.5 179.5 12
      vertex 8.54925 180 8
      vertex 8.5 179.5 4
    endloop
  endfacet
  facet normal -0.995188 0.0979888 -4.64445e-06
    outer loop
      vertex 8.54925 180 8
      vertex 8.5 179.5 12
      vertex 8.56725 180.183 12
    endloop
  endfacet
  facet normal 0.0976563 0.99522 0
    outer loop
      vertex 12.6828 182.933 12
      vertex 12 183 8
      vertex 12 183 12
    endloop
  endfacet
  facet normal 0.0976563 0.99522 -0
    outer loop
      vertex 12.6828 182.933 4
      vertex 12 183 8
      vertex 12.6828 182.933 12
    endloop
  endfacet
  facet normal 0.0976563 0.99522 0
    outer loop
      vertex 12 183 8
      vertex 12.6828 182.933 4
      vertex 12 183 4
    endloop
  endfacet
  facet normal -0.634164 0.773199 0
    outer loop
      vertex 10.0555 182.41 8
      vertex 9.52513 181.975 12
      vertex 10.0555 182.41 12
    endloop
  endfacet
  facet normal -0.634164 0.773199 0
    outer loop
      vertex 9.52513 181.975 12
      vertex 10.0555 182.41 8
      vertex 9.52513 181.975 8
    endloop
  endfacet
  facet normal 0.634142 0.773216 -0
    outer loop
      vertex 14.4749 181.975 4
      vertex 13.9445 182.41 12
      vertex 14.4749 181.975 12
    endloop
  endfacet
  facet normal 0.634142 0.773216 0
    outer loop
      vertex 13.9445 182.41 12
      vertex 14.4749 181.975 4
      vertex 13.9445 182.41 4
    endloop
  endfacet
  facet normal 0.0976563 -0.99522 0
    outer loop
      vertex 12 176 4
      vertex 12.6828 176.067 12
      vertex 12 176 12
    endloop
  endfacet
  facet normal 0.0976563 -0.99522 0
    outer loop
      vertex 12.6828 176.067 12
      vertex 12 176 4
      vertex 12.6828 176.067 4
    endloop
  endfacet
  facet normal 0.472039 0.881577 -0
    outer loop
      vertex 13.9445 182.41 4
      vertex 13.3394 182.734 12
      vertex 13.9445 182.41 12
    endloop
  endfacet
  facet normal 0.472039 0.881577 0
    outer loop
      vertex 13.3394 182.734 12
      vertex 13.9445 182.41 4
      vertex 13.3394 182.734 4
    endloop
  endfacet
  facet normal -0.773375 -0.633949 0
    outer loop
      vertex 9.52513 177.025 4
      vertex 9.08986 177.556 12
      vertex 9.08986 177.556 4
    endloop
  endfacet
  facet normal -0.773375 -0.633949 0
    outer loop
      vertex 9.08986 177.556 12
      vertex 9.52513 177.025 4
      vertex 9.52513 177.025 12
    endloop
  endfacet
  facet normal -0.634164 -0.773199 0
    outer loop
      vertex 9.52513 177.025 4
      vertex 10.0555 176.59 12
      vertex 9.52513 177.025 12
    endloop
  endfacet
  facet normal -0.634164 -0.773199 -0
    outer loop
      vertex 10.0555 176.59 12
      vertex 9.52513 177.025 4
      vertex 10.0555 176.59 4
    endloop
  endfacet
  facet normal -0.95687 0.290518 0
    outer loop
      vertex 8.56725 180.183 8
      vertex 8.76642 180.839 12
      vertex 8.76642 180.839 8
    endloop
  endfacet
  facet normal -0.95687 0.290518 0
    outer loop
      vertex 8.76642 180.839 12
      vertex 8.56725 180.183 8
      vertex 8.56725 180.183 12
    endloop
  endfacet
  facet normal -0.881884 0.471466 0
    outer loop
      vertex 8.76642 180.839 8
      vertex 9.08986 181.444 12
      vertex 9.08986 181.444 8
    endloop
  endfacet
  facet normal -0.881884 0.471466 0
    outer loop
      vertex 9.08986 181.444 12
      vertex 8.76642 180.839 8
      vertex 8.76642 180.839 12
    endloop
  endfacet
  facet normal -0.995188 -0.0979888 0
    outer loop
      vertex 8.56725 178.817 4
      vertex 8.5 179.5 12
      vertex 8.5 179.5 4
    endloop
  endfacet
  facet normal -0.995188 -0.0979888 0
    outer loop
      vertex 8.5 179.5 12
      vertex 8.56725 178.817 4
      vertex 8.56725 178.817 12
    endloop
  endfacet
  facet normal 0.290518 -0.95687 0
    outer loop
      vertex 129.683 9.06725 4
      vertex 130.339 9.26642 12
      vertex 129.683 9.06725 12
    endloop
  endfacet
  facet normal 0.290518 -0.95687 0
    outer loop
      vertex 130.339 9.26642 12
      vertex 129.683 9.06725 4
      vertex 130.339 9.26642 4
    endloop
  endfacet
  facet normal 0.957012 0.290048 0
    outer loop
      vertex 132.433 13.1828 12
      vertex 132.234 13.8394 4
      vertex 132.234 13.8394 12
    endloop
  endfacet
  facet normal 0.957012 0.290048 0
    outer loop
      vertex 132.234 13.8394 4
      vertex 132.433 13.1828 12
      vertex 132.433 13.1828 4
    endloop
  endfacet
  facet normal 0.99522 0.0976563 0
    outer loop
      vertex 132.5 12.5 12
      vertex 132.433 13.1828 4
      vertex 132.433 13.1828 12
    endloop
  endfacet
  facet normal 0.99522 0.0976563 0
    outer loop
      vertex 132.433 13.1828 4
      vertex 132.5 12.5 12
      vertex 132.5 12.5 4
    endloop
  endfacet
  facet normal 0.881577 0.472039 0
    outer loop
      vertex 132.234 13.8394 12
      vertex 131.91 14.4445 4
      vertex 131.91 14.4445 12
    endloop
  endfacet
  facet normal 0.881577 0.472039 0
    outer loop
      vertex 131.91 14.4445 4
      vertex 132.234 13.8394 12
      vertex 132.234 13.8394 4
    endloop
  endfacet
  facet normal -0.881577 -0.472039 0
    outer loop
      vertex 126.09 10.5555 4
      vertex 125.766 11.1606 12
      vertex 125.766 11.1606 4
    endloop
  endfacet
  facet normal -0.881577 -0.472039 0
    outer loop
      vertex 125.766 11.1606 12
      vertex 126.09 10.5555 4
      vertex 126.09 10.5555 12
    endloop
  endfacet
  facet normal 0.290424 0.956898 -0
    outer loop
      vertex 130.339 15.7336 4
      vertex 129.683 15.9327 12
      vertex 130.339 15.7336 12
    endloop
  endfacet
  facet normal 0.290424 0.956898 0
    outer loop
      vertex 129.683 15.9327 12
      vertex 130.339 15.7336 4
      vertex 129.683 15.9327 4
    endloop
  endfacet
  facet normal -0.098061 0.99518 0
    outer loop
      vertex 129 16 4
      vertex 128.317 15.9327 12
      vertex 129 16 12
    endloop
  endfacet
  facet normal -0.098061 0.99518 0
    outer loop
      vertex 128.317 15.9327 12
      vertex 129 16 4
      vertex 128.317 15.9327 4
    endloop
  endfacet
  facet normal -0.471466 -0.881884 0
    outer loop
      vertex 127.056 9.58986 4
      vertex 127.661 9.26642 12
      vertex 127.056 9.58986 12
    endloop
  endfacet
  facet normal -0.471466 -0.881884 -0
    outer loop
      vertex 127.661 9.26642 12
      vertex 127.056 9.58986 4
      vertex 127.661 9.26642 4
    endloop
  endfacet
  facet normal -0.471534 0.881848 0
    outer loop
      vertex 127.661 15.7336 4
      vertex 127.056 15.4101 12
      vertex 127.661 15.7336 12
    endloop
  endfacet
  facet normal -0.471534 0.881848 0
    outer loop
      vertex 127.056 15.4101 12
      vertex 127.661 15.7336 4
      vertex 127.056 15.4101 4
    endloop
  endfacet
  facet normal 0.471466 -0.881884 0
    outer loop
      vertex 130.339 9.26642 4
      vertex 130.944 9.58986 12
      vertex 130.339 9.26642 12
    endloop
  endfacet
  facet normal 0.471466 -0.881884 0
    outer loop
      vertex 130.944 9.58986 12
      vertex 130.339 9.26642 4
      vertex 130.944 9.58986 4
    endloop
  endfacet
  facet normal -0.773216 0.634142 0
    outer loop
      vertex 126.09 14.4445 4
      vertex 126.525 14.9749 12
      vertex 126.525 14.9749 4
    endloop
  endfacet
  facet normal -0.773216 0.634142 0
    outer loop
      vertex 126.525 14.9749 12
      vertex 126.09 14.4445 4
      vertex 126.09 14.4445 12
    endloop
  endfacet
  facet normal 0.773216 0.634142 0
    outer loop
      vertex 131.91 14.4445 12
      vertex 131.475 14.9749 4
      vertex 131.475 14.9749 12
    endloop
  endfacet
  facet normal 0.773216 0.634142 0
    outer loop
      vertex 131.475 14.9749 4
      vertex 131.91 14.4445 12
      vertex 131.91 14.4445 4
    endloop
  endfacet
  facet normal 0.773216 -0.634142 0
    outer loop
      vertex 131.475 10.0251 12
      vertex 131.91 10.5555 4
      vertex 131.91 10.5555 12
    endloop
  endfacet
  facet normal 0.773216 -0.634142 0
    outer loop
      vertex 131.91 10.5555 4
      vertex 131.475 10.0251 12
      vertex 131.475 10.0251 4
    endloop
  endfacet
  facet normal -0.290424 0.956898 0
    outer loop
      vertex 128.317 15.9327 4
      vertex 127.661 15.7336 12
      vertex 128.317 15.9327 12
    endloop
  endfacet
  facet normal -0.290424 0.956898 0
    outer loop
      vertex 127.661 15.7336 12
      vertex 128.317 15.9327 4
      vertex 127.661 15.7336 4
    endloop
  endfacet
  facet normal 0.633923 -0.773396 0
    outer loop
      vertex 130.944 9.58986 4
      vertex 131.475 10.0251 12
      vertex 130.944 9.58986 12
    endloop
  endfacet
  facet normal 0.633923 -0.773396 0
    outer loop
      vertex 131.475 10.0251 12
      vertex 130.944 9.58986 4
      vertex 131.475 10.0251 4
    endloop
  endfacet
  facet normal 0.99522 -0.0976563 0
    outer loop
      vertex 132.433 11.8172 12
      vertex 132.5 12.5 4
      vertex 132.5 12.5 12
    endloop
  endfacet
  facet normal 0.99522 -0.0976563 0
    outer loop
      vertex 132.5 12.5 4
      vertex 132.433 11.8172 12
      vertex 132.433 11.8172 4
    endloop
  endfacet
  facet normal -0.290518 -0.95687 0
    outer loop
      vertex 127.661 9.26642 4
      vertex 128.317 9.06725 12
      vertex 127.661 9.26642 12
    endloop
  endfacet
  facet normal -0.290518 -0.95687 -0
    outer loop
      vertex 128.317 9.06725 12
      vertex 127.661 9.26642 4
      vertex 128.317 9.06725 4
    endloop
  endfacet
  facet normal 0 0 1
    outer loop
      vertex 130.412 12.5 12
      vertex 132.5 12.5 12
      vertex 132.433 13.1828 12
    endloop
  endfacet
  facet normal 0 0 1
    outer loop
      vertex 130.364 12.8655 12
      vertex 132.433 13.1828 12
      vertex 132.234 13.8394 12
    endloop
  endfacet
  facet normal 0 0 1
    outer loop
      vertex 132.5 12.5 12
      vertex 130.412 12.5 12
      vertex 132.433 11.8172 12
    endloop
  endfacet
  facet normal 0 0 1
    outer loop
      vertex 130.223 13.206 12
      vertex 132.234 13.8394 12
      vertex 131.91 14.4445 12
    endloop
  endfacet
  facet normal -0 0 1
    outer loop
      vertex 130.364 12.1345 12
      vertex 132.433 11.8172 12
      vertex 130.412 12.5 12
    endloop
  endfacet
  facet normal 0 0 1
    outer loop
      vertex 129.998 13.4985 12
      vertex 131.91 14.4445 12
      vertex 131.475 14.9749 12
    endloop
  endfacet
  facet normal 0 0 1
    outer loop
      vertex 132.433 11.8172 12
      vertex 130.364 12.1345 12
      vertex 132.234 11.1606 12
    endloop
  endfacet
  facet normal 0 0 1
    outer loop
      vertex 129.998 13.4985 12
      vertex 131.475 14.9749 12
      vertex 130.944 15.4101 12
    endloop
  endfacet
  facet normal -0 0 1
    outer loop
      vertex 130.223 11.794 12
      vertex 132.234 11.1606 12
      vertex 130.364 12.1345 12
    endloop
  endfacet
  facet normal 0 0 1
    outer loop
      vertex 132.234 11.1606 12
      vertex 130.223 11.794 12
      vertex 131.91 10.5555 12
    endloop
  endfacet
  facet normal 0 0 1
    outer loop
      vertex 132.433 13.1828 12
      vertex 130.364 12.8655 12
      vertex 130.412 12.5 12
    endloop
  endfacet
  facet normal 0 0 1
    outer loop
      vertex 129.706 13.7229 12
      vertex 130.944 15.4101 12
      vertex 130.339 15.7336 12
    endloop
  endfacet
  facet normal 0 0 1
    outer loop
      vertex 132.234 13.8394 12
      vertex 130.223 13.206 12
      vertex 130.364 12.8655 12
    endloop
  endfacet
  facet normal 0 0 1
    outer loop
      vertex 131.91 14.4445 12
      vertex 129.998 13.4985 12
      vertex 130.223 13.206 12
    endloop
  endfacet
  facet normal 0 0 1
    outer loop
      vertex 130.944 15.4101 12
      vertex 129.706 13.7229 12
      vertex 129.998 13.4985 12
    endloop
  endfacet
  facet normal 0 0 1
    outer loop
      vertex 129.365 13.864 12
      vertex 130.339 15.7336 12
      vertex 129.683 15.9327 12
    endloop
  endfacet
  facet normal 0 0 1
    outer loop
      vertex 130.339 15.7336 12
      vertex 129.365 13.864 12
      vertex 129.706 13.7229 12
    endloop
  endfacet
  facet normal 0 0 1
    outer loop
      vertex 129 13.9121 12
      vertex 129.683 15.9327 12
      vertex 129 16 12
    endloop
  endfacet
  facet normal 0 0 1
    outer loop
      vertex 129.683 15.9327 12
      vertex 129 13.9121 12
      vertex 129.365 13.864 12
    endloop
  endfacet
  facet normal -0 0 1
    outer loop
      vertex 128.317 15.9327 12
      vertex 129 13.9121 12
      vertex 129 16 12
    endloop
  endfacet
  facet normal 0 0 1
    outer loop
      vertex 129 13.9121 12
      vertex 128.317 15.9327 12
      vertex 128.635 13.864 12
    endloop
  endfacet
  facet normal -0 0 1
    outer loop
      vertex 127.661 15.7336 12
      vertex 128.635 13.864 12
      vertex 128.317 15.9327 12
    endloop
  endfacet
  facet normal 0 0 1
    outer loop
      vertex 128.635 13.864 12
      vertex 127.661 15.7336 12
      vertex 128.294 13.7229 12
    endloop
  endfacet
  facet normal -0 0 1
    outer loop
      vertex 127.056 15.4101 12
      vertex 128.294 13.7229 12
      vertex 127.661 15.7336 12
    endloop
  endfacet
  facet normal 0 0 1
    outer loop
      vertex 128.294 13.7229 12
      vertex 127.056 15.4101 12
      vertex 128.002 13.4985 12
    endloop
  endfacet
  facet normal -0 0 1
    outer loop
      vertex 126.525 14.9749 12
      vertex 128.002 13.4985 12
      vertex 127.056 15.4101 12
    endloop
  endfacet
  facet normal -0 0 1
    outer loop
      vertex 126.09 14.4445 12
      vertex 128.002 13.4985 12
      vertex 126.525 14.9749 12
    endloop
  endfacet
  facet normal 0 0 1
    outer loop
      vertex 128.002 13.4985 12
      vertex 126.09 14.4445 12
      vertex 127.777 13.206 12
    endloop
  endfacet
  facet normal -0 0 1
    outer loop
      vertex 129.998 11.5015 12
      vertex 131.91 10.5555 12
      vertex 130.223 11.794 12
    endloop
  endfacet
  facet normal 0 0 1
    outer loop
      vertex 131.91 10.5555 12
      vertex 129.998 11.5015 12
      vertex 131.475 10.0251 12
    endloop
  endfacet
  facet normal 0 0 1
    outer loop
      vertex 131.475 10.0251 12
      vertex 129.998 11.5015 12
      vertex 130.944 9.58986 12
    endloop
  endfacet
  facet normal -0 0 1
    outer loop
      vertex 129.706 11.2771 12
      vertex 130.944 9.58986 12
      vertex 129.998 11.5015 12
    endloop
  endfacet
  facet normal 0 0 1
    outer loop
      vertex 130.944 9.58986 12
      vertex 129.706 11.2771 12
      vertex 130.339 9.26642 12
    endloop
  endfacet
  facet normal -0 0 1
    outer loop
      vertex 129.365 11.136 12
      vertex 130.339 9.26642 12
      vertex 129.706 11.2771 12
    endloop
  endfacet
  facet normal 0 0 1
    outer loop
      vertex 130.339 9.26642 12
      vertex 129.365 11.136 12
      vertex 129.683 9.06725 12
    endloop
  endfacet
  facet normal -0 0 1
    outer loop
      vertex 129 11.0879 12
      vertex 129.683 9.06725 12
      vertex 129.365 11.136 12
    endloop
  endfacet
  facet normal 0 0 1
    outer loop
      vertex 129 11.0879 12
      vertex 129 9 12
      vertex 129.683 9.06725 12
    endloop
  endfacet
  facet normal 0 0 1
    outer loop
      vertex 128.317 9.06725 12
      vertex 129 11.0879 12
      vertex 128.635 11.136 12
    endloop
  endfacet
  facet normal 0 0 1
    outer loop
      vertex 129 11.0879 12
      vertex 128.317 9.06725 12
      vertex 129 9 12
    endloop
  endfacet
  facet normal 0 0 1
    outer loop
      vertex 127.661 9.26642 12
      vertex 128.635 11.136 12
      vertex 128.294 11.2771 12
    endloop
  endfacet
  facet normal 0 0 1
    outer loop
      vertex 127.056 9.58986 12
      vertex 128.294 11.2771 12
      vertex 128.002 11.5015 12
    endloop
  endfacet
  facet normal 0 0 1
    outer loop
      vertex 126.09 10.5555 12
      vertex 128.002 11.5015 12
      vertex 127.777 11.794 12
    endloop
  endfacet
  facet normal 0 0 1
    outer loop
      vertex 128.635 11.136 12
      vertex 127.661 9.26642 12
      vertex 128.317 9.06725 12
    endloop
  endfacet
  facet normal 0 0 1
    outer loop
      vertex 125.766 11.1606 12
      vertex 127.777 11.794 12
      vertex 127.636 12.1345 12
    endloop
  endfacet
  facet normal 0 0 1
    outer loop
      vertex 125.567 11.8172 12
      vertex 127.636 12.1345 12
      vertex 127.588 12.5 12
    endloop
  endfacet
  facet normal -0 0 1
    outer loop
      vertex 125.766 13.8394 12
      vertex 127.777 13.206 12
      vertex 126.09 14.4445 12
    endloop
  endfacet
  facet normal 0 0 1
    outer loop
      vertex 128.294 11.2771 12
      vertex 127.056 9.58986 12
      vertex 127.661 9.26642 12
    endloop
  endfacet
  facet normal 0 0 1
    outer loop
      vertex 127.777 13.206 12
      vertex 125.766 13.8394 12
      vertex 127.636 12.8655 12
    endloop
  endfacet
  facet normal 0 0 1
    outer loop
      vertex 128.002 11.5015 12
      vertex 126.525 10.0251 12
      vertex 127.056 9.58986 12
    endloop
  endfacet
  facet normal -0 0 1
    outer loop
      vertex 125.567 13.1828 12
      vertex 127.636 12.8655 12
      vertex 125.766 13.8394 12
    endloop
  endfacet
  facet normal 0 0 1
    outer loop
      vertex 128.002 11.5015 12
      vertex 126.09 10.5555 12
      vertex 126.525 10.0251 12
    endloop
  endfacet
  facet normal 0 0 1
    outer loop
      vertex 127.636 12.8655 12
      vertex 125.567 13.1828 12
      vertex 127.588 12.5 12
    endloop
  endfacet
  facet normal 0 0 1
    outer loop
      vertex 127.777 11.794 12
      vertex 125.766 11.1606 12
      vertex 126.09 10.5555 12
    endloop
  endfacet
  facet normal 0 0 1
    outer loop
      vertex 125.5 12.5 12
      vertex 127.588 12.5 12
      vertex 125.567 13.1828 12
    endloop
  endfacet
  facet normal 0 0 1
    outer loop
      vertex 127.636 12.1345 12
      vertex 125.567 11.8172 12
      vertex 125.766 11.1606 12
    endloop
  endfacet
  facet normal 0 0 1
    outer loop
      vertex 127.588 12.5 12
      vertex 125.5 12.5 12
      vertex 125.567 11.8172 12
    endloop
  endfacet
  facet normal 0.957012 -0.290048 0
    outer loop
      vertex 132.234 11.1606 12
      vertex 132.433 11.8172 4
      vertex 132.433 11.8172 12
    endloop
  endfacet
  facet normal 0.957012 -0.290048 0
    outer loop
      vertex 132.433 11.8172 4
      vertex 132.234 11.1606 12
      vertex 132.234 11.1606 4
    endloop
  endfacet
  facet normal -0.957012 -0.290048 0
    outer loop
      vertex 125.766 11.1606 4
      vertex 125.567 11.8172 12
      vertex 125.567 11.8172 4
    endloop
  endfacet
  facet normal -0.957012 -0.290048 0
    outer loop
      vertex 125.567 11.8172 12
      vertex 125.766 11.1606 4
      vertex 125.766 11.1606 12
    endloop
  endfacet
  facet normal 0.881577 -0.472039 0
    outer loop
      vertex 131.91 10.5555 12
      vertex 132.234 11.1606 4
      vertex 132.234 11.1606 12
    endloop
  endfacet
  facet normal 0.881577 -0.472039 0
    outer loop
      vertex 132.234 11.1606 4
      vertex 131.91 10.5555 12
      vertex 131.91 10.5555 4
    endloop
  endfacet
  facet normal -0.99522 0.0976563 0
    outer loop
      vertex 125.5 12.5 4
      vertex 125.567 13.1828 12
      vertex 125.567 13.1828 4
    endloop
  endfacet
  facet normal -0.99522 0.0976563 0
    outer loop
      vertex 125.567 13.1828 12
      vertex 125.5 12.5 4
      vertex 125.5 12.5 12
    endloop
  endfacet
  facet normal 0.098061 0.99518 -0
    outer loop
      vertex 129.683 15.9327 4
      vertex 129 16 12
      vertex 129.683 15.9327 12
    endloop
  endfacet
  facet normal 0.098061 0.99518 0
    outer loop
      vertex 129 16 12
      vertex 129.683 15.9327 4
      vertex 129 16 4
    endloop
  endfacet
  facet normal -0.633888 0.773425 0
    outer loop
      vertex 127.056 15.4101 4
      vertex 126.525 14.9749 12
      vertex 127.056 15.4101 12
    endloop
  endfacet
  facet normal -0.633888 0.773425 0
    outer loop
      vertex 126.525 14.9749 12
      vertex 127.056 15.4101 4
      vertex 126.525 14.9749 4
    endloop
  endfacet
  facet normal 0.633888 0.773425 -0
    outer loop
      vertex 131.475 14.9749 4
      vertex 130.944 15.4101 12
      vertex 131.475 14.9749 12
    endloop
  endfacet
  facet normal 0.633888 0.773425 0
    outer loop
      vertex 130.944 15.4101 12
      vertex 131.475 14.9749 4
      vertex 130.944 15.4101 4
    endloop
  endfacet
  facet normal 0.0979888 -0.995188 0
    outer loop
      vertex 129 9 4
      vertex 129.683 9.06725 12
      vertex 129 9 12
    endloop
  endfacet
  facet normal 0.0979888 -0.995188 0
    outer loop
      vertex 129.683 9.06725 12
      vertex 129 9 4
      vertex 129.683 9.06725 4
    endloop
  endfacet
  facet normal 0.471534 0.881848 -0
    outer loop
      vertex 130.944 15.4101 4
      vertex 130.339 15.7336 12
      vertex 130.944 15.4101 12
    endloop
  endfacet
  facet normal 0.471534 0.881848 0
    outer loop
      vertex 130.339 15.7336 12
      vertex 130.944 15.4101 4
      vertex 130.339 15.7336 4
    endloop
  endfacet
  facet normal -0.773216 -0.634142 0
    outer loop
      vertex 126.525 10.0251 4
      vertex 126.09 10.5555 12
      vertex 126.09 10.5555 4
    endloop
  endfacet
  facet normal -0.773216 -0.634142 0
    outer loop
      vertex 126.09 10.5555 12
      vertex 126.525 10.0251 4
      vertex 126.525 10.0251 12
    endloop
  endfacet
  facet normal -0.0979888 -0.995188 0
    outer loop
      vertex 128.317 9.06725 4
      vertex 129 9 12
      vertex 128.317 9.06725 12
    endloop
  endfacet
  facet normal -0.0979888 -0.995188 -0
    outer loop
      vertex 129 9 12
      vertex 128.317 9.06725 4
      vertex 129 9 4
    endloop
  endfacet
  facet normal -0.633923 -0.773396 0
    outer loop
      vertex 126.525 10.0251 4
      vertex 127.056 9.58986 12
      vertex 126.525 10.0251 12
    endloop
  endfacet
  facet normal -0.633923 -0.773396 -0
    outer loop
      vertex 127.056 9.58986 12
      vertex 126.525 10.0251 4
      vertex 127.056 9.58986 4
    endloop
  endfacet
  facet normal -0.957012 0.290048 0
    outer loop
      vertex 125.567 13.1828 4
      vertex 125.766 13.8394 12
      vertex 125.766 13.8394 4
    endloop
  endfacet
  facet normal -0.957012 0.290048 0
    outer loop
      vertex 125.766 13.8394 12
      vertex 125.567 13.1828 4
      vertex 125.567 13.1828 12
    endloop
  endfacet
  facet normal -0.881577 0.472039 0
    outer loop
      vertex 125.766 13.8394 4
      vertex 126.09 14.4445 12
      vertex 126.09 14.4445 4
    endloop
  endfacet
  facet normal -0.881577 0.472039 0
    outer loop
      vertex 126.09 14.4445 12
      vertex 125.766 13.8394 4
      vertex 125.766 13.8394 12
    endloop
  endfacet
  facet normal -0.99522 -0.0976563 0
    outer loop
      vertex 125.567 11.8172 4
      vertex 125.5 12.5 12
      vertex 125.5 12.5 4
    endloop
  endfacet
  facet normal -0.99522 -0.0976563 0
    outer loop
      vertex 125.5 12.5 12
      vertex 125.567 11.8172 4
      vertex 125.567 11.8172 12
    endloop
  endfacet
  facet normal 0.290291 -0.956938 0
    outer loop
      vertex 129.683 176.067 4
      vertex 130.339 176.266 12
      vertex 129.683 176.067 12
    endloop
  endfacet
  facet normal 0.290291 -0.956938 0
    outer loop
      vertex 130.339 176.266 12
      vertex 129.683 176.067 4
      vertex 130.339 176.266 4
    endloop
  endfacet
  facet normal 0.956938 0.290291 0
    outer loop
      vertex 132.433 180.183 12
      vertex 132.234 180.839 4
      vertex 132.234 180.839 12
    endloop
  endfacet
  facet normal 0.956938 0.290291 0
    outer loop
      vertex 132.234 180.839 4
      vertex 132.433 180.183 12
      vertex 132.433 180.183 4
    endloop
  endfacet
  facet normal 0.995223 0.097628 0
    outer loop
      vertex 132.5 179.5 12
      vertex 132.433 180.183 4
      vertex 132.433 180.183 12
    endloop
  endfacet
  facet normal 0.995223 0.097628 0
    outer loop
      vertex 132.433 180.183 4
      vertex 132.5 179.5 12
      vertex 132.5 179.5 4
    endloop
  endfacet
  facet normal 0.881545 0.4721 0
    outer loop
      vertex 132.234 180.839 12
      vertex 131.91 181.444 4
      vertex 131.91 181.444 12
    endloop
  endfacet
  facet normal 0.881545 0.4721 0
    outer loop
      vertex 131.91 181.444 4
      vertex 132.234 180.839 12
      vertex 132.234 180.839 4
    endloop
  endfacet
  facet normal -0.881545 -0.4721 0
    outer loop
      vertex 126.09 177.556 4
      vertex 125.766 178.161 12
      vertex 125.766 178.161 4
    endloop
  endfacet
  facet normal -0.881545 -0.4721 0
    outer loop
      vertex 125.766 178.161 12
      vertex 126.09 177.556 4
      vertex 126.09 177.556 12
    endloop
  endfacet
  facet normal 0.290291 0.956938 -0
    outer loop
      vertex 130.339 182.734 4
      vertex 129.683 182.933 12
      vertex 130.339 182.734 12
    endloop
  endfacet
  facet normal 0.290291 0.956938 0
    outer loop
      vertex 129.683 182.933 12
      vertex 130.339 182.734 4
      vertex 129.683 182.933 4
    endloop
  endfacet
  facet normal -0.097628 0.995223 0
    outer loop
      vertex 129 183 4
      vertex 128.317 182.933 12
      vertex 129 183 12
    endloop
  endfacet
  facet normal -0.097628 0.995223 0
    outer loop
      vertex 128.317 182.933 12
      vertex 129 183 4
      vertex 128.317 182.933 4
    endloop
  endfacet
  facet normal -0.4721 -0.881545 0
    outer loop
      vertex 127.056 176.59 4
      vertex 127.661 176.266 12
      vertex 127.056 176.59 12
    endloop
  endfacet
  facet normal -0.4721 -0.881545 -0
    outer loop
      vertex 127.661 176.266 12
      vertex 127.056 176.59 4
      vertex 127.661 176.266 4
    endloop
  endfacet
  facet normal -0.4721 0.881545 0
    outer loop
      vertex 127.661 182.734 4
      vertex 127.056 182.41 12
      vertex 127.661 182.734 12
    endloop
  endfacet
  facet normal -0.4721 0.881545 0
    outer loop
      vertex 127.056 182.41 12
      vertex 127.661 182.734 4
      vertex 127.056 182.41 4
    endloop
  endfacet
  facet normal 0.4721 -0.881545 0
    outer loop
      vertex 130.339 176.266 4
      vertex 130.944 176.59 12
      vertex 130.339 176.266 12
    endloop
  endfacet
  facet normal 0.4721 -0.881545 0
    outer loop
      vertex 130.944 176.59 12
      vertex 130.339 176.266 4
      vertex 130.944 176.59 4
    endloop
  endfacet
  facet normal -0.773568 0.633714 0
    outer loop
      vertex 126.09 181.444 4
      vertex 126.525 181.975 12
      vertex 126.525 181.975 4
    endloop
  endfacet
  facet normal -0.773568 0.633714 0
    outer loop
      vertex 126.525 181.975 12
      vertex 126.09 181.444 4
      vertex 126.09 181.444 12
    endloop
  endfacet
  facet normal 0.773568 0.633714 0
    outer loop
      vertex 131.91 181.444 12
      vertex 131.475 181.975 4
      vertex 131.475 181.975 12
    endloop
  endfacet
  facet normal 0.773568 0.633714 0
    outer loop
      vertex 131.475 181.975 4
      vertex 131.91 181.444 12
      vertex 131.91 181.444 4
    endloop
  endfacet
  facet normal 0.773568 -0.633714 0
    outer loop
      vertex 131.475 177.025 12
      vertex 131.91 177.556 4
      vertex 131.91 177.556 12
    endloop
  endfacet
  facet normal 0.773568 -0.633714 0
    outer loop
      vertex 131.91 177.556 4
      vertex 131.475 177.025 12
      vertex 131.475 177.025 4
    endloop
  endfacet
  facet normal -0.097628 -0.995223 0
    outer loop
      vertex 128.317 176.067 4
      vertex 129 176 12
      vertex 128.317 176.067 12
    endloop
  endfacet
  facet normal -0.097628 -0.995223 -0
    outer loop
      vertex 129 176 12
      vertex 128.317 176.067 4
      vertex 129 176 4
    endloop
  endfacet
  facet normal -0.290291 0.956938 0
    outer loop
      vertex 128.317 182.933 4
      vertex 127.661 182.734 12
      vertex 128.317 182.933 12
    endloop
  endfacet
  facet normal -0.290291 0.956938 0
    outer loop
      vertex 127.661 182.734 12
      vertex 128.317 182.933 4
      vertex 127.661 182.734 4
    endloop
  endfacet
  facet normal 0.633714 -0.773568 0
    outer loop
      vertex 130.944 176.59 4
      vertex 131.475 177.025 12
      vertex 130.944 176.59 12
    endloop
  endfacet
  facet normal 0.633714 -0.773568 0
    outer loop
      vertex 131.475 177.025 12
      vertex 130.944 176.59 4
      vertex 131.475 177.025 4
    endloop
  endfacet
  facet normal 0.995223 -0.097628 0
    outer loop
      vertex 132.433 178.817 12
      vertex 132.5 179.5 4
      vertex 132.5 179.5 12
    endloop
  endfacet
  facet normal 0.995223 -0.097628 0
    outer loop
      vertex 132.5 179.5 4
      vertex 132.433 178.817 12
      vertex 132.433 178.817 4
    endloop
  endfacet
  facet normal -0.290291 -0.956938 0
    outer loop
      vertex 127.661 176.266 4
      vertex 128.317 176.067 12
      vertex 127.661 176.266 12
    endloop
  endfacet
  facet normal -0.290291 -0.956938 -0
    outer loop
      vertex 128.317 176.067 12
      vertex 127.661 176.266 4
      vertex 128.317 176.067 4
    endloop
  endfacet
  facet normal 0 0 1
    outer loop
      vertex 130.412 179.5 12
      vertex 132.5 179.5 12
      vertex 132.433 180.183 12
    endloop
  endfacet
  facet normal 0 0 1
    outer loop
      vertex 130.364 179.865 12
      vertex 132.433 180.183 12
      vertex 132.234 180.839 12
    endloop
  endfacet
  facet normal 0 0 1
    outer loop
      vertex 132.5 179.5 12
      vertex 130.412 179.5 12
      vertex 132.433 178.817 12
    endloop
  endfacet
  facet normal 0 0 1
    outer loop
      vertex 130.223 180.206 12
      vertex 132.234 180.839 12
      vertex 131.91 181.444 12
    endloop
  endfacet
  facet normal -0 0 1
    outer loop
      vertex 130.364 179.135 12
      vertex 132.433 178.817 12
      vertex 130.412 179.5 12
    endloop
  endfacet
  facet normal 0 0 1
    outer loop
      vertex 129.998 180.498 12
      vertex 131.91 181.444 12
      vertex 131.475 181.975 12
    endloop
  endfacet
  facet normal 0 0 1
    outer loop
      vertex 132.433 178.817 12
      vertex 130.364 179.135 12
      vertex 132.234 178.161 12
    endloop
  endfacet
  facet normal 0 0 1
    outer loop
      vertex 129.998 180.498 12
      vertex 131.475 181.975 12
      vertex 130.944 182.41 12
    endloop
  endfacet
  facet normal -0 0 1
    outer loop
      vertex 130.223 178.794 12
      vertex 132.234 178.161 12
      vertex 130.364 179.135 12
    endloop
  endfacet
  facet normal 0 0 1
    outer loop
      vertex 132.234 178.161 12
      vertex 130.223 178.794 12
      vertex 131.91 177.556 12
    endloop
  endfacet
  facet normal 0 0 1
    outer loop
      vertex 132.433 180.183 12
      vertex 130.364 179.865 12
      vertex 130.412 179.5 12
    endloop
  endfacet
  facet normal 0 0 1
    outer loop
      vertex 129.706 180.723 12
      vertex 130.944 182.41 12
      vertex 130.339 182.734 12
    endloop
  endfacet
  facet normal 0 0 1
    outer loop
      vertex 132.234 180.839 12
      vertex 130.223 180.206 12
      vertex 130.364 179.865 12
    endloop
  endfacet
  facet normal 0 0 1
    outer loop
      vertex 131.91 181.444 12
      vertex 129.998 180.498 12
      vertex 130.223 180.206 12
    endloop
  endfacet
  facet normal 0 0 1
    outer loop
      vertex 130.944 182.41 12
      vertex 129.706 180.723 12
      vertex 129.998 180.498 12
    endloop
  endfacet
  facet normal 0 0 1
    outer loop
      vertex 129.365 180.864 12
      vertex 130.339 182.734 12
      vertex 129.683 182.933 12
    endloop
  endfacet
  facet normal 0 0 1
    outer loop
      vertex 130.339 182.734 12
      vertex 129.365 180.864 12
      vertex 129.706 180.723 12
    endloop
  endfacet
  facet normal 0 0 1
    outer loop
      vertex 129 180.912 12
      vertex 129.683 182.933 12
      vertex 129 183 12
    endloop
  endfacet
  facet normal 0 0 1
    outer loop
      vertex 129.683 182.933 12
      vertex 129 180.912 12
      vertex 129.365 180.864 12
    endloop
  endfacet
  facet normal -0 0 1
    outer loop
      vertex 128.317 182.933 12
      vertex 129 180.912 12
      vertex 129 183 12
    endloop
  endfacet
  facet normal 0 0 1
    outer loop
      vertex 129 180.912 12
      vertex 128.317 182.933 12
      vertex 128.635 180.864 12
    endloop
  endfacet
  facet normal -0 0 1
    outer loop
      vertex 127.661 182.734 12
      vertex 128.635 180.864 12
      vertex 128.317 182.933 12
    endloop
  endfacet
  facet normal 0 0 1
    outer loop
      vertex 128.635 180.864 12
      vertex 127.661 182.734 12
      vertex 128.294 180.723 12
    endloop
  endfacet
  facet normal -0 0 1
    outer loop
      vertex 127.056 182.41 12
      vertex 128.294 180.723 12
      vertex 127.661 182.734 12
    endloop
  endfacet
  facet normal 0 0 1
    outer loop
      vertex 128.294 180.723 12
      vertex 127.056 182.41 12
      vertex 128.002 180.498 12
    endloop
  endfacet
  facet normal -0 0 1
    outer loop
      vertex 126.525 181.975 12
      vertex 128.002 180.498 12
      vertex 127.056 182.41 12
    endloop
  endfacet
  facet normal -0 0 1
    outer loop
      vertex 126.09 181.444 12
      vertex 128.002 180.498 12
      vertex 126.525 181.975 12
    endloop
  endfacet
  facet normal 0 0 1
    outer loop
      vertex 128.002 180.498 12
      vertex 126.09 181.444 12
      vertex 127.777 180.206 12
    endloop
  endfacet
  facet normal -0 0 1
    outer loop
      vertex 129.998 178.502 12
      vertex 131.91 177.556 12
      vertex 130.223 178.794 12
    endloop
  endfacet
  facet normal 0 0 1
    outer loop
      vertex 131.91 177.556 12
      vertex 129.998 178.502 12
      vertex 131.475 177.025 12
    endloop
  endfacet
  facet normal 0 0 1
    outer loop
      vertex 131.475 177.025 12
      vertex 129.998 178.502 12
      vertex 130.944 176.59 12
    endloop
  endfacet
  facet normal -0 0 1
    outer loop
      vertex 129.706 178.277 12
      vertex 130.944 176.59 12
      vertex 129.998 178.502 12
    endloop
  endfacet
  facet normal 0 0 1
    outer loop
      vertex 130.944 176.59 12
      vertex 129.706 178.277 12
      vertex 130.339 176.266 12
    endloop
  endfacet
  facet normal -0 0 1
    outer loop
      vertex 129.365 178.136 12
      vertex 130.339 176.266 12
      vertex 129.706 178.277 12
    endloop
  endfacet
  facet normal 0 0 1
    outer loop
      vertex 130.339 176.266 12
      vertex 129.365 178.136 12
      vertex 129.683 176.067 12
    endloop
  endfacet
  facet normal -0 0 1
    outer loop
      vertex 129 178.088 12
      vertex 129.683 176.067 12
      vertex 129.365 178.136 12
    endloop
  endfacet
  facet normal 0 0 1
    outer loop
      vertex 129 178.088 12
      vertex 129 176 12
      vertex 129.683 176.067 12
    endloop
  endfacet
  facet normal 0 0 1
    outer loop
      vertex 128.317 176.067 12
      vertex 129 178.088 12
      vertex 128.635 178.136 12
    endloop
  endfacet
  facet normal 0 0 1
    outer loop
      vertex 129 178.088 12
      vertex 128.317 176.067 12
      vertex 129 176 12
    endloop
  endfacet
  facet normal 0 0 1
    outer loop
      vertex 127.661 176.266 12
      vertex 128.635 178.136 12
      vertex 128.294 178.277 12
    endloop
  endfacet
  facet normal 0 0 1
    outer loop
      vertex 127.056 176.59 12
      vertex 128.294 178.277 12
      vertex 128.002 178.502 12
    endloop
  endfacet
  facet normal 0 0 1
    outer loop
      vertex 126.09 177.556 12
      vertex 128.002 178.502 12
      vertex 127.777 178.794 12
    endloop
  endfacet
  facet normal 0 0 1
    outer loop
      vertex 128.635 178.136 12
      vertex 127.661 176.266 12
      vertex 128.317 176.067 12
    endloop
  endfacet
  facet normal 0 0 1
    outer loop
      vertex 125.766 178.161 12
      vertex 127.777 178.794 12
      vertex 127.636 179.135 12
    endloop
  endfacet
  facet normal 0 0 1
    outer loop
      vertex 125.567 178.817 12
      vertex 127.636 179.135 12
      vertex 127.588 179.5 12
    endloop
  endfacet
  facet normal -0 0 1
    outer loop
      vertex 125.766 180.839 12
      vertex 127.777 180.206 12
      vertex 126.09 181.444 12
    endloop
  endfacet
  facet normal 0 0 1
    outer loop
      vertex 128.294 178.277 12
      vertex 127.056 176.59 12
      vertex 127.661 176.266 12
    endloop
  endfacet
  facet normal 0 0 1
    outer loop
      vertex 127.777 180.206 12
      vertex 125.766 180.839 12
      vertex 127.636 179.865 12
    endloop
  endfacet
  facet normal 0 0 1
    outer loop
      vertex 128.002 178.502 12
      vertex 126.525 177.025 12
      vertex 127.056 176.59 12
    endloop
  endfacet
  facet normal -0 0 1
    outer loop
      vertex 125.567 180.183 12
      vertex 127.636 179.865 12
      vertex 125.766 180.839 12
    endloop
  endfacet
  facet normal 0 0 1
    outer loop
      vertex 128.002 178.502 12
      vertex 126.09 177.556 12
      vertex 126.525 177.025 12
    endloop
  endfacet
  facet normal 0 0 1
    outer loop
      vertex 127.636 179.865 12
      vertex 125.567 180.183 12
      vertex 127.588 179.5 12
    endloop
  endfacet
  facet normal 0 0 1
    outer loop
      vertex 127.777 178.794 12
      vertex 125.766 178.161 12
      vertex 126.09 177.556 12
    endloop
  endfacet
  facet normal 0 0 1
    outer loop
      vertex 125.5 179.5 12
      vertex 127.588 179.5 12
      vertex 125.567 180.183 12
    endloop
  endfacet
  facet normal 0 0 1
    outer loop
      vertex 127.636 179.135 12
      vertex 125.567 178.817 12
      vertex 125.766 178.161 12
    endloop
  endfacet
  facet normal 0 0 1
    outer loop
      vertex 127.588 179.5 12
      vertex 125.5 179.5 12
      vertex 125.567 178.817 12
    endloop
  endfacet
  facet normal 0.956938 -0.290291 0
    outer loop
      vertex 132.234 178.161 12
      vertex 132.433 178.817 4
      vertex 132.433 178.817 12
    endloop
  endfacet
  facet normal 0.956938 -0.290291 0
    outer loop
      vertex 132.433 178.817 4
      vertex 132.234 178.161 12
      vertex 132.234 178.161 4
    endloop
  endfacet
  facet normal -0.956938 -0.290291 0
    outer loop
      vertex 125.766 178.161 4
      vertex 125.567 178.817 12
      vertex 125.567 178.817 4
    endloop
  endfacet
  facet normal -0.956938 -0.290291 0
    outer loop
      vertex 125.567 178.817 12
      vertex 125.766 178.161 4
      vertex 125.766 178.161 12
    endloop
  endfacet
  facet normal 0.881545 -0.4721 0
    outer loop
      vertex 131.91 177.556 12
      vertex 132.234 178.161 4
      vertex 132.234 178.161 12
    endloop
  endfacet
  facet normal 0.881545 -0.4721 0
    outer loop
      vertex 132.234 178.161 4
      vertex 131.91 177.556 12
      vertex 131.91 177.556 4
    endloop
  endfacet
  facet normal -0.995223 0.097628 0
    outer loop
      vertex 125.5 179.5 4
      vertex 125.567 180.183 12
      vertex 125.567 180.183 4
    endloop
  endfacet
  facet normal -0.995223 0.097628 0
    outer loop
      vertex 125.567 180.183 12
      vertex 125.5 179.5 4
      vertex 125.5 179.5 12
    endloop
  endfacet
  facet normal 0.097628 0.995223 -0
    outer loop
      vertex 129.683 182.933 4
      vertex 129 183 12
      vertex 129.683 182.933 12
    endloop
  endfacet
  facet normal 0.097628 0.995223 0
    outer loop
      vertex 129 183 12
      vertex 129.683 182.933 4
      vertex 129 183 4
    endloop
  endfacet
  facet normal -0.633714 0.773568 0
    outer loop
      vertex 127.056 182.41 4
      vertex 126.525 181.975 12
      vertex 127.056 182.41 12
    endloop
  endfacet
  facet normal -0.633714 0.773568 0
    outer loop
      vertex 126.525 181.975 12
      vertex 127.056 182.41 4
      vertex 126.525 181.975 4
    endloop
  endfacet
  facet normal 0.633714 0.773568 -0
    outer loop
      vertex 131.475 181.975 4
      vertex 130.944 182.41 12
      vertex 131.475 181.975 12
    endloop
  endfacet
  facet normal 0.633714 0.773568 0
    outer loop
      vertex 130.944 182.41 12
      vertex 131.475 181.975 4
      vertex 130.944 182.41 4
    endloop
  endfacet
  facet normal 0.097628 -0.995223 0
    outer loop
      vertex 129 176 4
      vertex 129.683 176.067 12
      vertex 129 176 12
    endloop
  endfacet
  facet normal 0.097628 -0.995223 0
    outer loop
      vertex 129.683 176.067 12
      vertex 129 176 4
      vertex 129.683 176.067 4
    endloop
  endfacet
  facet normal 0.4721 0.881545 -0
    outer loop
      vertex 130.944 182.41 4
      vertex 130.339 182.734 12
      vertex 130.944 182.41 12
    endloop
  endfacet
  facet normal 0.4721 0.881545 0
    outer loop
      vertex 130.339 182.734 12
      vertex 130.944 182.41 4
      vertex 130.339 182.734 4
    endloop
  endfacet
  facet normal -0.773568 -0.633714 0
    outer loop
      vertex 126.525 177.025 4
      vertex 126.09 177.556 12
      vertex 126.09 177.556 4
    endloop
  endfacet
  facet normal -0.773568 -0.633714 0
    outer loop
      vertex 126.09 177.556 12
      vertex 126.525 177.025 4
      vertex 126.525 177.025 12
    endloop
  endfacet
  facet normal -0.633714 -0.773568 0
    outer loop
      vertex 126.525 177.025 4
      vertex 127.056 176.59 12
      vertex 126.525 177.025 12
    endloop
  endfacet
  facet normal -0.633714 -0.773568 -0
    outer loop
      vertex 127.056 176.59 12
      vertex 126.525 177.025 4
      vertex 127.056 176.59 4
    endloop
  endfacet
  facet normal -0.956938 0.290291 0
    outer loop
      vertex 125.567 180.183 4
      vertex 125.766 180.839 12
      vertex 125.766 180.839 4
    endloop
  endfacet
  facet normal -0.956938 0.290291 0
    outer loop
      vertex 125.766 180.839 12
      vertex 125.567 180.183 4
      vertex 125.567 180.183 12
    endloop
  endfacet
  facet normal -0.881545 0.4721 0
    outer loop
      vertex 125.766 180.839 4
      vertex 126.09 181.444 12
      vertex 126.09 181.444 4
    endloop
  endfacet
  facet normal -0.881545 0.4721 0
    outer loop
      vertex 126.09 181.444 12
      vertex 125.766 180.839 4
      vertex 125.766 180.839 12
    endloop
  endfacet
  facet normal -0.995223 -0.097628 0
    outer loop
      vertex 125.567 178.817 4
      vertex 125.5 179.5 12
      vertex 125.5 179.5 4
    endloop
  endfacet
  facet normal -0.995223 -0.097628 0
    outer loop
      vertex 125.5 179.5 12
      vertex 125.567 178.817 4
      vertex 125.567 178.817 12
    endloop
  endfacet
  facet normal -0 0 1
    outer loop
      vertex 143 54 86
      vertex 143.01 50 86
      vertex 143.01 54 86
    endloop
  endfacet
  facet normal 0 0 1
    outer loop
      vertex 143.01 50 86
      vertex 143 54 86
      vertex 143 50 86
    endloop
  endfacet
  facet normal 1 -0 0
    outer loop
      vertex 169 50 4
      vertex 169 54 0
      vertex 169 54 4
    endloop
  endfacet
  facet normal 1 0 0
    outer loop
      vertex 169 54 0
      vertex 169 50 4
      vertex 169 50 0
    endloop
  endfacet
  facet normal 0 1 -0
    outer loop
      vertex 169 54 0
      vertex 152 54 4
      vertex 169 54 4
    endloop
  endfacet
  facet normal 0 1 0
    outer loop
      vertex 152 54 4
      vertex 169 54 0
      vertex 152 54 0
    endloop
  endfacet
  facet normal 0 1 -0
    outer loop
      vertex 152 54 4
      vertex 143.01 54 86
      vertex 169 54 4
    endloop
  endfacet
  facet normal 0 1 0
    outer loop
      vertex 143 54 4
      vertex 143.01 54 86
      vertex 152 54 4
    endloop
  endfacet
  facet normal 0 1 0
    outer loop
      vertex 143.01 54 86
      vertex 143 54 4
      vertex 143 54 86
    endloop
  endfacet
  facet normal 1 0 0
    outer loop
      vertex 143 59.0375 11.4625
      vertex 143 63.091 27
      vertex 143 61.9188 29.193
    endloop
  endfacet
  facet normal 1 0 0
    outer loop
      vertex 143 63.091 27
      vertex 143 61.9062 10.6938
      vertex 143 61.9647 10.25
    endloop
  endfacet
  facet normal 1 0 0
    outer loop
      vertex 143 63.091 27
      vertex 143 61.7349 11.1073
      vertex 143 61.9062 10.6938
    endloop
  endfacet
  facet normal 1 0 0
    outer loop
      vertex 143 63.091 27
      vertex 143 61.4625 11.4625
      vertex 143 61.7349 11.1073
    endloop
  endfacet
  facet normal 1 0 0
    outer loop
      vertex 143 63.091 27
      vertex 143 61.1073 11.7349
      vertex 143 61.4625 11.4625
    endloop
  endfacet
  facet normal 1 0 0
    outer loop
      vertex 143 59.0375 11.4625
      vertex 143 61.9188 29.193
      vertex 143 60.8926 31.458
    endloop
  endfacet
  facet normal 1 0 0
    outer loop
      vertex 143 63.091 27
      vertex 143 60.6938 11.9062
      vertex 143 61.1073 11.7349
    endloop
  endfacet
  facet normal 1 0 0
    outer loop
      vertex 143 63.091 27
      vertex 143 60.25 11.9647
      vertex 143 60.6938 11.9062
    endloop
  endfacet
  facet normal 1 0 0
    outer loop
      vertex 143 58.7651 11.1073
      vertex 143 60.8926 31.458
      vertex 143 60.0167 33.7853
    endloop
  endfacet
  facet normal 1 0 0
    outer loop
      vertex 143 63.091 27
      vertex 143 59.8062 11.9062
      vertex 143 60.25 11.9647
    endloop
  endfacet
  facet normal 1 0 0
    outer loop
      vertex 143 63.091 27
      vertex 143 59.3927 11.7349
      vertex 143 59.8062 11.9062
    endloop
  endfacet
  facet normal 1 0 0
    outer loop
      vertex 143 54 4
      vertex 143 60.0167 33.7853
      vertex 143 59.2948 36.1649
    endloop
  endfacet
  facet normal 1 0 0
    outer loop
      vertex 143 63.091 27
      vertex 143 59.0375 11.4625
      vertex 143 59.3927 11.7349
    endloop
  endfacet
  facet normal 1 0 0
    outer loop
      vertex 143 60.8926 31.458
      vertex 143 58.7651 11.1073
      vertex 143 59.0375 11.4625
    endloop
  endfacet
  facet normal 1 0 0
    outer loop
      vertex 143 54 4
      vertex 143 59.2948 36.1649
      vertex 143 58.7302 38.5866
    endloop
  endfacet
  facet normal 1 0 0
    outer loop
      vertex 143 60.0167 33.7853
      vertex 143 54 4
      vertex 143 58.7651 11.1073
    endloop
  endfacet
  facet normal 1 0 0
    outer loop
      vertex 143 58.7651 11.1073
      vertex 143 54 4
      vertex 143 58.5938 10.6938
    endloop
  endfacet
  facet normal 1 0 0
    outer loop
      vertex 143 54 4
      vertex 143 58.7302 38.5866
      vertex 143 58.3251 41.04
    endloop
  endfacet
  facet normal 1 0 0
    outer loop
      vertex 143 69.1299 72.8701
      vertex 143 61.1073 80.2651
      vertex 143 67.4301 71.0551
    endloop
  endfacet
  facet normal 1 -0 0
    outer loop
      vertex 143 60.6938 80.0938
      vertex 143 67.4301 71.0551
      vertex 143 61.1073 80.2651
    endloop
  endfacet
  facet normal 1 0 0
    outer loop
      vertex 143 67.4301 71.0551
      vertex 143 60.6938 80.0938
      vertex 143 65.8526 69.1329
    endloop
  endfacet
  facet normal 1 -0 0
    outer loop
      vertex 143 60.25 80.0353
      vertex 143 65.8526 69.1329
      vertex 143 60.6938 80.0938
    endloop
  endfacet
  facet normal 1 0 0
    outer loop
      vertex 143 65.8526 69.1329
      vertex 143 60.25 80.0353
      vertex 143 64.4042 67.1117
    endloop
  endfacet
  facet normal 1 0 0
    outer loop
      vertex 143 59.8062 80.0938
      vertex 143 64.4042 67.1117
      vertex 143 60.25 80.0353
    endloop
  endfacet
  facet normal 1 0 0
    outer loop
      vertex 143 59.3927 80.2651
      vertex 143 64.4042 67.1117
      vertex 143 59.8062 80.0938
    endloop
  endfacet
  facet normal 1 0 0
    outer loop
      vertex 143 64.4042 67.1117
      vertex 143 59.3927 80.2651
      vertex 143 63.091 65
    endloop
  endfacet
  facet normal 1 0 0
    outer loop
      vertex 143 59.0375 80.5375
      vertex 143 63.091 65
      vertex 143 59.3927 80.2651
    endloop
  endfacet
  facet normal 1 0 0
    outer loop
      vertex 143 63.091 65
      vertex 143 59.0375 80.5375
      vertex 143 61.9188 62.807
    endloop
  endfacet
  facet normal 1 0 0
    outer loop
      vertex 143 61.9188 62.807
      vertex 143 59.0375 80.5375
      vertex 143 60.8926 60.542
    endloop
  endfacet
  facet normal 1 0 0
    outer loop
      vertex 143 58.7651 80.8927
      vertex 143 60.8926 60.542
      vertex 143 59.0375 80.5375
    endloop
  endfacet
  facet normal 1 0 0
    outer loop
      vertex 143 54 86
      vertex 143 60.8926 60.542
      vertex 143 58.7651 80.8927
    endloop
  endfacet
  facet normal 1 0 0
    outer loop
      vertex 143 60.8926 60.542
      vertex 143 54 86
      vertex 143 60.0167 58.2147
    endloop
  endfacet
  facet normal 1 0 0
    outer loop
      vertex 143 60.0167 58.2147
      vertex 143 54 86
      vertex 143 59.2948 55.8351
    endloop
  endfacet
  facet normal 1 0 0
    outer loop
      vertex 143 54 86
      vertex 143 58.7651 80.8927
      vertex 143 58.5938 81.3062
    endloop
  endfacet
  facet normal 1 0 0
    outer loop
      vertex 143 54 86
      vertex 143 58.5938 81.3062
      vertex 143 58.5353 81.75
    endloop
  endfacet
  facet normal 1 0 0
    outer loop
      vertex 143 59.2948 55.8351
      vertex 143 54 86
      vertex 143 58.7302 53.4134
    endloop
  endfacet
  facet normal 1 0 0
    outer loop
      vertex 143 138 4
      vertex 143 133.406 10.6938
      vertex 143 133.465 10.25
    endloop
  endfacet
  facet normal 1 -0 0
    outer loop
      vertex 143 132.705 36.1649
      vertex 143 138 4
      vertex 143 133.27 38.5866
    endloop
  endfacet
  facet normal 1 -0 0
    outer loop
      vertex 143 131.983 33.7853
      vertex 143 138 4
      vertex 143 132.705 36.1649
    endloop
  endfacet
  facet normal 1 -0 -0
    outer loop
      vertex 143 133.235 11.1073
      vertex 143 138 4
      vertex 143 131.983 33.7853
    endloop
  endfacet
  facet normal 1 0 0
    outer loop
      vertex 143 138 4
      vertex 143 133.235 11.1073
      vertex 143 133.406 10.6938
    endloop
  endfacet
  facet normal 1 -0 0
    outer loop
      vertex 143 131.107 31.458
      vertex 143 133.235 11.1073
      vertex 143 131.983 33.7853
    endloop
  endfacet
  facet normal 1 0 0
    outer loop
      vertex 143 133.235 11.1073
      vertex 143 131.107 31.458
      vertex 143 132.962 11.4625
    endloop
  endfacet
  facet normal 1 -0 0
    outer loop
      vertex 143 130.081 29.193
      vertex 143 132.962 11.4625
      vertex 143 131.107 31.458
    endloop
  endfacet
  facet normal 1 -0 0
    outer loop
      vertex 143 128.909 27
      vertex 143 132.962 11.4625
      vertex 143 130.081 29.193
    endloop
  endfacet
  facet normal 1 0 0
    outer loop
      vertex 143 132.962 11.4625
      vertex 143 128.909 27
      vertex 143 132.607 11.7349
    endloop
  endfacet
  facet normal 1 -0 0
    outer loop
      vertex 143 127.596 24.8883
      vertex 143 132.607 11.7349
      vertex 143 128.909 27
    endloop
  endfacet
  facet normal 1 0 0
    outer loop
      vertex 143 132.607 11.7349
      vertex 143 127.596 24.8883
      vertex 143 132.194 11.9062
    endloop
  endfacet
  facet normal 1 0 0
    outer loop
      vertex 143 132.194 11.9062
      vertex 143 127.596 24.8883
      vertex 143 131.75 11.9647
    endloop
  endfacet
  facet normal 1 -0 0
    outer loop
      vertex 143 126.147 22.8671
      vertex 143 131.75 11.9647
      vertex 143 127.596 24.8883
    endloop
  endfacet
  facet normal 1 0 0
    outer loop
      vertex 143 131.75 11.9647
      vertex 143 126.147 22.8671
      vertex 143 131.306 11.9062
    endloop
  endfacet
  facet normal 1 -0 0
    outer loop
      vertex 143 124.57 20.9449
      vertex 143 131.306 11.9062
      vertex 143 126.147 22.8671
    endloop
  endfacet
  facet normal 1 0 0
    outer loop
      vertex 143 131.306 11.9062
      vertex 143 124.57 20.9449
      vertex 143 130.893 11.7349
    endloop
  endfacet
  facet normal 1 -0 0
    outer loop
      vertex 143 122.87 19.1299
      vertex 143 130.893 11.7349
      vertex 143 124.57 20.9449
    endloop
  endfacet
  facet normal 1 0 0
    outer loop
      vertex 143 142 97.7401
      vertex 143 138 86
      vertex 143 142 86
    endloop
  endfacet
  facet normal 1 0 0
    outer loop
      vertex 143 138 86
      vertex 143 134 46
      vertex 143 138 4
    endloop
  endfacet
  facet normal 1 0 0
    outer loop
      vertex 143 138 86
      vertex 143 133.919 48.4853
      vertex 143 134 46
    endloop
  endfacet
  facet normal 1 0 0
    outer loop
      vertex 143 138 86
      vertex 143 133.675 50.96
      vertex 143 133.919 48.4853
    endloop
  endfacet
  facet normal 1 0 0
    outer loop
      vertex 143 133.406 81.3062
      vertex 143 138 86
      vertex 143 133.465 81.75
    endloop
  endfacet
  facet normal 1 0 0
    outer loop
      vertex 143 131.75 83.4647
      vertex 143 138 86
      vertex 143 142 97.7401
    endloop
  endfacet
  facet normal 1 0 0
    outer loop
      vertex 143 138 86
      vertex 143 133.406 82.1938
      vertex 143 133.465 81.75
    endloop
  endfacet
  facet normal 1 0 0
    outer loop
      vertex 143 138 86
      vertex 143 133.235 82.6073
      vertex 143 133.406 82.1938
    endloop
  endfacet
  facet normal 1 0 0
    outer loop
      vertex 143 138 86
      vertex 143 132.962 82.9625
      vertex 143 133.235 82.6073
    endloop
  endfacet
  facet normal 1 0 0
    outer loop
      vertex 143 138 86
      vertex 143 132.607 83.2349
      vertex 143 132.962 82.9625
    endloop
  endfacet
  facet normal 1 0 0
    outer loop
      vertex 143 138 86
      vertex 143 132.194 83.4062
      vertex 143 132.607 83.2349
    endloop
  endfacet
  facet normal 1 0 0
    outer loop
      vertex 143 138 86
      vertex 143 131.75 83.4647
      vertex 143 132.194 83.4062
    endloop
  endfacet
  facet normal 1 0 0
    outer loop
      vertex 143 142 97.7401
      vertex 143 131.306 83.4062
      vertex 143 131.75 83.4647
    endloop
  endfacet
  facet normal 1 0 0
    outer loop
      vertex 143 142 97.7401
      vertex 143 130.893 83.2349
      vertex 143 131.306 83.4062
    endloop
  endfacet
  facet normal 1 -0 0
    outer loop
      vertex 143 101.008 94.7401
      vertex 143 130.893 83.2349
      vertex 143 142 97.7401
    endloop
  endfacet
  facet normal 1 0 0
    outer loop
      vertex 143 132.607 80.2651
      vertex 143 127.596 67.1117
      vertex 143 128.909 65
    endloop
  endfacet
  facet normal 1 0 0
    outer loop
      vertex 143 122.87 72.8701
      vertex 143 130.035 81.75
      vertex 143 130.094 82.1938
    endloop
  endfacet
  facet normal 1 0 0
    outer loop
      vertex 143 130.094 81.3062
      vertex 143 126.147 69.1329
      vertex 143 127.596 67.1117
    endloop
  endfacet
  facet normal 1 0 0
    outer loop
      vertex 143 130.094 81.3062
      vertex 143 124.57 71.0551
      vertex 143 126.147 69.1329
    endloop
  endfacet
  facet normal 1 0 0
    outer loop
      vertex 143 101.008 94.7401
      vertex 143 130.094 82.1938
      vertex 143 130.265 82.6073
    endloop
  endfacet
  facet normal 1 0 0
    outer loop
      vertex 143 130.094 81.3062
      vertex 143 122.87 72.8701
      vertex 143 124.57 71.0551
    endloop
  endfacet
  facet normal 1 0 0
    outer loop
      vertex 143 130.094 82.1938
      vertex 143 101.008 94.7401
      vertex 143 122.87 72.8701
    endloop
  endfacet
  facet normal 1 0 0
    outer loop
      vertex 143 130.538 82.9625
      vertex 143 101.008 94.7401
      vertex 143 130.265 82.6073
    endloop
  endfacet
  facet normal 1 0 0
    outer loop
      vertex 143 130.893 83.2349
      vertex 143 101.008 94.7401
      vertex 143 130.538 82.9625
    endloop
  endfacet
  facet normal 1 0 0
    outer loop
      vertex 143 142 97.7401
      vertex 143 90.9919 94.7401
      vertex 143 101.008 94.7401
    endloop
  endfacet
  facet normal 1 -0 0
    outer loop
      vertex 143 61.1073 80.2651
      vertex 143 69.1299 72.8701
      vertex 143 61.4625 80.5375
    endloop
  endfacet
  facet normal 1 -0 0
    outer loop
      vertex 143 61.4625 80.5375
      vertex 143 69.1299 72.8701
      vertex 143 61.7349 80.8927
    endloop
  endfacet
  facet normal 1 -0 0
    outer loop
      vertex 143 61.7349 80.8927
      vertex 143 69.1299 72.8701
      vertex 143 61.9062 81.3062
    endloop
  endfacet
  facet normal 1 -0 0
    outer loop
      vertex 143 61.9062 81.3062
      vertex 143 69.1299 72.8701
      vertex 143 61.9647 81.75
    endloop
  endfacet
  facet normal 1 -0 0
    outer loop
      vertex 143 61.9062 82.1938
      vertex 143 69.1299 72.8701
      vertex 143 90.9919 94.7401
    endloop
  endfacet
  facet normal 1 0 0
    outer loop
      vertex 143 69.1299 72.8701
      vertex 143 61.9062 82.1938
      vertex 143 61.9647 81.75
    endloop
  endfacet
  facet normal 1 0 0
    outer loop
      vertex 143 90.9919 94.7401
      vertex 143 61.7349 82.6073
      vertex 143 61.9062 82.1938
    endloop
  endfacet
  facet normal 1 0 0
    outer loop
      vertex 143 90.9919 94.7401
      vertex 143 61.4625 82.9625
      vertex 143 61.7349 82.6073
    endloop
  endfacet
  facet normal 1 0 0
    outer loop
      vertex 143 90.9919 94.7401
      vertex 143 61.1073 83.2349
      vertex 143 61.4625 82.9625
    endloop
  endfacet
  facet normal 1 0 0
    outer loop
      vertex 143 50 97.7401
      vertex 143 61.1073 83.2349
      vertex 143 90.9919 94.7401
    endloop
  endfacet
  facet normal 1 0 0
    outer loop
      vertex 143 61.1073 83.2349
      vertex 143 50 97.7401
      vertex 143 60.6938 83.4062
    endloop
  endfacet
  facet normal 1 0 0
    outer loop
      vertex 143 60.6938 83.4062
      vertex 143 50 97.7401
      vertex 143 60.25 83.4647
    endloop
  endfacet
  facet normal 1 0 0
    outer loop
      vertex 143 58.7302 53.4134
      vertex 143 54 86
      vertex 143 58.3251 50.96
    endloop
  endfacet
  facet normal 1 0 0
    outer loop
      vertex 143 58.3251 50.96
      vertex 143 54 86
      vertex 143 58.0814 48.4853
    endloop
  endfacet
  facet normal 1 0 0
    outer loop
      vertex 143 58.0814 48.4853
      vertex 143 54 86
      vertex 143 58 46
    endloop
  endfacet
  facet normal 1 0 0
    outer loop
      vertex 143 58.5938 82.1938
      vertex 143 54 86
      vertex 143 58.5353 81.75
    endloop
  endfacet
  facet normal 1 0 0
    outer loop
      vertex 143 58.7651 82.6073
      vertex 143 54 86
      vertex 143 58.5938 82.1938
    endloop
  endfacet
  facet normal 1 0 0
    outer loop
      vertex 143 59.0375 82.9625
      vertex 143 54 86
      vertex 143 58.7651 82.6073
    endloop
  endfacet
  facet normal 1 0 0
    outer loop
      vertex 143 59.3927 83.2349
      vertex 143 54 86
      vertex 143 59.0375 82.9625
    endloop
  endfacet
  facet normal 1 0 0
    outer loop
      vertex 143 59.8062 83.4062
      vertex 143 54 86
      vertex 143 59.3927 83.2349
    endloop
  endfacet
  facet normal 1 -0 -0
    outer loop
      vertex 143 54 86
      vertex 143 60.25 83.4647
      vertex 143 50 97.7401
    endloop
  endfacet
  facet normal 1 -0 0
    outer loop
      vertex 143 50 97.7401
      vertex 143 90.9919 94.7401
      vertex 143 142 97.7401
    endloop
  endfacet
  facet normal 1 0 0
    outer loop
      vertex 143 60.25 83.4647
      vertex 143 54 86
      vertex 143 59.8062 83.4062
    endloop
  endfacet
  facet normal 1 0 0
    outer loop
      vertex 143 54 86
      vertex 143 50 97.7401
      vertex 143 50 86
    endloop
  endfacet
  facet normal 1 -0 0
    outer loop
      vertex 143 133.919 43.5147
      vertex 143 138 4
      vertex 143 134 46
    endloop
  endfacet
  facet normal 1 -0 0
    outer loop
      vertex 143 133.675 41.04
      vertex 143 138 4
      vertex 143 133.919 43.5147
    endloop
  endfacet
  facet normal 1 -0 0
    outer loop
      vertex 143 133.27 38.5866
      vertex 143 138 4
      vertex 143 133.675 41.04
    endloop
  endfacet
  facet normal 1 -0 0
    outer loop
      vertex 143 133.406 9.80621
      vertex 143 138 4
      vertex 143 133.465 10.25
    endloop
  endfacet
  facet normal 1 -0 0
    outer loop
      vertex 143 133.235 9.39266
      vertex 143 138 4
      vertex 143 133.406 9.80621
    endloop
  endfacet
  facet normal 1 -0 0
    outer loop
      vertex 143 132.962 9.03755
      vertex 143 138 4
      vertex 143 133.235 9.39266
    endloop
  endfacet
  facet normal 1 -0 0
    outer loop
      vertex 143 132.607 8.76505
      vertex 143 138 4
      vertex 143 132.962 9.03755
    endloop
  endfacet
  facet normal 1 -0 0
    outer loop
      vertex 143 132.194 8.59376
      vertex 143 138 4
      vertex 143 132.607 8.76505
    endloop
  endfacet
  facet normal 1 -0 0
    outer loop
      vertex 143 131.75 8.53533
      vertex 143 138 4
      vertex 143 132.194 8.59376
    endloop
  endfacet
  facet normal 1 0 0
    outer loop
      vertex 143 131.306 8.59376
      vertex 143 138 4
      vertex 143 131.75 8.53533
    endloop
  endfacet
  facet normal 1 0 0
    outer loop
      vertex 143 130.893 8.76505
      vertex 143 138 4
      vertex 143 131.306 8.59376
    endloop
  endfacet
  facet normal 1 0 0
    outer loop
      vertex 143 130.893 11.7349
      vertex 143 122.87 19.1299
      vertex 143 130.538 11.4625
    endloop
  endfacet
  facet normal 1 0 0
    outer loop
      vertex 143 130.538 11.4625
      vertex 143 122.87 19.1299
      vertex 143 130.265 11.1073
    endloop
  endfacet
  facet normal 1 -0 0
    outer loop
      vertex 143 121.055 17.4301
      vertex 143 130.265 11.1073
      vertex 143 122.87 19.1299
    endloop
  endfacet
  facet normal 1 0 0
    outer loop
      vertex 143 130.265 11.1073
      vertex 143 121.055 17.4301
      vertex 143 130.094 10.6938
    endloop
  endfacet
  facet normal 1 -0 0
    outer loop
      vertex 143 119.133 15.8526
      vertex 143 130.094 10.6938
      vertex 143 121.055 17.4301
    endloop
  endfacet
  facet normal 1 0 0
    outer loop
      vertex 143 130.094 10.6938
      vertex 143 119.133 15.8526
      vertex 143 130.035 10.25
    endloop
  endfacet
  facet normal 1 0 0
    outer loop
      vertex 143 130.035 10.25
      vertex 143 119.133 15.8526
      vertex 143 130.094 9.80621
    endloop
  endfacet
  facet normal 1 -0 0
    outer loop
      vertex 143 117.112 14.4042
      vertex 143 130.094 9.80621
      vertex 143 119.133 15.8526
    endloop
  endfacet
  facet normal 1 0 0
    outer loop
      vertex 143 130.094 9.80621
      vertex 143 117.112 14.4042
      vertex 143 130.265 9.39266
    endloop
  endfacet
  facet normal 1 -0 0
    outer loop
      vertex 143 115 13.091
      vertex 143 130.265 9.39266
      vertex 143 117.112 14.4042
    endloop
  endfacet
  facet normal 1 0 0
    outer loop
      vertex 143 130.265 9.39266
      vertex 143 115 13.091
      vertex 143 130.538 9.03755
    endloop
  endfacet
  facet normal 1 -0 0
    outer loop
      vertex 143 112.807 11.9188
      vertex 143 130.538 9.03755
      vertex 143 115 13.091
    endloop
  endfacet
  facet normal 1 -0 0
    outer loop
      vertex 143 110.542 10.8926
      vertex 143 130.538 9.03755
      vertex 143 112.807 11.9188
    endloop
  endfacet
  facet normal 1 0 0
    outer loop
      vertex 143 130.538 9.03755
      vertex 143 110.542 10.8926
      vertex 143 130.893 8.76505
    endloop
  endfacet
  facet normal 1 -0 0
    outer loop
      vertex 143 108.215 10.0167
      vertex 143 130.893 8.76505
      vertex 143 110.542 10.8926
    endloop
  endfacet
  facet normal 1 0 0
    outer loop
      vertex 143 130.893 8.76505
      vertex 143 108.215 10.0167
      vertex 143 138 4
    endloop
  endfacet
  facet normal 1 -0 0
    outer loop
      vertex 143 105.835 9.29483
      vertex 143 138 4
      vertex 143 108.215 10.0167
    endloop
  endfacet
  facet normal 1 -0 0
    outer loop
      vertex 143 103.413 8.73016
      vertex 143 138 4
      vertex 143 105.835 9.29483
    endloop
  endfacet
  facet normal 1 -0 0
    outer loop
      vertex 143 100.96 8.3251
      vertex 143 138 4
      vertex 143 103.413 8.73016
    endloop
  endfacet
  facet normal 1 -0 0
    outer loop
      vertex 143 98.4853 8.08138
      vertex 143 138 4
      vertex 143 100.96 8.3251
    endloop
  endfacet
  facet normal 1 -0 0
    outer loop
      vertex 143 96 8
      vertex 143 138 4
      vertex 143 98.4853 8.08138
    endloop
  endfacet
  facet normal 1 0 0
    outer loop
      vertex 143 54 4
      vertex 143 96 8
      vertex 143 93.5147 8.08138
    endloop
  endfacet
  facet normal 1 0 0
    outer loop
      vertex 143 61.9647 10.25
      vertex 143 64.4042 24.8883
      vertex 143 63.091 27
    endloop
  endfacet
  facet normal 1 0 0
    outer loop
      vertex 143 61.9647 10.25
      vertex 143 65.8526 22.8671
      vertex 143 64.4042 24.8883
    endloop
  endfacet
  facet normal 1 0 0
    outer loop
      vertex 143 61.9647 10.25
      vertex 143 67.4301 20.9449
      vertex 143 65.8526 22.8671
    endloop
  endfacet
  facet normal 1 0 0
    outer loop
      vertex 143 61.9647 10.25
      vertex 143 69.1299 19.1299
      vertex 143 67.4301 20.9449
    endloop
  endfacet
  facet normal 1 0 0
    outer loop
      vertex 143 61.9647 10.25
      vertex 143 70.9449 17.4301
      vertex 143 69.1299 19.1299
    endloop
  endfacet
  facet normal 1 0 0
    outer loop
      vertex 143 61.9647 10.25
      vertex 143 72.8671 15.8526
      vertex 143 70.9449 17.4301
    endloop
  endfacet
  facet normal 1 0 0
    outer loop
      vertex 143 61.9647 10.25
      vertex 143 74.8883 14.4042
      vertex 143 72.8671 15.8526
    endloop
  endfacet
  facet normal 1 0 0
    outer loop
      vertex 143 61.9062 9.80621
      vertex 143 74.8883 14.4042
      vertex 143 61.9647 10.25
    endloop
  endfacet
  facet normal 1 0 0
    outer loop
      vertex 143 61.7349 9.39266
      vertex 143 74.8883 14.4042
      vertex 143 61.9062 9.80621
    endloop
  endfacet
  facet normal 1 0 0
    outer loop
      vertex 143 74.8883 14.4042
      vertex 143 61.7349 9.39266
      vertex 143 77 13.091
    endloop
  endfacet
  facet normal 1 0 0
    outer loop
      vertex 143 61.4625 9.03755
      vertex 143 77 13.091
      vertex 143 61.7349 9.39266
    endloop
  endfacet
  facet normal 1 0 0
    outer loop
      vertex 143 77 13.091
      vertex 143 61.4625 9.03755
      vertex 143 79.193 11.9188
    endloop
  endfacet
  facet normal 1 0 0
    outer loop
      vertex 143 79.193 11.9188
      vertex 143 61.4625 9.03755
      vertex 143 81.458 10.8926
    endloop
  endfacet
  facet normal 1 0 0
    outer loop
      vertex 143 61.1073 8.76505
      vertex 143 81.458 10.8926
      vertex 143 61.4625 9.03755
    endloop
  endfacet
  facet normal 1 0 0
    outer loop
      vertex 143 81.458 10.8926
      vertex 143 61.1073 8.76505
      vertex 143 83.7853 10.0167
    endloop
  endfacet
  facet normal 1 0 0
    outer loop
      vertex 143 54 4
      vertex 143 83.7853 10.0167
      vertex 143 61.1073 8.76505
    endloop
  endfacet
  facet normal 1 0 0
    outer loop
      vertex 143 83.7853 10.0167
      vertex 143 54 4
      vertex 143 86.1649 9.29483
    endloop
  endfacet
  facet normal 1 0 0
    outer loop
      vertex 143 86.1649 9.29483
      vertex 143 54 4
      vertex 143 88.5866 8.73016
    endloop
  endfacet
  facet normal 1 0 0
    outer loop
      vertex 143 88.5866 8.73016
      vertex 143 54 4
      vertex 143 91.04 8.3251
    endloop
  endfacet
  facet normal 1 0 0
    outer loop
      vertex 143 91.04 8.3251
      vertex 143 54 4
      vertex 143 93.5147 8.08138
    endloop
  endfacet
  facet normal 1 0 0
    outer loop
      vertex 143 54 4
      vertex 143 61.1073 8.76505
      vertex 143 60.6938 8.59376
    endloop
  endfacet
  facet normal 1 0 0
    outer loop
      vertex 143 54 4
      vertex 143 60.6938 8.59376
      vertex 143 60.25 8.53533
    endloop
  endfacet
  facet normal 1 0 0
    outer loop
      vertex 143 54 4
      vertex 143 58.3251 41.04
      vertex 143 58.0814 43.5147
    endloop
  endfacet
  facet normal 1 0 0
    outer loop
      vertex 143 54 4
      vertex 143 58.0814 43.5147
      vertex 143 58 46
    endloop
  endfacet
  facet normal 1 0 0
    outer loop
      vertex 143 54 4
      vertex 143 58 46
      vertex 143 54 86
    endloop
  endfacet
  facet normal 1 0 0
    outer loop
      vertex 143 96 8
      vertex 143 54 4
      vertex 143 138 4
    endloop
  endfacet
  facet normal 1 0 0
    outer loop
      vertex 143 59.8062 8.59376
      vertex 143 54 4
      vertex 143 60.25 8.53533
    endloop
  endfacet
  facet normal 1 0 0
    outer loop
      vertex 143 59.3927 8.76505
      vertex 143 54 4
      vertex 143 59.8062 8.59376
    endloop
  endfacet
  facet normal 1 0 0
    outer loop
      vertex 143 59.0375 9.03755
      vertex 143 54 4
      vertex 143 59.3927 8.76505
    endloop
  endfacet
  facet normal 1 0 0
    outer loop
      vertex 143 58.7651 9.39266
      vertex 143 54 4
      vertex 143 59.0375 9.03755
    endloop
  endfacet
  facet normal 1 0 0
    outer loop
      vertex 143 58.5938 9.80621
      vertex 143 54 4
      vertex 143 58.7651 9.39266
    endloop
  endfacet
  facet normal 1 0 0
    outer loop
      vertex 143 58.5353 10.25
      vertex 143 54 4
      vertex 143 58.5938 9.80621
    endloop
  endfacet
  facet normal 1 0 0
    outer loop
      vertex 143 58.5938 10.6938
      vertex 143 54 4
      vertex 143 58.5353 10.25
    endloop
  endfacet
  facet normal 1 0 0
    outer loop
      vertex 143 133.235 80.8927
      vertex 143 138 86
      vertex 143 133.406 81.3062
    endloop
  endfacet
  facet normal 1 0 0
    outer loop
      vertex 143 138 86
      vertex 143 133.27 53.4134
      vertex 143 133.675 50.96
    endloop
  endfacet
  facet normal 1 0 0
    outer loop
      vertex 143 131.107 60.542
      vertex 143 138 86
      vertex 143 133.235 80.8927
    endloop
  endfacet
  facet normal 1 0 0
    outer loop
      vertex 143 131.107 60.542
      vertex 143 133.235 80.8927
      vertex 143 132.962 80.5375
    endloop
  endfacet
  facet normal 1 0 0
    outer loop
      vertex 143 138 86
      vertex 143 132.705 55.8351
      vertex 143 133.27 53.4134
    endloop
  endfacet
  facet normal 1 0 0
    outer loop
      vertex 143 128.909 65
      vertex 143 132.962 80.5375
      vertex 143 132.607 80.2651
    endloop
  endfacet
  facet normal 1 0 0
    outer loop
      vertex 143 127.596 67.1117
      vertex 143 132.607 80.2651
      vertex 143 132.194 80.0938
    endloop
  endfacet
  facet normal 1 0 0
    outer loop
      vertex 143 138 86
      vertex 143 131.983 58.2147
      vertex 143 132.705 55.8351
    endloop
  endfacet
  facet normal 1 0 0
    outer loop
      vertex 143 127.596 67.1117
      vertex 143 132.194 80.0938
      vertex 143 131.75 80.0353
    endloop
  endfacet
  facet normal 1 0 0
    outer loop
      vertex 143 127.596 67.1117
      vertex 143 131.75 80.0353
      vertex 143 131.306 80.0938
    endloop
  endfacet
  facet normal 1 0 0
    outer loop
      vertex 143 138 86
      vertex 143 131.107 60.542
      vertex 143 131.983 58.2147
    endloop
  endfacet
  facet normal 1 0 0
    outer loop
      vertex 143 127.596 67.1117
      vertex 143 131.306 80.0938
      vertex 143 130.893 80.2651
    endloop
  endfacet
  facet normal 1 0 0
    outer loop
      vertex 143 127.596 67.1117
      vertex 143 130.893 80.2651
      vertex 143 130.538 80.5375
    endloop
  endfacet
  facet normal 1 0 0
    outer loop
      vertex 143 127.596 67.1117
      vertex 143 130.538 80.5375
      vertex 143 130.265 80.8927
    endloop
  endfacet
  facet normal 1 0 0
    outer loop
      vertex 143 127.596 67.1117
      vertex 143 130.265 80.8927
      vertex 143 130.094 81.3062
    endloop
  endfacet
  facet normal 1 0 0
    outer loop
      vertex 143 132.962 80.5375
      vertex 143 130.081 62.807
      vertex 143 131.107 60.542
    endloop
  endfacet
  facet normal 1 0 0
    outer loop
      vertex 143 122.87 72.8701
      vertex 143 130.094 81.3062
      vertex 143 130.035 81.75
    endloop
  endfacet
  facet normal 1 0 0
    outer loop
      vertex 143 132.962 80.5375
      vertex 143 128.909 65
      vertex 143 130.081 62.807
    endloop
  endfacet
  facet normal 0 -1 0
    outer loop
      vertex 139 50 97.7401
      vertex 143 50 86
      vertex 143 50 97.7401
    endloop
  endfacet
  facet normal 0 -1 0
    outer loop
      vertex 139 50 4
      vertex 143 50 86
      vertex 139 50 97.7401
    endloop
  endfacet
  facet normal 0 -1 0
    outer loop
      vertex 139 50 4
      vertex 143.01 50 86
      vertex 143 50 86
    endloop
  endfacet
  facet normal 0 -1 0
    outer loop
      vertex 152 50 4
      vertex 143.01 50 86
      vertex 139 50 4
    endloop
  endfacet
  facet normal 0 -1 0
    outer loop
      vertex 152 50 4
      vertex 169 50 4
      vertex 143.01 50 86
    endloop
  endfacet
  facet normal 0 -1 0
    outer loop
      vertex 152 50 0
      vertex 169 50 4
      vertex 152 50 4
    endloop
  endfacet
  facet normal 0 -1 -0
    outer loop
      vertex 169 50 4
      vertex 152 50 0
      vertex 169 50 0
    endloop
  endfacet
  facet normal 0.953264 -0 0.302138
    outer loop
      vertex 143.01 50 86
      vertex 169 54 4
      vertex 143.01 54 86
    endloop
  endfacet
  facet normal 0.953264 0 0.302138
    outer loop
      vertex 169 54 4
      vertex 143.01 50 86
      vertex 169 50 4
    endloop
  endfacet
  facet normal -0 0 1
    outer loop
      vertex 143 142 86
      vertex 143.01 138 86
      vertex 143.01 142 86
    endloop
  endfacet
  facet normal 0 0 1
    outer loop
      vertex 143.01 138 86
      vertex 143 142 86
      vertex 143 138 86
    endloop
  endfacet
  facet normal 1 -0 0
    outer loop
      vertex 169 138 4
      vertex 169 142 0
      vertex 169 142 4
    endloop
  endfacet
  facet normal 1 0 0
    outer loop
      vertex 169 142 0
      vertex 169 138 4
      vertex 169 138 0
    endloop
  endfacet
  facet normal 0 1 -0
    outer loop
      vertex 152 142 4
      vertex 143.01 142 86
      vertex 169 142 4
    endloop
  endfacet
  facet normal 0 1 -0
    outer loop
      vertex 143 142 86
      vertex 139 142 97.7401
      vertex 143 142 97.7401
    endloop
  endfacet
  facet normal 0 1 0
    outer loop
      vertex 139 142 4
      vertex 143.01 142 86
      vertex 152 142 4
    endloop
  endfacet
  facet normal 0 1 0
    outer loop
      vertex 143.01 142 86
      vertex 139 142 4
      vertex 143 142 86
    endloop
  endfacet
  facet normal 0 1 0
    outer loop
      vertex 143 142 86
      vertex 139 142 4
      vertex 139 142 97.7401
    endloop
  endfacet
  facet normal 0 1 -0
    outer loop
      vertex 169 142 0
      vertex 152 142 4
      vertex 169 142 4
    endloop
  endfacet
  facet normal 0 1 0
    outer loop
      vertex 152 142 4
      vertex 169 142 0
      vertex 152 142 0
    endloop
  endfacet
  facet normal 0 -1 0
    outer loop
      vertex 143 138 4
      vertex 143.01 138 86
      vertex 143 138 86
    endloop
  endfacet
  facet normal 0 -1 0
    outer loop
      vertex 152 138 4
      vertex 143.01 138 86
      vertex 143 138 4
    endloop
  endfacet
  facet normal 0 -1 0
    outer loop
      vertex 152 138 4
      vertex 169 138 4
      vertex 143.01 138 86
    endloop
  endfacet
  facet normal 0 -1 0
    outer loop
      vertex 152 138 0
      vertex 169 138 4
      vertex 152 138 4
    endloop
  endfacet
  facet normal 0 -1 -0
    outer loop
      vertex 169 138 4
      vertex 152 138 0
      vertex 169 138 0
    endloop
  endfacet
  facet normal 0.953264 -0 0.302138
    outer loop
      vertex 143.01 138 86
      vertex 169 142 4
      vertex 143.01 142 86
    endloop
  endfacet
  facet normal 0.953264 0 0.302138
    outer loop
      vertex 169 142 4
      vertex 143.01 138 86
      vertex 169 138 4
    endloop
  endfacet
  facet normal -0 0 1
    outer loop
      vertex 139 142 97.7401
      vertex 143 50 97.7401
      vertex 143 142 97.7401
    endloop
  endfacet
  facet normal 0 0 1
    outer loop
      vertex 143 50 97.7401
      vertex 139 142 97.7401
      vertex 139 50 97.7401
    endloop
  endfacet
  facet normal -1 0 0
    outer loop
      vertex 139 59.0375 80.5375
      vertex 139 63.091 65
      vertex 139 61.9188 62.807
    endloop
  endfacet
  facet normal -1 0 0
    outer loop
      vertex 139 63.091 65
      vertex 139 61.9062 81.3062
      vertex 139 61.9647 81.75
    endloop
  endfacet
  facet normal -1 0 0
    outer loop
      vertex 139 63.091 65
      vertex 139 61.7349 80.8927
      vertex 139 61.9062 81.3062
    endloop
  endfacet
  facet normal -1 0 0
    outer loop
      vertex 139 63.091 65
      vertex 139 61.4625 80.5375
      vertex 139 61.7349 80.8927
    endloop
  endfacet
  facet normal -1 0 0
    outer loop
      vertex 139 63.091 65
      vertex 139 61.1073 80.2651
      vertex 139 61.4625 80.5375
    endloop
  endfacet
  facet normal -1 0 0
    outer loop
      vertex 139 59.0375 80.5375
      vertex 139 61.9188 62.807
      vertex 139 60.8926 60.542
    endloop
  endfacet
  facet normal -1 0 0
    outer loop
      vertex 139 63.091 65
      vertex 139 60.6938 80.0938
      vertex 139 61.1073 80.2651
    endloop
  endfacet
  facet normal -1 0 0
    outer loop
      vertex 139 63.091 65
      vertex 139 60.25 80.0353
      vertex 139 60.6938 80.0938
    endloop
  endfacet
  facet normal -1 0 0
    outer loop
      vertex 139 58.7651 80.8927
      vertex 139 60.8926 60.542
      vertex 139 60.0167 58.2147
    endloop
  endfacet
  facet normal -1 0 0
    outer loop
      vertex 139 63.091 65
      vertex 139 59.8062 80.0938
      vertex 139 60.25 80.0353
    endloop
  endfacet
  facet normal -1 0 0
    outer loop
      vertex 139 63.091 65
      vertex 139 59.3927 80.2651
      vertex 139 59.8062 80.0938
    endloop
  endfacet
  facet normal -1 0 0
    outer loop
      vertex 139 58.5938 81.3062
      vertex 139 60.0167 58.2147
      vertex 139 59.2948 55.8351
    endloop
  endfacet
  facet normal -1 0 0
    outer loop
      vertex 139 63.091 65
      vertex 139 59.0375 80.5375
      vertex 139 59.3927 80.2651
    endloop
  endfacet
  facet normal -1 0 0
    outer loop
      vertex 139 60.8926 60.542
      vertex 139 58.7651 80.8927
      vertex 139 59.0375 80.5375
    endloop
  endfacet
  facet normal -1 0 0
    outer loop
      vertex 139 50 97.7401
      vertex 139 59.2948 55.8351
      vertex 139 58.7302 53.4134
    endloop
  endfacet
  facet normal -1 0 0
    outer loop
      vertex 139 60.0167 58.2147
      vertex 139 58.5938 81.3062
      vertex 139 58.7651 80.8927
    endloop
  endfacet
  facet normal -1 0 0
    outer loop
      vertex 139 59.2948 55.8351
      vertex 139 50 97.7401
      vertex 139 58.5938 81.3062
    endloop
  endfacet
  facet normal -1 0 0
    outer loop
      vertex 139 50 97.7401
      vertex 139 58.7302 53.4134
      vertex 139 58.3251 50.96
    endloop
  endfacet
  facet normal -1 -0 0
    outer loop
      vertex 139 69.1299 19.1299
      vertex 139 61.1073 11.7349
      vertex 139 67.4301 20.9449
    endloop
  endfacet
  facet normal -1 0 0
    outer loop
      vertex 139 60.6938 11.9062
      vertex 139 67.4301 20.9449
      vertex 139 61.1073 11.7349
    endloop
  endfacet
  facet normal -1 -0 0
    outer loop
      vertex 139 67.4301 20.9449
      vertex 139 60.6938 11.9062
      vertex 139 65.8526 22.8671
    endloop
  endfacet
  facet normal -1 0 0
    outer loop
      vertex 139 60.25 11.9647
      vertex 139 65.8526 22.8671
      vertex 139 60.6938 11.9062
    endloop
  endfacet
  facet normal -1 -0 0
    outer loop
      vertex 139 65.8526 22.8671
      vertex 139 60.25 11.9647
      vertex 139 64.4042 24.8883
    endloop
  endfacet
  facet normal -1 0 0
    outer loop
      vertex 139 59.8062 11.9062
      vertex 139 64.4042 24.8883
      vertex 139 60.25 11.9647
    endloop
  endfacet
  facet normal -1 0 0
    outer loop
      vertex 139 59.3927 11.7349
      vertex 139 64.4042 24.8883
      vertex 139 59.8062 11.9062
    endloop
  endfacet
  facet normal -1 -0 0
    outer loop
      vertex 139 64.4042 24.8883
      vertex 139 59.3927 11.7349
      vertex 139 63.091 27
    endloop
  endfacet
  facet normal -1 0 0
    outer loop
      vertex 139 59.0375 11.4625
      vertex 139 63.091 27
      vertex 139 59.3927 11.7349
    endloop
  endfacet
  facet normal -1 -0 0
    outer loop
      vertex 139 63.091 27
      vertex 139 59.0375 11.4625
      vertex 139 61.9188 29.193
    endloop
  endfacet
  facet normal -1 -0 0
    outer loop
      vertex 139 61.9188 29.193
      vertex 139 59.0375 11.4625
      vertex 139 60.8926 31.458
    endloop
  endfacet
  facet normal -1 0 0
    outer loop
      vertex 139 58.7651 11.1073
      vertex 139 60.8926 31.458
      vertex 139 59.0375 11.4625
    endloop
  endfacet
  facet normal -1 0 0
    outer loop
      vertex 139 50 4
      vertex 139 60.8926 31.458
      vertex 139 58.7651 11.1073
    endloop
  endfacet
  facet normal -1 -0 0
    outer loop
      vertex 139 60.8926 31.458
      vertex 139 50 4
      vertex 139 60.0167 33.7853
    endloop
  endfacet
  facet normal -1 -0 0
    outer loop
      vertex 139 60.0167 33.7853
      vertex 139 50 4
      vertex 139 59.2948 36.1649
    endloop
  endfacet
  facet normal -1 0 0
    outer loop
      vertex 139 50 4
      vertex 139 58.7651 11.1073
      vertex 139 58.5938 10.6938
    endloop
  endfacet
  facet normal -1 0 0
    outer loop
      vertex 139 50 4
      vertex 139 58.5938 10.6938
      vertex 139 58.5353 10.25
    endloop
  endfacet
  facet normal -1 -0 0
    outer loop
      vertex 139 59.2948 36.1649
      vertex 139 50 4
      vertex 139 58.7302 38.5866
    endloop
  endfacet
  facet normal -1 0 0
    outer loop
      vertex 139 142 97.7401
      vertex 139 133.406 81.3062
      vertex 139 133.465 81.75
    endloop
  endfacet
  facet normal -1 0 0
    outer loop
      vertex 139 132.705 55.8351
      vertex 139 142 97.7401
      vertex 139 133.27 53.4134
    endloop
  endfacet
  facet normal -1 0 0
    outer loop
      vertex 139 142 97.7401
      vertex 139 132.705 55.8351
      vertex 139 133.406 81.3062
    endloop
  endfacet
  facet normal -1 0 0
    outer loop
      vertex 139 131.983 58.2147
      vertex 139 133.406 81.3062
      vertex 139 132.705 55.8351
    endloop
  endfacet
  facet normal -1 0 0
    outer loop
      vertex 139 133.406 81.3062
      vertex 139 131.983 58.2147
      vertex 139 133.235 80.8927
    endloop
  endfacet
  facet normal -1 0 0
    outer loop
      vertex 139 131.107 60.542
      vertex 139 133.235 80.8927
      vertex 139 131.983 58.2147
    endloop
  endfacet
  facet normal -1 0 0
    outer loop
      vertex 139 133.235 80.8927
      vertex 139 131.107 60.542
      vertex 139 132.962 80.5375
    endloop
  endfacet
  facet normal -1 0 0
    outer loop
      vertex 139 130.081 62.807
      vertex 139 132.962 80.5375
      vertex 139 131.107 60.542
    endloop
  endfacet
  facet normal -1 0 0
    outer loop
      vertex 139 128.909 65
      vertex 139 132.962 80.5375
      vertex 139 130.081 62.807
    endloop
  endfacet
  facet normal -1 0 0
    outer loop
      vertex 139 132.962 80.5375
      vertex 139 128.909 65
      vertex 139 132.607 80.2651
    endloop
  endfacet
  facet normal -1 0 0
    outer loop
      vertex 139 127.596 67.1117
      vertex 139 132.607 80.2651
      vertex 139 128.909 65
    endloop
  endfacet
  facet normal -1 0 0
    outer loop
      vertex 139 132.607 80.2651
      vertex 139 127.596 67.1117
      vertex 139 132.194 80.0938
    endloop
  endfacet
  facet normal -1 0 0
    outer loop
      vertex 139 132.194 80.0938
      vertex 139 127.596 67.1117
      vertex 139 131.75 80.0353
    endloop
  endfacet
  facet normal -1 0 0
    outer loop
      vertex 139 126.147 69.1329
      vertex 139 131.75 80.0353
      vertex 139 127.596 67.1117
    endloop
  endfacet
  facet normal -1 -0 0
    outer loop
      vertex 139 131.75 80.0353
      vertex 139 126.147 69.1329
      vertex 139 131.306 80.0938
    endloop
  endfacet
  facet normal -1 0 0
    outer loop
      vertex 139 124.57 71.0551
      vertex 139 131.306 80.0938
      vertex 139 126.147 69.1329
    endloop
  endfacet
  facet normal -1 -0 0
    outer loop
      vertex 139 131.306 80.0938
      vertex 139 124.57 71.0551
      vertex 139 130.893 80.2651
    endloop
  endfacet
  facet normal -1 0 0
    outer loop
      vertex 139 122.87 72.8701
      vertex 139 130.893 80.2651
      vertex 139 124.57 71.0551
    endloop
  endfacet
  facet normal -1 0 0
    outer loop
      vertex 139 142 4
      vertex 139 134 46
      vertex 139 142 97.7401
    endloop
  endfacet
  facet normal -1 0 0
    outer loop
      vertex 139 142 4
      vertex 139 133.919 43.5147
      vertex 139 134 46
    endloop
  endfacet
  facet normal -1 0 0
    outer loop
      vertex 139 142 4
      vertex 139 133.675 41.04
      vertex 139 133.919 43.5147
    endloop
  endfacet
  facet normal -1 0 0
    outer loop
      vertex 139 133.406 10.6938
      vertex 139 142 4
      vertex 139 133.465 10.25
    endloop
  endfacet
  facet normal -1 0 0
    outer loop
      vertex 139 142 4
      vertex 139 133.406 9.80621
      vertex 139 133.465 10.25
    endloop
  endfacet
  facet normal -1 0 0
    outer loop
      vertex 139 142 4
      vertex 139 133.235 9.39266
      vertex 139 133.406 9.80621
    endloop
  endfacet
  facet normal -1 0 0
    outer loop
      vertex 139 142 4
      vertex 139 132.962 9.03755
      vertex 139 133.235 9.39266
    endloop
  endfacet
  facet normal -1 0 0
    outer loop
      vertex 139 142 4
      vertex 139 132.607 8.76505
      vertex 139 132.962 9.03755
    endloop
  endfacet
  facet normal -1 0 0
    outer loop
      vertex 139 142 4
      vertex 139 132.194 8.59376
      vertex 139 132.607 8.76505
    endloop
  endfacet
  facet normal -1 0 0
    outer loop
      vertex 139 142 4
      vertex 139 131.75 8.53533
      vertex 139 132.194 8.59376
    endloop
  endfacet
  facet normal -1 0 0
    outer loop
      vertex 139 142 4
      vertex 139 131.306 8.59376
      vertex 139 131.75 8.53533
    endloop
  endfacet
  facet normal -1 0 0
    outer loop
      vertex 139 105.835 9.29483
      vertex 139 131.306 8.59376
      vertex 139 142 4
    endloop
  endfacet
  facet normal -1 0 0
    outer loop
      vertex 139 132.607 11.7349
      vertex 139 127.596 24.8883
      vertex 139 128.909 27
    endloop
  endfacet
  facet normal -1 0 0
    outer loop
      vertex 139 119.133 15.8526
      vertex 139 130.035 10.25
      vertex 139 130.094 9.80621
    endloop
  endfacet
  facet normal -1 0 0
    outer loop
      vertex 139 130.094 10.6938
      vertex 139 126.147 22.8671
      vertex 139 127.596 24.8883
    endloop
  endfacet
  facet normal -1 0 0
    outer loop
      vertex 139 130.094 10.6938
      vertex 139 124.57 20.9449
      vertex 139 126.147 22.8671
    endloop
  endfacet
  facet normal -1 0 0
    outer loop
      vertex 139 117.112 14.4042
      vertex 139 130.094 9.80621
      vertex 139 130.265 9.39266
    endloop
  endfacet
  facet normal -1 0 0
    outer loop
      vertex 139 130.094 10.6938
      vertex 139 122.87 19.1299
      vertex 139 124.57 20.9449
    endloop
  endfacet
  facet normal -1 0 0
    outer loop
      vertex 139 130.094 10.6938
      vertex 139 121.055 17.4301
      vertex 139 122.87 19.1299
    endloop
  endfacet
  facet normal -1 0 0
    outer loop
      vertex 139 115 13.091
      vertex 139 130.265 9.39266
      vertex 139 130.538 9.03755
    endloop
  endfacet
  facet normal -1 0 0
    outer loop
      vertex 139 130.094 10.6938
      vertex 139 119.133 15.8526
      vertex 139 121.055 17.4301
    endloop
  endfacet
  facet normal -1 0 0
    outer loop
      vertex 139 110.542 10.8926
      vertex 139 130.538 9.03755
      vertex 139 130.893 8.76505
    endloop
  endfacet
  facet normal -1 0 0
    outer loop
      vertex 139 130.094 9.80621
      vertex 139 117.112 14.4042
      vertex 139 119.133 15.8526
    endloop
  endfacet
  facet normal -1 0 -0
    outer loop
      vertex 139 108.215 10.0167
      vertex 139 131.306 8.59376
      vertex 139 105.835 9.29483
    endloop
  endfacet
  facet normal -1 0 0
    outer loop
      vertex 139 130.265 9.39266
      vertex 139 115 13.091
      vertex 139 117.112 14.4042
    endloop
  endfacet
  facet normal -1 0 0
    outer loop
      vertex 139 130.538 9.03755
      vertex 139 112.807 11.9188
      vertex 139 115 13.091
    endloop
  endfacet
  facet normal -1 0 0
    outer loop
      vertex 139 130.538 9.03755
      vertex 139 110.542 10.8926
      vertex 139 112.807 11.9188
    endloop
  endfacet
  facet normal -1 0 0
    outer loop
      vertex 139 130.893 8.76505
      vertex 139 108.215 10.0167
      vertex 139 110.542 10.8926
    endloop
  endfacet
  facet normal -1 0 0
    outer loop
      vertex 139 131.306 8.59376
      vertex 139 108.215 10.0167
      vertex 139 130.893 8.76505
    endloop
  endfacet
  facet normal -1 0 0
    outer loop
      vertex 139 142 4
      vertex 139 103.413 8.73016
      vertex 139 105.835 9.29483
    endloop
  endfacet
  facet normal -1 0 0
    outer loop
      vertex 139 142 4
      vertex 139 100.96 8.3251
      vertex 139 103.413 8.73016
    endloop
  endfacet
  facet normal -1 0 0
    outer loop
      vertex 139 142 4
      vertex 139 98.4853 8.08138
      vertex 139 100.96 8.3251
    endloop
  endfacet
  facet normal -1 0 0
    outer loop
      vertex 139 142 4
      vertex 139 96 8
      vertex 139 98.4853 8.08138
    endloop
  endfacet
  facet normal -1 0 0
    outer loop
      vertex 139 50 4
      vertex 139 96 8
      vertex 139 142 4
    endloop
  endfacet
  facet normal -1 0 0
    outer loop
      vertex 139 61.1073 11.7349
      vertex 139 69.1299 19.1299
      vertex 139 61.4625 11.4625
    endloop
  endfacet
  facet normal -1 0 0
    outer loop
      vertex 139 61.4625 11.4625
      vertex 139 69.1299 19.1299
      vertex 139 61.7349 11.1073
    endloop
  endfacet
  facet normal -1 -0 0
    outer loop
      vertex 139 70.9449 17.4301
      vertex 139 61.7349 11.1073
      vertex 139 69.1299 19.1299
    endloop
  endfacet
  facet normal -1 0 0
    outer loop
      vertex 139 61.7349 11.1073
      vertex 139 70.9449 17.4301
      vertex 139 61.9062 10.6938
    endloop
  endfacet
  facet normal -1 -0 0
    outer loop
      vertex 139 72.8671 15.8526
      vertex 139 61.9062 10.6938
      vertex 139 70.9449 17.4301
    endloop
  endfacet
  facet normal -1 0 0
    outer loop
      vertex 139 61.9062 10.6938
      vertex 139 72.8671 15.8526
      vertex 139 61.9647 10.25
    endloop
  endfacet
  facet normal -1 -0 0
    outer loop
      vertex 139 74.8883 14.4042
      vertex 139 61.9647 10.25
      vertex 139 72.8671 15.8526
    endloop
  endfacet
  facet normal -1 0 0
    outer loop
      vertex 139 61.7349 9.39266
      vertex 139 74.8883 14.4042
      vertex 139 77 13.091
    endloop
  endfacet
  facet normal -1 0 0
    outer loop
      vertex 139 61.4625 9.03755
      vertex 139 77 13.091
      vertex 139 79.193 11.9188
    endloop
  endfacet
  facet normal -1 0 0
    outer loop
      vertex 139 61.4625 9.03755
      vertex 139 79.193 11.9188
      vertex 139 81.458 10.8926
    endloop
  endfacet
  facet normal -1 0 0
    outer loop
      vertex 139 61.1073 8.76505
      vertex 139 81.458 10.8926
      vertex 139 83.7853 10.0167
    endloop
  endfacet
  facet normal -1 0 0
    outer loop
      vertex 139 60.6938 8.59376
      vertex 139 83.7853 10.0167
      vertex 139 86.1649 9.29483
    endloop
  endfacet
  facet normal -1 0 0
    outer loop
      vertex 139 50 4
      vertex 139 86.1649 9.29483
      vertex 139 88.5866 8.73016
    endloop
  endfacet
  facet normal -1 0 0
    outer loop
      vertex 139 50 4
      vertex 139 88.5866 8.73016
      vertex 139 91.04 8.3251
    endloop
  endfacet
  facet normal -1 0 0
    outer loop
      vertex 139 50 4
      vertex 139 91.04 8.3251
      vertex 139 93.5147 8.08138
    endloop
  endfacet
  facet normal -1 -0 0
    outer loop
      vertex 139 96 8
      vertex 139 50 4
      vertex 139 93.5147 8.08138
    endloop
  endfacet
  facet normal -1 0 0
    outer loop
      vertex 139 74.8883 14.4042
      vertex 139 61.9062 9.80621
      vertex 139 61.9647 10.25
    endloop
  endfacet
  facet normal -1 0 0
    outer loop
      vertex 139 74.8883 14.4042
      vertex 139 61.7349 9.39266
      vertex 139 61.9062 9.80621
    endloop
  endfacet
  facet normal -1 0 0
    outer loop
      vertex 139 77 13.091
      vertex 139 61.4625 9.03755
      vertex 139 61.7349 9.39266
    endloop
  endfacet
  facet normal -1 0 0
    outer loop
      vertex 139 81.458 10.8926
      vertex 139 61.1073 8.76505
      vertex 139 61.4625 9.03755
    endloop
  endfacet
  facet normal -1 0 0
    outer loop
      vertex 139 83.7853 10.0167
      vertex 139 60.6938 8.59376
      vertex 139 61.1073 8.76505
    endloop
  endfacet
  facet normal -1 0 0
    outer loop
      vertex 139 86.1649 9.29483
      vertex 139 50 4
      vertex 139 60.6938 8.59376
    endloop
  endfacet
  facet normal -1 -0 0
    outer loop
      vertex 139 58.7302 38.5866
      vertex 139 50 4
      vertex 139 58.3251 41.04
    endloop
  endfacet
  facet normal -1 -0 0
    outer loop
      vertex 139 58.3251 41.04
      vertex 139 50 4
      vertex 139 58.0814 43.5147
    endloop
  endfacet
  facet normal -1 -0 0
    outer loop
      vertex 139 58.0814 43.5147
      vertex 139 50 4
      vertex 139 58 46
    endloop
  endfacet
  facet normal -1 -0 0
    outer loop
      vertex 139 58.5938 9.80621
      vertex 139 50 4
      vertex 139 58.5353 10.25
    endloop
  endfacet
  facet normal -1 -0 0
    outer loop
      vertex 139 58.7651 9.39266
      vertex 139 50 4
      vertex 139 58.5938 9.80621
    endloop
  endfacet
  facet normal -1 -0 0
    outer loop
      vertex 139 59.0375 9.03755
      vertex 139 50 4
      vertex 139 58.7651 9.39266
    endloop
  endfacet
  facet normal -1 -0 0
    outer loop
      vertex 139 59.3927 8.76505
      vertex 139 50 4
      vertex 139 59.0375 9.03755
    endloop
  endfacet
  facet normal -1 -0 0
    outer loop
      vertex 139 59.8062 8.59376
      vertex 139 50 4
      vertex 139 59.3927 8.76505
    endloop
  endfacet
  facet normal -1 -0 0
    outer loop
      vertex 139 60.25 8.53533
      vertex 139 50 4
      vertex 139 59.8062 8.59376
    endloop
  endfacet
  facet normal -1 0 0
    outer loop
      vertex 139 60.6938 8.59376
      vertex 139 50 4
      vertex 139 60.25 8.53533
    endloop
  endfacet
  facet normal -1 0 0
    outer loop
      vertex 139 133.919 48.4853
      vertex 139 142 97.7401
      vertex 139 134 46
    endloop
  endfacet
  facet normal -1 0 0
    outer loop
      vertex 139 133.675 50.96
      vertex 139 142 97.7401
      vertex 139 133.919 48.4853
    endloop
  endfacet
  facet normal -1 0 0
    outer loop
      vertex 139 133.27 53.4134
      vertex 139 142 97.7401
      vertex 139 133.675 50.96
    endloop
  endfacet
  facet normal -1 0 0
    outer loop
      vertex 139 133.406 82.1938
      vertex 139 142 97.7401
      vertex 139 133.465 81.75
    endloop
  endfacet
  facet normal -1 0 0
    outer loop
      vertex 139 133.235 82.6073
      vertex 139 142 97.7401
      vertex 139 133.406 82.1938
    endloop
  endfacet
  facet normal -1 0 0
    outer loop
      vertex 139 132.962 82.9625
      vertex 139 142 97.7401
      vertex 139 133.235 82.6073
    endloop
  endfacet
  facet normal -1 0 0
    outer loop
      vertex 139 132.607 83.2349
      vertex 139 142 97.7401
      vertex 139 132.962 82.9625
    endloop
  endfacet
  facet normal -1 0 0
    outer loop
      vertex 139 132.194 83.4062
      vertex 139 142 97.7401
      vertex 139 132.607 83.2349
    endloop
  endfacet
  facet normal -1 0 0
    outer loop
      vertex 139 131.75 83.4647
      vertex 139 142 97.7401
      vertex 139 132.194 83.4062
    endloop
  endfacet
  facet normal -1 0 0
    outer loop
      vertex 139 131.306 83.4062
      vertex 139 142 97.7401
      vertex 139 131.75 83.4647
    endloop
  endfacet
  facet normal -1 0 0
    outer loop
      vertex 139 130.893 83.2349
      vertex 139 142 97.7401
      vertex 139 131.306 83.4062
    endloop
  endfacet
  facet normal -1 0 0
    outer loop
      vertex 139 101.008 94.7401
      vertex 139 130.893 83.2349
      vertex 139 130.538 82.9625
    endloop
  endfacet
  facet normal -1 -0 0
    outer loop
      vertex 139 130.893 80.2651
      vertex 139 122.87 72.8701
      vertex 139 130.538 80.5375
    endloop
  endfacet
  facet normal -1 -0 0
    outer loop
      vertex 139 130.538 80.5375
      vertex 139 122.87 72.8701
      vertex 139 130.265 80.8927
    endloop
  endfacet
  facet normal -1 -0 0
    outer loop
      vertex 139 130.265 80.8927
      vertex 139 122.87 72.8701
      vertex 139 130.094 81.3062
    endloop
  endfacet
  facet normal -1 -0 0
    outer loop
      vertex 139 130.094 81.3062
      vertex 139 122.87 72.8701
      vertex 139 130.035 81.75
    endloop
  endfacet
  facet normal -1 -0 0
    outer loop
      vertex 139 130.035 81.75
      vertex 139 122.87 72.8701
      vertex 139 130.094 82.1938
    endloop
  endfacet
  facet normal -1 0 0
    outer loop
      vertex 139 101.008 94.7401
      vertex 139 130.094 82.1938
      vertex 139 122.87 72.8701
    endloop
  endfacet
  facet normal -1 0 0
    outer loop
      vertex 139 130.094 82.1938
      vertex 139 101.008 94.7401
      vertex 139 130.265 82.6073
    endloop
  endfacet
  facet normal -1 0 0
    outer loop
      vertex 139 101.008 94.7401
      vertex 139 130.538 82.9625
      vertex 139 130.265 82.6073
    endloop
  endfacet
  facet normal -1 0 0
    outer loop
      vertex 139 130.893 83.2349
      vertex 139 101.008 94.7401
      vertex 139 142 97.7401
    endloop
  endfacet
  facet normal -1 0 0
    outer loop
      vertex 139 90.9919 94.7401
      vertex 139 142 97.7401
      vertex 139 101.008 94.7401
    endloop
  endfacet
  facet normal -1 0 0
    outer loop
      vertex 139 61.9647 81.75
      vertex 139 64.4042 67.1117
      vertex 139 63.091 65
    endloop
  endfacet
  facet normal -1 0 0
    outer loop
      vertex 139 61.9647 81.75
      vertex 139 65.8526 69.1329
      vertex 139 64.4042 67.1117
    endloop
  endfacet
  facet normal -1 0 0
    outer loop
      vertex 139 61.9647 81.75
      vertex 139 67.4301 71.0551
      vertex 139 65.8526 69.1329
    endloop
  endfacet
  facet normal -1 0 0
    outer loop
      vertex 139 61.9647 81.75
      vertex 139 69.1299 72.8701
      vertex 139 67.4301 71.0551
    endloop
  endfacet
  facet normal -1 0 0
    outer loop
      vertex 139 61.9062 82.1938
      vertex 139 69.1299 72.8701
      vertex 139 61.9647 81.75
    endloop
  endfacet
  facet normal -1 0 0
    outer loop
      vertex 139 69.1299 72.8701
      vertex 139 61.9062 82.1938
      vertex 139 90.9919 94.7401
    endloop
  endfacet
  facet normal -1 0 0
    outer loop
      vertex 139 61.7349 82.6073
      vertex 139 90.9919 94.7401
      vertex 139 61.9062 82.1938
    endloop
  endfacet
  facet normal -1 0 0
    outer loop
      vertex 139 61.4625 82.9625
      vertex 139 90.9919 94.7401
      vertex 139 61.7349 82.6073
    endloop
  endfacet
  facet normal -1 0 0
    outer loop
      vertex 139 61.1073 83.2349
      vertex 139 90.9919 94.7401
      vertex 139 61.4625 82.9625
    endloop
  endfacet
  facet normal -1 0 0
    outer loop
      vertex 139 50 97.7401
      vertex 139 61.1073 83.2349
      vertex 139 60.6938 83.4062
    endloop
  endfacet
  facet normal -1 0 0
    outer loop
      vertex 139 50 97.7401
      vertex 139 60.6938 83.4062
      vertex 139 60.25 83.4647
    endloop
  endfacet
  facet normal -1 0 0
    outer loop
      vertex 139 50 97.7401
      vertex 139 60.25 83.4647
      vertex 139 59.8062 83.4062
    endloop
  endfacet
  facet normal -1 0 0
    outer loop
      vertex 139 50 97.7401
      vertex 139 58.3251 50.96
      vertex 139 58.0814 48.4853
    endloop
  endfacet
  facet normal -1 0 0
    outer loop
      vertex 139 50 97.7401
      vertex 139 58.0814 48.4853
      vertex 139 58 46
    endloop
  endfacet
  facet normal -1 0 0
    outer loop
      vertex 139 50 97.7401
      vertex 139 58 46
      vertex 139 50 4
    endloop
  endfacet
  facet normal -1 0 0
    outer loop
      vertex 139 90.9919 94.7401
      vertex 139 50 97.7401
      vertex 139 142 97.7401
    endloop
  endfacet
  facet normal -1 0 0
    outer loop
      vertex 139 61.1073 83.2349
      vertex 139 50 97.7401
      vertex 139 90.9919 94.7401
    endloop
  endfacet
  facet normal -1 0 0
    outer loop
      vertex 139 59.3927 83.2349
      vertex 139 50 97.7401
      vertex 139 59.8062 83.4062
    endloop
  endfacet
  facet normal -1 0 0
    outer loop
      vertex 139 59.0375 82.9625
      vertex 139 50 97.7401
      vertex 139 59.3927 83.2349
    endloop
  endfacet
  facet normal -1 0 0
    outer loop
      vertex 139 58.7651 82.6073
      vertex 139 50 97.7401
      vertex 139 59.0375 82.9625
    endloop
  endfacet
  facet normal -1 0 0
    outer loop
      vertex 139 58.5938 82.1938
      vertex 139 50 97.7401
      vertex 139 58.7651 82.6073
    endloop
  endfacet
  facet normal -1 0 0
    outer loop
      vertex 139 58.5353 81.75
      vertex 139 50 97.7401
      vertex 139 58.5938 82.1938
    endloop
  endfacet
  facet normal -1 0 0
    outer loop
      vertex 139 58.5938 81.3062
      vertex 139 50 97.7401
      vertex 139 58.5353 81.75
    endloop
  endfacet
  facet normal -1 0 0
    outer loop
      vertex 139 133.235 11.1073
      vertex 139 142 4
      vertex 139 133.406 10.6938
    endloop
  endfacet
  facet normal -1 0 0
    outer loop
      vertex 139 142 4
      vertex 139 133.27 38.5866
      vertex 139 133.675 41.04
    endloop
  endfacet
  facet normal -1 0 0
    outer loop
      vertex 139 131.107 31.458
      vertex 139 142 4
      vertex 139 133.235 11.1073
    endloop
  endfacet
  facet normal -1 0 0
    outer loop
      vertex 139 131.107 31.458
      vertex 139 133.235 11.1073
      vertex 139 132.962 11.4625
    endloop
  endfacet
  facet normal -1 0 0
    outer loop
      vertex 139 142 4
      vertex 139 132.705 36.1649
      vertex 139 133.27 38.5866
    endloop
  endfacet
  facet normal -1 0 0
    outer loop
      vertex 139 128.909 27
      vertex 139 132.962 11.4625
      vertex 139 132.607 11.7349
    endloop
  endfacet
  facet normal -1 0 0
    outer loop
      vertex 139 127.596 24.8883
      vertex 139 132.607 11.7349
      vertex 139 132.194 11.9062
    endloop
  endfacet
  facet normal -1 0 0
    outer loop
      vertex 139 142 4
      vertex 139 131.983 33.7853
      vertex 139 132.705 36.1649
    endloop
  endfacet
  facet normal -1 0 0
    outer loop
      vertex 139 127.596 24.8883
      vertex 139 132.194 11.9062
      vertex 139 131.75 11.9647
    endloop
  endfacet
  facet normal -1 0 0
    outer loop
      vertex 139 127.596 24.8883
      vertex 139 131.75 11.9647
      vertex 139 131.306 11.9062
    endloop
  endfacet
  facet normal -1 0 0
    outer loop
      vertex 139 142 4
      vertex 139 131.107 31.458
      vertex 139 131.983 33.7853
    endloop
  endfacet
  facet normal -1 0 0
    outer loop
      vertex 139 127.596 24.8883
      vertex 139 131.306 11.9062
      vertex 139 130.893 11.7349
    endloop
  endfacet
  facet normal -1 0 0
    outer loop
      vertex 139 127.596 24.8883
      vertex 139 130.893 11.7349
      vertex 139 130.538 11.4625
    endloop
  endfacet
  facet normal -1 0 0
    outer loop
      vertex 139 127.596 24.8883
      vertex 139 130.538 11.4625
      vertex 139 130.265 11.1073
    endloop
  endfacet
  facet normal -1 0 0
    outer loop
      vertex 139 127.596 24.8883
      vertex 139 130.265 11.1073
      vertex 139 130.094 10.6938
    endloop
  endfacet
  facet normal -1 0 0
    outer loop
      vertex 139 132.962 11.4625
      vertex 139 130.081 29.193
      vertex 139 131.107 31.458
    endloop
  endfacet
  facet normal -1 0 0
    outer loop
      vertex 139 119.133 15.8526
      vertex 139 130.094 10.6938
      vertex 139 130.035 10.25
    endloop
  endfacet
  facet normal -1 0 0
    outer loop
      vertex 139 132.962 11.4625
      vertex 139 128.909 27
      vertex 139 130.081 29.193
    endloop
  endfacet
  facet normal -0.980786 -0.195087 0
    outer loop
      vertex 9.17262 6.41768 0
      vertex 9.09096 6.82822 5.5
      vertex 9.09096 6.82822 0
    endloop
  endfacet
  facet normal -0.980786 -0.195087 0
    outer loop
      vertex 9.09096 6.82822 5.5
      vertex 9.17262 6.41768 0
      vertex 9.17262 6.41768 5.5
    endloop
  endfacet
  facet normal -0.997858 -0.0654122 0
    outer loop
      vertex 9.2 6 0
      vertex 9.17262 6.41768 5.5
      vertex 9.17262 6.41768 0
    endloop
  endfacet
  facet normal -0.997858 -0.0654122 0
    outer loop
      vertex 9.17262 6.41768 5.5
      vertex 9.2 6 0
      vertex 9.2 6 5.5
    endloop
  endfacet
  facet normal -0.321441 -0.94693 0
    outer loop
      vertex 6.82822 9.09096 0
      vertex 7.22459 8.95641 5.5
      vertex 6.82822 9.09096 5.5
    endloop
  endfacet
  facet normal -0.321441 -0.94693 -0
    outer loop
      vertex 7.22459 8.95641 5.5
      vertex 6.82822 9.09096 0
      vertex 7.22459 8.95641 0
    endloop
  endfacet
  facet normal -0.555565 0.831473 0
    outer loop
      vertex 7.94804 3.46127 0
      vertex 7.6 3.22872 5.5
      vertex 7.94804 3.46127 5.5
    endloop
  endfacet
  facet normal -0.555565 0.831473 0
    outer loop
      vertex 7.6 3.22872 5.5
      vertex 7.94804 3.46127 0
      vertex 7.6 3.22872 0
    endloop
  endfacet
  facet normal -0.659353 -0.751833 0
    outer loop
      vertex 7.94804 8.53873 0
      vertex 8.26274 8.26274 5.5
      vertex 7.94804 8.53873 5.5
    endloop
  endfacet
  facet normal -0.659353 -0.751833 -0
    outer loop
      vertex 8.26274 8.26274 5.5
      vertex 7.94804 8.53873 0
      vertex 8.26274 8.26274 0
    endloop
  endfacet
  facet normal 0.195087 0.980786 -0
    outer loop
      vertex 5.58232 2.82738 0
      vertex 5.17178 2.90904 5.5
      vertex 5.58232 2.82738 5.5
    endloop
  endfacet
  facet normal 0.195087 0.980786 0
    outer loop
      vertex 5.17178 2.90904 5.5
      vertex 5.58232 2.82738 0
      vertex 5.17178 2.90904 0
    endloop
  endfacet
  facet normal -0.751833 0.659353 0
    outer loop
      vertex 8.26274 3.73726 0
      vertex 8.53873 4.05196 5.5
      vertex 8.53873 4.05196 0
    endloop
  endfacet
  facet normal -0.751833 0.659353 0
    outer loop
      vertex 8.53873 4.05196 5.5
      vertex 8.26274 3.73726 0
      vertex 8.26274 3.73726 5.5
    endloop
  endfacet
  facet normal 0.94693 -0.321441 0
    outer loop
      vertex 2.90904 6.82822 5.5
      vertex 3.04359 7.22459 0
      vertex 3.04359 7.22459 5.5
    endloop
  endfacet
  facet normal 0.94693 -0.321441 0
    outer loop
      vertex 3.04359 7.22459 0
      vertex 2.90904 6.82822 5.5
      vertex 2.90904 6.82822 0
    endloop
  endfacet
  facet normal -0.0654122 -0.997858 0
    outer loop
      vertex 6 9.2 0
      vertex 6.41768 9.17262 5.5
      vertex 6 9.2 5.5
    endloop
  endfacet
  facet normal -0.0654122 -0.997858 -0
    outer loop
      vertex 6.41768 9.17262 5.5
      vertex 6 9.2 0
      vertex 6.41768 9.17262 0
    endloop
  endfacet
  facet normal 0.321441 -0.94693 0
    outer loop
      vertex 4.77541 8.95641 0
      vertex 5.17178 9.09096 5.5
      vertex 4.77541 8.95641 5.5
    endloop
  endfacet
  facet normal 0.321441 -0.94693 0
    outer loop
      vertex 5.17178 9.09096 5.5
      vertex 4.77541 8.95641 0
      vertex 5.17178 9.09096 0
    endloop
  endfacet
  facet normal 0.997858 0.0654122 0
    outer loop
      vertex 2.82738 5.58232 5.5
      vertex 2.8 6 0
      vertex 2.8 6 5.5
    endloop
  endfacet
  facet normal 0.997858 0.0654122 0
    outer loop
      vertex 2.8 6 0
      vertex 2.82738 5.58232 5.5
      vertex 2.82738 5.58232 0
    endloop
  endfacet
  facet normal 0.0654122 0.997858 -0
    outer loop
      vertex 6 2.8 0
      vertex 5.58232 2.82738 5.5
      vertex 6 2.8 5.5
    endloop
  endfacet
  facet normal 0.0654122 0.997858 0
    outer loop
      vertex 5.58232 2.82738 5.5
      vertex 6 2.8 0
      vertex 5.58232 2.82738 0
    endloop
  endfacet
  facet normal -0.997858 0.0654122 0
    outer loop
      vertex 9.17262 5.58232 0
      vertex 9.2 6 5.5
      vertex 9.2 6 0
    endloop
  endfacet
  facet normal -0.997858 0.0654122 0
    outer loop
      vertex 9.2 6 5.5
      vertex 9.17262 5.58232 0
      vertex 9.17262 5.58232 5.5
    endloop
  endfacet
  facet normal -0.751833 -0.659353 0
    outer loop
      vertex 8.53873 7.94804 0
      vertex 8.26274 8.26274 5.5
      vertex 8.26274 8.26274 0
    endloop
  endfacet
  facet normal -0.751833 -0.659353 0
    outer loop
      vertex 8.26274 8.26274 5.5
      vertex 8.53873 7.94804 0
      vertex 8.53873 7.94804 5.5
    endloop
  endfacet
  facet normal 0.94693 0.321441 0
    outer loop
      vertex 3.04359 4.77541 5.5
      vertex 2.90904 5.17178 0
      vertex 2.90904 5.17178 5.5
    endloop
  endfacet
  facet normal 0.94693 0.321441 0
    outer loop
      vertex 2.90904 5.17178 0
      vertex 3.04359 4.77541 5.5
      vertex 3.04359 4.77541 0
    endloop
  endfacet
  facet normal 0.980786 0.195087 0
    outer loop
      vertex 2.90904 5.17178 5.5
      vertex 2.82738 5.58232 0
      vertex 2.82738 5.58232 5.5
    endloop
  endfacet
  facet normal 0.980786 0.195087 0
    outer loop
      vertex 2.82738 5.58232 0
      vertex 2.90904 5.17178 5.5
      vertex 2.90904 5.17178 0
    endloop
  endfacet
  facet normal -0.195087 -0.980786 0
    outer loop
      vertex 6.41768 9.17262 0
      vertex 6.82822 9.09096 5.5
      vertex 6.41768 9.17262 5.5
    endloop
  endfacet
  facet normal -0.195087 -0.980786 -0
    outer loop
      vertex 6.82822 9.09096 5.5
      vertex 6.41768 9.17262 0
      vertex 6.82822 9.09096 0
    endloop
  endfacet
  facet normal 0.751833 0.659353 0
    outer loop
      vertex 3.73726 3.73726 5.5
      vertex 3.46127 4.05196 0
      vertex 3.46127 4.05196 5.5
    endloop
  endfacet
  facet normal 0.751833 0.659353 0
    outer loop
      vertex 3.46127 4.05196 0
      vertex 3.73726 3.73726 5.5
      vertex 3.73726 3.73726 0
    endloop
  endfacet
  facet normal 0.659353 -0.751833 0
    outer loop
      vertex 3.73726 8.26274 0
      vertex 4.05196 8.53873 5.5
      vertex 3.73726 8.26274 5.5
    endloop
  endfacet
  facet normal 0.659353 -0.751833 0
    outer loop
      vertex 4.05196 8.53873 5.5
      vertex 3.73726 8.26274 0
      vertex 4.05196 8.53873 0
    endloop
  endfacet
  facet normal 0.896874 -0.442285 0
    outer loop
      vertex 3.04359 7.22459 5.5
      vertex 3.22872 7.6 0
      vertex 3.22872 7.6 5.5
    endloop
  endfacet
  facet normal 0.896874 -0.442285 0
    outer loop
      vertex 3.22872 7.6 0
      vertex 3.04359 7.22459 5.5
      vertex 3.04359 7.22459 0
    endloop
  endfacet
  facet normal -0.831473 0.555565 0
    outer loop
      vertex 8.53873 4.05196 0
      vertex 8.77128 4.4 5.5
      vertex 8.77128 4.4 0
    endloop
  endfacet
  facet normal -0.831473 0.555565 0
    outer loop
      vertex 8.77128 4.4 5.5
      vertex 8.53873 4.05196 0
      vertex 8.53873 4.05196 5.5
    endloop
  endfacet
  facet normal -0.831473 -0.555565 0
    outer loop
      vertex 8.77128 7.6 0
      vertex 8.53873 7.94804 5.5
      vertex 8.53873 7.94804 0
    endloop
  endfacet
  facet normal -0.831473 -0.555565 0
    outer loop
      vertex 8.53873 7.94804 5.5
      vertex 8.77128 7.6 0
      vertex 8.77128 7.6 5.5
    endloop
  endfacet
  facet normal 0.751833 -0.659353 0
    outer loop
      vertex 3.46127 7.94804 5.5
      vertex 3.73726 8.26274 0
      vertex 3.73726 8.26274 5.5
    endloop
  endfacet
  facet normal 0.751833 -0.659353 0
    outer loop
      vertex 3.73726 8.26274 0
      vertex 3.46127 7.94804 5.5
      vertex 3.46127 7.94804 0
    endloop
  endfacet
  facet normal -0.659353 0.751833 0
    outer loop
      vertex 8.26274 3.73726 0
      vertex 7.94804 3.46127 5.5
      vertex 8.26274 3.73726 5.5
    endloop
  endfacet
  facet normal -0.659353 0.751833 0
    outer loop
      vertex 7.94804 3.46127 5.5
      vertex 8.26274 3.73726 0
      vertex 7.94804 3.46127 0
    endloop
  endfacet
  facet normal 0.831473 0.555565 0
    outer loop
      vertex 3.46127 4.05196 5.5
      vertex 3.22872 4.4 0
      vertex 3.22872 4.4 5.5
    endloop
  endfacet
  facet normal 0.831473 0.555565 0
    outer loop
      vertex 3.22872 4.4 0
      vertex 3.46127 4.05196 5.5
      vertex 3.46127 4.05196 0
    endloop
  endfacet
  facet normal 0.195087 -0.980786 0
    outer loop
      vertex 5.17178 9.09096 0
      vertex 5.58232 9.17262 5.5
      vertex 5.17178 9.09096 5.5
    endloop
  endfacet
  facet normal 0.195087 -0.980786 0
    outer loop
      vertex 5.58232 9.17262 5.5
      vertex 5.17178 9.09096 0
      vertex 5.58232 9.17262 0
    endloop
  endfacet
  facet normal -0.94693 0.321441 0
    outer loop
      vertex 8.95641 4.77541 0
      vertex 9.09096 5.17178 5.5
      vertex 9.09096 5.17178 0
    endloop
  endfacet
  facet normal -0.94693 0.321441 0
    outer loop
      vertex 9.09096 5.17178 5.5
      vertex 8.95641 4.77541 0
      vertex 8.95641 4.77541 5.5
    endloop
  endfacet
  facet normal -0.442285 -0.896874 0
    outer loop
      vertex 7.22459 8.95641 0
      vertex 7.6 8.77128 5.5
      vertex 7.22459 8.95641 5.5
    endloop
  endfacet
  facet normal -0.442285 -0.896874 -0
    outer loop
      vertex 7.6 8.77128 5.5
      vertex 7.22459 8.95641 0
      vertex 7.6 8.77128 0
    endloop
  endfacet
  facet normal 0.0654122 -0.997858 0
    outer loop
      vertex 5.58232 9.17262 0
      vertex 6 9.2 5.5
      vertex 5.58232 9.17262 5.5
    endloop
  endfacet
  facet normal 0.0654122 -0.997858 0
    outer loop
      vertex 6 9.2 5.5
      vertex 5.58232 9.17262 0
      vertex 6 9.2 0
    endloop
  endfacet
  facet normal -0.0654122 0.997858 0
    outer loop
      vertex 6.41768 2.82738 0
      vertex 6 2.8 5.5
      vertex 6.41768 2.82738 5.5
    endloop
  endfacet
  facet normal -0.0654122 0.997858 0
    outer loop
      vertex 6 2.8 5.5
      vertex 6.41768 2.82738 0
      vertex 6 2.8 0
    endloop
  endfacet
  facet normal -0.555565 -0.831473 0
    outer loop
      vertex 7.6 8.77128 0
      vertex 7.94804 8.53873 5.5
      vertex 7.6 8.77128 5.5
    endloop
  endfacet
  facet normal -0.555565 -0.831473 -0
    outer loop
      vertex 7.94804 8.53873 5.5
      vertex 7.6 8.77128 0
      vertex 7.94804 8.53873 0
    endloop
  endfacet
  facet normal 0.896874 0.442285 0
    outer loop
      vertex 3.22872 4.4 5.5
      vertex 3.04359 4.77541 0
      vertex 3.04359 4.77541 5.5
    endloop
  endfacet
  facet normal 0.896874 0.442285 0
    outer loop
      vertex 3.04359 4.77541 0
      vertex 3.22872 4.4 5.5
      vertex 3.22872 4.4 0
    endloop
  endfacet
  facet normal 0.659353 0.751833 -0
    outer loop
      vertex 4.05196 3.46127 0
      vertex 3.73726 3.73726 5.5
      vertex 4.05196 3.46127 5.5
    endloop
  endfacet
  facet normal 0.659353 0.751833 0
    outer loop
      vertex 3.73726 3.73726 5.5
      vertex 4.05196 3.46127 0
      vertex 3.73726 3.73726 0
    endloop
  endfacet
  facet normal 0.980786 -0.195087 0
    outer loop
      vertex 2.82738 6.41768 5.5
      vertex 2.90904 6.82822 0
      vertex 2.90904 6.82822 5.5
    endloop
  endfacet
  facet normal 0.980786 -0.195087 0
    outer loop
      vertex 2.90904 6.82822 0
      vertex 2.82738 6.41768 5.5
      vertex 2.82738 6.41768 0
    endloop
  endfacet
  facet normal -0.896874 -0.442285 0
    outer loop
      vertex 8.95641 7.22459 0
      vertex 8.77128 7.6 5.5
      vertex 8.77128 7.6 0
    endloop
  endfacet
  facet normal -0.896874 -0.442285 0
    outer loop
      vertex 8.77128 7.6 5.5
      vertex 8.95641 7.22459 0
      vertex 8.95641 7.22459 5.5
    endloop
  endfacet
  facet normal -0.195087 0.980786 0
    outer loop
      vertex 6.82822 2.90904 0
      vertex 6.41768 2.82738 5.5
      vertex 6.82822 2.90904 5.5
    endloop
  endfacet
  facet normal -0.195087 0.980786 0
    outer loop
      vertex 6.41768 2.82738 5.5
      vertex 6.82822 2.90904 0
      vertex 6.41768 2.82738 0
    endloop
  endfacet
  facet normal -0.896874 0.442285 0
    outer loop
      vertex 8.77128 4.4 0
      vertex 8.95641 4.77541 5.5
      vertex 8.95641 4.77541 0
    endloop
  endfacet
  facet normal -0.896874 0.442285 0
    outer loop
      vertex 8.95641 4.77541 5.5
      vertex 8.77128 4.4 0
      vertex 8.77128 4.4 5.5
    endloop
  endfacet
  facet normal -0.980786 0.195087 0
    outer loop
      vertex 9.09096 5.17178 0
      vertex 9.17262 5.58232 5.5
      vertex 9.17262 5.58232 0
    endloop
  endfacet
  facet normal -0.980786 0.195087 0
    outer loop
      vertex 9.17262 5.58232 5.5
      vertex 9.09096 5.17178 0
      vertex 9.09096 5.17178 5.5
    endloop
  endfacet
  facet normal 0.555565 -0.831473 0
    outer loop
      vertex 4.05196 8.53873 0
      vertex 4.4 8.77128 5.5
      vertex 4.05196 8.53873 5.5
    endloop
  endfacet
  facet normal 0.555565 -0.831473 0
    outer loop
      vertex 4.4 8.77128 5.5
      vertex 4.05196 8.53873 0
      vertex 4.4 8.77128 0
    endloop
  endfacet
  facet normal -0.94693 -0.321441 0
    outer loop
      vertex 9.09096 6.82822 0
      vertex 8.95641 7.22459 5.5
      vertex 8.95641 7.22459 0
    endloop
  endfacet
  facet normal -0.94693 -0.321441 0
    outer loop
      vertex 8.95641 7.22459 5.5
      vertex 9.09096 6.82822 0
      vertex 9.09096 6.82822 5.5
    endloop
  endfacet
  facet normal -0.321441 0.94693 0
    outer loop
      vertex 7.22459 3.04359 0
      vertex 6.82822 2.90904 5.5
      vertex 7.22459 3.04359 5.5
    endloop
  endfacet
  facet normal -0.321441 0.94693 0
    outer loop
      vertex 6.82822 2.90904 5.5
      vertex 7.22459 3.04359 0
      vertex 6.82822 2.90904 0
    endloop
  endfacet
  facet normal -0.442285 0.896874 0
    outer loop
      vertex 7.6 3.22872 0
      vertex 7.22459 3.04359 5.5
      vertex 7.6 3.22872 5.5
    endloop
  endfacet
  facet normal -0.442285 0.896874 0
    outer loop
      vertex 7.22459 3.04359 5.5
      vertex 7.6 3.22872 0
      vertex 7.22459 3.04359 0
    endloop
  endfacet
  facet normal 0.997858 -0.0654122 0
    outer loop
      vertex 2.8 6 5.5
      vertex 2.82738 6.41768 0
      vertex 2.82738 6.41768 5.5
    endloop
  endfacet
  facet normal 0.997858 -0.0654122 0
    outer loop
      vertex 2.82738 6.41768 0
      vertex 2.8 6 5.5
      vertex 2.8 6 0
    endloop
  endfacet
  facet normal 0.321441 0.94693 -0
    outer loop
      vertex 5.17178 2.90904 0
      vertex 4.77541 3.04359 5.5
      vertex 5.17178 2.90904 5.5
    endloop
  endfacet
  facet normal 0.321441 0.94693 0
    outer loop
      vertex 4.77541 3.04359 5.5
      vertex 5.17178 2.90904 0
      vertex 4.77541 3.04359 0
    endloop
  endfacet
  facet normal 0.442285 -0.896874 0
    outer loop
      vertex 4.4 8.77128 0
      vertex 4.77541 8.95641 5.5
      vertex 4.4 8.77128 5.5
    endloop
  endfacet
  facet normal 0.442285 -0.896874 0
    outer loop
      vertex 4.77541 8.95641 5.5
      vertex 4.4 8.77128 0
      vertex 4.77541 8.95641 0
    endloop
  endfacet
  facet normal 0.831473 -0.555565 0
    outer loop
      vertex 3.22872 7.6 5.5
      vertex 3.46127 7.94804 0
      vertex 3.46127 7.94804 5.5
    endloop
  endfacet
  facet normal 0.831473 -0.555565 0
    outer loop
      vertex 3.46127 7.94804 0
      vertex 3.22872 7.6 5.5
      vertex 3.22872 7.6 0
    endloop
  endfacet
  facet normal 0.442285 0.896874 -0
    outer loop
      vertex 4.77541 3.04359 0
      vertex 4.4 3.22872 5.5
      vertex 4.77541 3.04359 5.5
    endloop
  endfacet
  facet normal 0.442285 0.896874 0
    outer loop
      vertex 4.4 3.22872 5.5
      vertex 4.77541 3.04359 0
      vertex 4.4 3.22872 0
    endloop
  endfacet
  facet normal 0.555565 0.831473 -0
    outer loop
      vertex 4.4 3.22872 0
      vertex 4.05196 3.46127 5.5
      vertex 4.4 3.22872 5.5
    endloop
  endfacet
  facet normal 0.555565 0.831473 0
    outer loop
      vertex 4.05196 3.46127 5.5
      vertex 4.4 3.22872 0
      vertex 4.05196 3.46127 0
    endloop
  endfacet
  facet normal -0.706348 -0.046303 -0.706348
    outer loop
      vertex 9.2 6 5.5
      vertex 6.69401 6.09137 8
      vertex 9.17262 6.41768 5.5
    endloop
  endfacet
  facet normal -0.706348 -0.0463065 -0.706348
    outer loop
      vertex 6.69401 6.09137 8
      vertex 9.2 6 5.5
      vertex 6.7 6 8
    endloop
  endfacet
  facet normal 0.588562 -0.393276 -0.706349
    outer loop
      vertex 5.39378 6.35 8
      vertex 3.46127 7.94804 5.5
      vertex 5.44465 6.42613 8
    endloop
  endfacet
  facet normal 0.58857 -0.393265 -0.706348
    outer loop
      vertex 3.46127 7.94804 5.5
      vertex 5.39378 6.35 8
      vertex 3.22872 7.6 5.5
    endloop
  endfacet
  facet normal -0.466732 -0.532195 -0.706349
    outer loop
      vertex 6.49497 6.49497 8
      vertex 7.94804 8.53873 5.5
      vertex 8.26274 8.26274 5.5
    endloop
  endfacet
  facet normal -0.466767 -0.532167 -0.706347
    outer loop
      vertex 7.94804 8.53873 5.5
      vertex 6.49497 6.49497 8
      vertex 6.42613 6.55535 8
    endloop
  endfacet
  facet normal -0.466732 0.532195 -0.706349
    outer loop
      vertex 7.94804 3.46127 5.5
      vertex 6.49497 5.50503 8
      vertex 8.26274 3.73726 5.5
    endloop
  endfacet
  facet normal -0.466767 0.532167 -0.706347
    outer loop
      vertex 6.49497 5.50503 8
      vertex 7.94804 3.46127 5.5
      vertex 6.42613 5.44465 8
    endloop
  endfacet
  facet normal -0.138095 -0.694264 -0.706348
    outer loop
      vertex 6.18117 6.67615 8
      vertex 6.41768 9.17262 5.5
      vertex 6.82822 9.09096 5.5
    endloop
  endfacet
  facet normal -0.13808 -0.694266 -0.706349
    outer loop
      vertex 6.41768 9.17262 5.5
      vertex 6.18117 6.67615 8
      vertex 6.09137 6.69401 8
    endloop
  endfacet
  facet normal -0.58857 0.393265 -0.706348
    outer loop
      vertex 8.53873 4.05196 5.5
      vertex 6.60622 5.65 8
      vertex 8.77128 4.4 5.5
    endloop
  endfacet
  facet normal -0.588562 0.393276 -0.706349
    outer loop
      vertex 6.60622 5.65 8
      vertex 8.53873 4.05196 5.5
      vertex 6.55535 5.57387 8
    endloop
  endfacet
  facet normal 0.634855 0.313098 -0.706349
    outer loop
      vertex 3.22872 4.4 5.5
      vertex 5.35328 5.73212 8
      vertex 5.39378 5.65 8
    endloop
  endfacet
  facet normal 0.634866 0.313078 -0.706348
    outer loop
      vertex 5.35328 5.73212 8
      vertex 3.22872 4.4 5.5
      vertex 3.04359 4.77541 5.5
    endloop
  endfacet
  facet normal 0.634855 -0.313098 -0.706349
    outer loop
      vertex 5.35328 6.26788 8
      vertex 3.22872 7.6 5.5
      vertex 5.39378 6.35 8
    endloop
  endfacet
  facet normal 0.634866 -0.313078 -0.706348
    outer loop
      vertex 3.22872 7.6 5.5
      vertex 5.35328 6.26788 8
      vertex 3.04359 7.22459 5.5
    endloop
  endfacet
  facet normal 0.532164 -0.466765 -0.706351
    outer loop
      vertex 5.44465 6.42613 8
      vertex 3.73726 8.26274 5.5
      vertex 5.50503 6.49497 8
    endloop
  endfacet
  facet normal 0.532196 -0.466733 -0.706349
    outer loop
      vertex 3.73726 8.26274 5.5
      vertex 5.44465 6.42613 8
      vertex 3.46127 7.94804 5.5
    endloop
  endfacet
  facet normal -0.634866 -0.313078 -0.706348
    outer loop
      vertex 6.64672 6.26788 8
      vertex 8.77128 7.6 5.5
      vertex 8.95641 7.22459 5.5
    endloop
  endfacet
  facet normal -0.634855 -0.313098 -0.706349
    outer loop
      vertex 8.77128 7.6 5.5
      vertex 6.64672 6.26788 8
      vertex 6.60622 6.35 8
    endloop
  endfacet
  facet normal -0.046303 0.706348 -0.706348
    outer loop
      vertex 6 2.8 5.5
      vertex 6.09137 5.30599 8
      vertex 6.41768 2.82738 5.5
    endloop
  endfacet
  facet normal -0.0463065 0.706348 -0.706348
    outer loop
      vertex 6.09137 5.30599 8
      vertex 6 2.8 5.5
      vertex 6 5.3 8
    endloop
  endfacet
  facet normal -0.313078 0.634866 -0.706348
    outer loop
      vertex 7.22459 3.04359 5.5
      vertex 6.35 5.39378 8
      vertex 7.6 3.22872 5.5
    endloop
  endfacet
  facet normal -0.313099 0.634857 -0.706347
    outer loop
      vertex 6.35 5.39378 8
      vertex 7.22459 3.04359 5.5
      vertex 6.26788 5.35328 8
    endloop
  endfacet
  facet normal -0.532196 0.466733 -0.706349
    outer loop
      vertex 8.26274 3.73726 5.5
      vertex 6.55535 5.57387 8
      vertex 8.53873 4.05196 5.5
    endloop
  endfacet
  facet normal -0.532164 0.466765 -0.706351
    outer loop
      vertex 6.55535 5.57387 8
      vertex 8.26274 3.73726 5.5
      vertex 6.49497 5.50503 8
    endloop
  endfacet
  facet normal -0.670298 0.227536 -0.706348
    outer loop
      vertex 8.95641 4.77541 5.5
      vertex 6.67615 5.81883 8
      vertex 9.09096 5.17178 5.5
    endloop
  endfacet
  facet normal -0.670309 0.227508 -0.706346
    outer loop
      vertex 6.67615 5.81883 8
      vertex 8.95641 4.77541 5.5
      vertex 6.64672 5.73212 8
    endloop
  endfacet
  facet normal 0.227507 0.670307 -0.706349
    outer loop
      vertex 5.17178 2.90904 5.5
      vertex 5.73212 5.35328 8
      vertex 5.81883 5.32385 8
    endloop
  endfacet
  facet normal 0.227537 0.670299 -0.706347
    outer loop
      vertex 5.73212 5.35328 8
      vertex 5.17178 2.90904 5.5
      vertex 4.77541 3.04359 5.5
    endloop
  endfacet
  facet normal 0.670309 -0.227508 -0.706346
    outer loop
      vertex 5.32385 6.18117 8
      vertex 3.04359 7.22459 5.5
      vertex 5.35328 6.26788 8
    endloop
  endfacet
  facet normal 0.670298 -0.227536 -0.706348
    outer loop
      vertex 3.04359 7.22459 5.5
      vertex 5.32385 6.18117 8
      vertex 2.90904 6.82822 5.5
    endloop
  endfacet
  facet normal 0.227507 -0.670307 -0.706349
    outer loop
      vertex 5.73212 6.64672 8
      vertex 5.17178 9.09096 5.5
      vertex 5.81883 6.67615 8
    endloop
  endfacet
  facet normal 0.227537 -0.670299 -0.706347
    outer loop
      vertex 5.17178 9.09096 5.5
      vertex 5.73212 6.64672 8
      vertex 4.77541 8.95641 5.5
    endloop
  endfacet
  facet normal 0.706348 -0.0463065 -0.706348
    outer loop
      vertex 2.8 6 5.5
      vertex 5.30599 6.09137 8
      vertex 5.3 6 8
    endloop
  endfacet
  facet normal 0.706348 -0.046303 -0.706348
    outer loop
      vertex 5.30599 6.09137 8
      vertex 2.8 6 5.5
      vertex 2.82738 6.41768 5.5
    endloop
  endfacet
  facet normal -0.634866 0.313078 -0.706348
    outer loop
      vertex 8.77128 4.4 5.5
      vertex 6.64672 5.73212 8
      vertex 8.95641 4.77541 5.5
    endloop
  endfacet
  facet normal -0.634855 0.313098 -0.706349
    outer loop
      vertex 6.64672 5.73212 8
      vertex 8.77128 4.4 5.5
      vertex 6.60622 5.65 8
    endloop
  endfacet
  facet normal 0.466767 -0.532167 -0.706347
    outer loop
      vertex 5.50503 6.49497 8
      vertex 4.05196 8.53873 5.5
      vertex 5.57387 6.55535 8
    endloop
  endfacet
  facet normal 0.466732 -0.532195 -0.706349
    outer loop
      vertex 4.05196 8.53873 5.5
      vertex 5.50503 6.49497 8
      vertex 3.73726 8.26274 5.5
    endloop
  endfacet
  facet normal -0.393265 -0.58857 -0.706349
    outer loop
      vertex 6.42613 6.55535 8
      vertex 7.6 8.77128 5.5
      vertex 7.94804 8.53873 5.5
    endloop
  endfacet
  facet normal -0.393277 -0.588563 -0.706348
    outer loop
      vertex 7.6 8.77128 5.5
      vertex 6.42613 6.55535 8
      vertex 6.35 6.60622 8
    endloop
  endfacet
  facet normal -0.0463065 -0.706348 -0.706348
    outer loop
      vertex 6 9.2 5.5
      vertex 6.09137 6.69401 8
      vertex 6 6.7 8
    endloop
  endfacet
  facet normal -0.046303 -0.706348 -0.706348
    outer loop
      vertex 6.09137 6.69401 8
      vertex 6 9.2 5.5
      vertex 6.41768 9.17262 5.5
    endloop
  endfacet
  facet normal -0.227537 0.670299 -0.706347
    outer loop
      vertex 6.82822 2.90904 5.5
      vertex 6.26788 5.35328 8
      vertex 7.22459 3.04359 5.5
    endloop
  endfacet
  facet normal -0.227507 0.670307 -0.706349
    outer loop
      vertex 6.26788 5.35328 8
      vertex 6.82822 2.90904 5.5
      vertex 6.18117 5.32385 8
    endloop
  endfacet
  facet normal 0.466767 0.532167 -0.706347
    outer loop
      vertex 4.05196 3.46127 5.5
      vertex 5.50503 5.50503 8
      vertex 5.57387 5.44465 8
    endloop
  endfacet
  facet normal 0.466732 0.532195 -0.706349
    outer loop
      vertex 5.50503 5.50503 8
      vertex 4.05196 3.46127 5.5
      vertex 3.73726 3.73726 5.5
    endloop
  endfacet
  facet normal 0.393277 -0.588563 -0.706348
    outer loop
      vertex 5.57387 6.55535 8
      vertex 4.4 8.77128 5.5
      vertex 5.65 6.60622 8
    endloop
  endfacet
  facet normal 0.393265 -0.58857 -0.706349
    outer loop
      vertex 4.4 8.77128 5.5
      vertex 5.57387 6.55535 8
      vertex 4.05196 8.53873 5.5
    endloop
  endfacet
  facet normal 0.313099 -0.634857 -0.706347
    outer loop
      vertex 5.65 6.60622 8
      vertex 4.77541 8.95641 5.5
      vertex 5.73212 6.64672 8
    endloop
  endfacet
  facet normal 0.313078 -0.634866 -0.706348
    outer loop
      vertex 4.77541 8.95641 5.5
      vertex 5.65 6.60622 8
      vertex 4.4 8.77128 5.5
    endloop
  endfacet
  facet normal -0.393265 0.58857 -0.706349
    outer loop
      vertex 7.6 3.22872 5.5
      vertex 6.42613 5.44465 8
      vertex 7.94804 3.46127 5.5
    endloop
  endfacet
  facet normal -0.393277 0.588563 -0.706348
    outer loop
      vertex 6.42613 5.44465 8
      vertex 7.6 3.22872 5.5
      vertex 6.35 5.39378 8
    endloop
  endfacet
  facet normal -0.58857 -0.393265 -0.706348
    outer loop
      vertex 6.60622 6.35 8
      vertex 8.53873 7.94804 5.5
      vertex 8.77128 7.6 5.5
    endloop
  endfacet
  facet normal -0.588562 -0.393276 -0.706349
    outer loop
      vertex 8.53873 7.94804 5.5
      vertex 6.60622 6.35 8
      vertex 6.55535 6.42613 8
    endloop
  endfacet
  facet normal 0.0463065 0.706348 -0.706348
    outer loop
      vertex 6 2.8 5.5
      vertex 5.90863 5.30599 8
      vertex 6 5.3 8
    endloop
  endfacet
  facet normal 0.046303 0.706348 -0.706348
    outer loop
      vertex 5.90863 5.30599 8
      vertex 6 2.8 5.5
      vertex 5.58232 2.82738 5.5
    endloop
  endfacet
  facet normal -0.694264 -0.138095 -0.706348
    outer loop
      vertex 6.69401 6.09137 8
      vertex 9.09096 6.82822 5.5
      vertex 9.17262 6.41768 5.5
    endloop
  endfacet
  facet normal -0.694267 -0.13808 -0.706347
    outer loop
      vertex 9.09096 6.82822 5.5
      vertex 6.69401 6.09137 8
      vertex 6.67615 6.18117 8
    endloop
  endfacet
  facet normal -0.532196 -0.466733 -0.706349
    outer loop
      vertex 6.55535 6.42613 8
      vertex 8.26274 8.26274 5.5
      vertex 8.53873 7.94804 5.5
    endloop
  endfacet
  facet normal -0.532164 -0.466765 -0.706351
    outer loop
      vertex 8.26274 8.26274 5.5
      vertex 6.55535 6.42613 8
      vertex 6.49497 6.49497 8
    endloop
  endfacet
  facet normal 0.532164 0.466765 -0.706351
    outer loop
      vertex 3.73726 3.73726 5.5
      vertex 5.44465 5.57387 8
      vertex 5.50503 5.50503 8
    endloop
  endfacet
  facet normal 0.532196 0.466733 -0.706349
    outer loop
      vertex 5.44465 5.57387 8
      vertex 3.73726 3.73726 5.5
      vertex 3.46127 4.05196 5.5
    endloop
  endfacet
  facet normal 0.694267 -0.13808 -0.706347
    outer loop
      vertex 5.30599 6.09137 8
      vertex 2.90904 6.82822 5.5
      vertex 5.32385 6.18117 8
    endloop
  endfacet
  facet normal 0.694264 -0.138095 -0.706348
    outer loop
      vertex 2.90904 6.82822 5.5
      vertex 5.30599 6.09137 8
      vertex 2.82738 6.41768 5.5
    endloop
  endfacet
  facet normal 0.046303 -0.706348 -0.706348
    outer loop
      vertex 6 9.2 5.5
      vertex 5.90863 6.69401 8
      vertex 5.58232 9.17262 5.5
    endloop
  endfacet
  facet normal 0.0463065 -0.706348 -0.706348
    outer loop
      vertex 5.90863 6.69401 8
      vertex 6 9.2 5.5
      vertex 6 6.7 8
    endloop
  endfacet
  facet normal 0.694267 0.13808 -0.706347
    outer loop
      vertex 2.90904 5.17178 5.5
      vertex 5.30599 5.90863 8
      vertex 5.32385 5.81883 8
    endloop
  endfacet
  facet normal 0.694264 0.138095 -0.706348
    outer loop
      vertex 5.30599 5.90863 8
      vertex 2.90904 5.17178 5.5
      vertex 2.82738 5.58232 5.5
    endloop
  endfacet
  facet normal 0.670309 0.227508 -0.706346
    outer loop
      vertex 3.04359 4.77541 5.5
      vertex 5.32385 5.81883 8
      vertex 5.35328 5.73212 8
    endloop
  endfacet
  facet normal 0.670298 0.227536 -0.706348
    outer loop
      vertex 5.32385 5.81883 8
      vertex 3.04359 4.77541 5.5
      vertex 2.90904 5.17178 5.5
    endloop
  endfacet
  facet normal 0.588562 0.393276 -0.706349
    outer loop
      vertex 3.46127 4.05196 5.5
      vertex 5.39378 5.65 8
      vertex 5.44465 5.57387 8
    endloop
  endfacet
  facet normal 0.58857 0.393265 -0.706348
    outer loop
      vertex 5.39378 5.65 8
      vertex 3.46127 4.05196 5.5
      vertex 3.22872 4.4 5.5
    endloop
  endfacet
  facet normal 0.13808 -0.694266 -0.706349
    outer loop
      vertex 5.81883 6.67615 8
      vertex 5.58232 9.17262 5.5
      vertex 5.90863 6.69401 8
    endloop
  endfacet
  facet normal 0.138095 -0.694264 -0.706348
    outer loop
      vertex 5.58232 9.17262 5.5
      vertex 5.81883 6.67615 8
      vertex 5.17178 9.09096 5.5
    endloop
  endfacet
  facet normal -0.138095 0.694264 -0.706348
    outer loop
      vertex 6.41768 2.82738 5.5
      vertex 6.18117 5.32385 8
      vertex 6.82822 2.90904 5.5
    endloop
  endfacet
  facet normal -0.13808 0.694266 -0.706349
    outer loop
      vertex 6.18117 5.32385 8
      vertex 6.41768 2.82738 5.5
      vertex 6.09137 5.30599 8
    endloop
  endfacet
  facet normal -0.227537 -0.670299 -0.706347
    outer loop
      vertex 6.26788 6.64672 8
      vertex 6.82822 9.09096 5.5
      vertex 7.22459 8.95641 5.5
    endloop
  endfacet
  facet normal -0.227507 -0.670307 -0.706349
    outer loop
      vertex 6.82822 9.09096 5.5
      vertex 6.26788 6.64672 8
      vertex 6.18117 6.67615 8
    endloop
  endfacet
  facet normal -0.313078 -0.634866 -0.706348
    outer loop
      vertex 6.35 6.60622 8
      vertex 7.22459 8.95641 5.5
      vertex 7.6 8.77128 5.5
    endloop
  endfacet
  facet normal -0.313099 -0.634857 -0.706347
    outer loop
      vertex 7.22459 8.95641 5.5
      vertex 6.35 6.60622 8
      vertex 6.26788 6.64672 8
    endloop
  endfacet
  facet normal -0.706348 0.0463065 -0.706348
    outer loop
      vertex 9.2 6 5.5
      vertex 6.69401 5.90863 8
      vertex 6.7 6 8
    endloop
  endfacet
  facet normal -0.706348 0.046303 -0.706348
    outer loop
      vertex 6.69401 5.90863 8
      vertex 9.2 6 5.5
      vertex 9.17262 5.58232 5.5
    endloop
  endfacet
  facet normal -0.694264 0.138095 -0.706348
    outer loop
      vertex 9.09096 5.17178 5.5
      vertex 6.69401 5.90863 8
      vertex 9.17262 5.58232 5.5
    endloop
  endfacet
  facet normal -0.694267 0.13808 -0.706347
    outer loop
      vertex 6.69401 5.90863 8
      vertex 9.09096 5.17178 5.5
      vertex 6.67615 5.81883 8
    endloop
  endfacet
  facet normal -0.670298 -0.227536 -0.706348
    outer loop
      vertex 6.67615 6.18117 8
      vertex 8.95641 7.22459 5.5
      vertex 9.09096 6.82822 5.5
    endloop
  endfacet
  facet normal -0.670309 -0.227508 -0.706346
    outer loop
      vertex 8.95641 7.22459 5.5
      vertex 6.67615 6.18117 8
      vertex 6.64672 6.26788 8
    endloop
  endfacet
  facet normal 0.13808 0.694266 -0.706349
    outer loop
      vertex 5.58232 2.82738 5.5
      vertex 5.81883 5.32385 8
      vertex 5.90863 5.30599 8
    endloop
  endfacet
  facet normal 0.138095 0.694264 -0.706348
    outer loop
      vertex 5.81883 5.32385 8
      vertex 5.58232 2.82738 5.5
      vertex 5.17178 2.90904 5.5
    endloop
  endfacet
  facet normal 0.313099 0.634857 -0.706347
    outer loop
      vertex 4.77541 3.04359 5.5
      vertex 5.65 5.39378 8
      vertex 5.73212 5.35328 8
    endloop
  endfacet
  facet normal 0.313078 0.634866 -0.706348
    outer loop
      vertex 5.65 5.39378 8
      vertex 4.77541 3.04359 5.5
      vertex 4.4 3.22872 5.5
    endloop
  endfacet
  facet normal 0.393277 0.588563 -0.706348
    outer loop
      vertex 4.4 3.22872 5.5
      vertex 5.57387 5.44465 8
      vertex 5.65 5.39378 8
    endloop
  endfacet
  facet normal 0.393265 0.58857 -0.706349
    outer loop
      vertex 5.57387 5.44465 8
      vertex 4.4 3.22872 5.5
      vertex 4.05196 3.46127 5.5
    endloop
  endfacet
  facet normal 0.706348 0.0463065 -0.706348
    outer loop
      vertex 5.30599 5.90863 8
      vertex 2.8 6 5.5
      vertex 5.3 6 8
    endloop
  endfacet
  facet normal 0.706348 0.046303 -0.706348
    outer loop
      vertex 2.8 6 5.5
      vertex 5.30599 5.90863 8
      vertex 2.82738 5.58232 5.5
    endloop
  endfacet
  facet normal -0.980737 -0.195334 0
    outer loop
      vertex 9.17262 186.418 0
      vertex 9.09096 186.828 5.5
      vertex 9.09096 186.828 0
    endloop
  endfacet
  facet normal -0.980737 -0.195334 0
    outer loop
      vertex 9.09096 186.828 5.5
      vertex 9.17262 186.418 0
      vertex 9.17262 186.418 5.5
    endloop
  endfacet
  facet normal -0.997862 -0.0653623 0
    outer loop
      vertex 9.2 186 0
      vertex 9.17262 186.418 5.5
      vertex 9.17262 186.418 0
    endloop
  endfacet
  facet normal -0.997862 -0.0653623 0
    outer loop
      vertex 9.17262 186.418 5.5
      vertex 9.2 186 0
      vertex 9.2 186 5.5
    endloop
  endfacet
  facet normal -0.322404 -0.946602 0
    outer loop
      vertex 6.82822 189.091 0
      vertex 7.22459 188.956 5.5
      vertex 6.82822 189.091 5.5
    endloop
  endfacet
  facet normal -0.322404 -0.946602 -0
    outer loop
      vertex 7.22459 188.956 5.5
      vertex 6.82822 189.091 0
      vertex 7.22459 188.956 0
    endloop
  endfacet
  facet normal -0.554656 0.83208 0
    outer loop
      vertex 7.94804 183.461 0
      vertex 7.6 183.229 5.5
      vertex 7.94804 183.461 5.5
    endloop
  endfacet
  facet normal -0.554656 0.83208 0
    outer loop
      vertex 7.6 183.229 5.5
      vertex 7.94804 183.461 0
      vertex 7.6 183.229 0
    endloop
  endfacet
  facet normal -0.659367 -0.751821 0
    outer loop
      vertex 7.94804 188.539 0
      vertex 8.26274 188.263 5.5
      vertex 7.94804 188.539 5.5
    endloop
  endfacet
  facet normal -0.659367 -0.751821 -0
    outer loop
      vertex 8.26274 188.263 5.5
      vertex 7.94804 188.539 0
      vertex 8.26274 188.263 0
    endloop
  endfacet
  facet normal 0.195868 0.98063 -0
    outer loop
      vertex 5.58232 182.827 0
      vertex 5.17178 182.909 5.5
      vertex 5.58232 182.827 5.5
    endloop
  endfacet
  facet normal 0.195868 0.98063 0
    outer loop
      vertex 5.17178 182.909 5.5
      vertex 5.58232 182.827 0
      vertex 5.17178 182.909 0
    endloop
  endfacet
  facet normal -0.752145 0.658998 0
    outer loop
      vertex 8.26274 183.737 0
      vertex 8.53873 184.052 5.5
      vertex 8.53873 184.052 0
    endloop
  endfacet
  facet normal -0.752145 0.658998 0
    outer loop
      vertex 8.53873 184.052 5.5
      vertex 8.26274 183.737 0
      vertex 8.26274 183.737 5.5
    endloop
  endfacet
  facet normal 0.947085 -0.320983 0
    outer loop
      vertex 2.90904 186.828 5.5
      vertex 3.04359 187.225 0
      vertex 3.04359 187.225 5.5
    endloop
  endfacet
  facet normal 0.947085 -0.320983 0
    outer loop
      vertex 3.04359 187.225 0
      vertex 2.90904 186.828 5.5
      vertex 2.90904 186.828 0
    endloop
  endfacet
  facet normal -0.0645081 -0.997917 0
    outer loop
      vertex 6 189.2 0
      vertex 6.41768 189.173 5.5
      vertex 6 189.2 5.5
    endloop
  endfacet
  facet normal -0.0645081 -0.997917 -0
    outer loop
      vertex 6.41768 189.173 5.5
      vertex 6 189.2 0
      vertex 6.41768 189.173 0
    endloop
  endfacet
  facet normal 0.322404 -0.946602 0
    outer loop
      vertex 4.77541 188.956 0
      vertex 5.17178 189.091 5.5
      vertex 4.77541 188.956 5.5
    endloop
  endfacet
  facet normal 0.322404 -0.946602 0
    outer loop
      vertex 5.17178 189.091 5.5
      vertex 4.77541 188.956 0
      vertex 5.17178 189.091 0
    endloop
  endfacet
  facet normal 0.997862 0.0653623 0
    outer loop
      vertex 2.82738 185.582 5.5
      vertex 2.8 186 0
      vertex 2.8 186 5.5
    endloop
  endfacet
  facet normal 0.997862 0.0653623 0
    outer loop
      vertex 2.8 186 0
      vertex 2.82738 185.582 5.5
      vertex 2.82738 185.582 0
    endloop
  endfacet
  facet normal 0.0645081 0.997917 -0
    outer loop
      vertex 6 182.8 0
      vertex 5.58232 182.827 5.5
      vertex 6 182.8 5.5
    endloop
  endfacet
  facet normal 0.0645081 0.997917 0
    outer loop
      vertex 5.58232 182.827 5.5
      vertex 6 182.8 0
      vertex 5.58232 182.827 0
    endloop
  endfacet
  facet normal -0.997862 0.0653623 0
    outer loop
      vertex 9.17262 185.582 0
      vertex 9.2 186 5.5
      vertex 9.2 186 0
    endloop
  endfacet
  facet normal -0.997862 0.0653623 0
    outer loop
      vertex 9.2 186 5.5
      vertex 9.17262 185.582 0
      vertex 9.17262 185.582 5.5
    endloop
  endfacet
  facet normal -0.752145 -0.658998 0
    outer loop
      vertex 8.53873 187.948 0
      vertex 8.26274 188.263 5.5
      vertex 8.26274 188.263 0
    endloop
  endfacet
  facet normal -0.752145 -0.658998 0
    outer loop
      vertex 8.26274 188.263 5.5
      vertex 8.53873 187.948 0
      vertex 8.53873 187.948 5.5
    endloop
  endfacet
  facet normal 0.947085 0.320983 0
    outer loop
      vertex 3.04359 184.775 5.5
      vertex 2.90904 185.172 0
      vertex 2.90904 185.172 5.5
    endloop
  endfacet
  facet normal 0.947085 0.320983 0
    outer loop
      vertex 2.90904 185.172 0
      vertex 3.04359 184.775 5.5
      vertex 3.04359 184.775 0
    endloop
  endfacet
  facet normal 0.980737 0.195334 0
    outer loop
      vertex 2.90904 185.172 5.5
      vertex 2.82738 185.582 0
      vertex 2.82738 185.582 5.5
    endloop
  endfacet
  facet normal 0.980737 0.195334 0
    outer loop
      vertex 2.82738 185.582 0
      vertex 2.90904 185.172 5.5
      vertex 2.90904 185.172 0
    endloop
  endfacet
  facet normal -0.195868 -0.98063 0
    outer loop
      vertex 6.41768 189.173 0
      vertex 6.82822 189.091 5.5
      vertex 6.41768 189.173 5.5
    endloop
  endfacet
  facet normal -0.195868 -0.98063 -0
    outer loop
      vertex 6.82822 189.091 5.5
      vertex 6.41768 189.173 0
      vertex 6.82822 189.091 0
    endloop
  endfacet
  facet normal 0.752145 0.658998 0
    outer loop
      vertex 3.73726 183.737 5.5
      vertex 3.46127 184.052 0
      vertex 3.46127 184.052 5.5
    endloop
  endfacet
  facet normal 0.752145 0.658998 0
    outer loop
      vertex 3.46127 184.052 0
      vertex 3.73726 183.737 5.5
      vertex 3.73726 183.737 0
    endloop
  endfacet
  facet normal 0.659367 -0.751821 0
    outer loop
      vertex 3.73726 188.263 0
      vertex 4.05196 188.539 5.5
      vertex 3.73726 188.263 5.5
    endloop
  endfacet
  facet normal 0.659367 -0.751821 0
    outer loop
      vertex 4.05196 188.539 5.5
      vertex 3.73726 188.263 0
      vertex 4.05196 188.539 0
    endloop
  endfacet
  facet normal 0.896683 -0.442674 0
    outer loop
      vertex 3.04359 187.225 5.5
      vertex 3.22872 187.6 0
      vertex 3.22872 187.6 5.5
    endloop
  endfacet
  facet normal 0.896683 -0.442674 0
    outer loop
      vertex 3.22872 187.6 0
      vertex 3.04359 187.225 5.5
      vertex 3.04359 187.225 0
    endloop
  endfacet
  facet normal -0.831443 0.55561 0
    outer loop
      vertex 8.53873 184.052 0
      vertex 8.77128 184.4 5.5
      vertex 8.77128 184.4 0
    endloop
  endfacet
  facet normal -0.831443 0.55561 0
    outer loop
      vertex 8.77128 184.4 5.5
      vertex 8.53873 184.052 0
      vertex 8.53873 184.052 5.5
    endloop
  endfacet
  facet normal -0.831443 -0.55561 0
    outer loop
      vertex 8.77128 187.6 0
      vertex 8.53873 187.948 5.5
      vertex 8.53873 187.948 0
    endloop
  endfacet
  facet normal -0.831443 -0.55561 0
    outer loop
      vertex 8.53873 187.948 5.5
      vertex 8.77128 187.6 0
      vertex 8.77128 187.6 5.5
    endloop
  endfacet
  facet normal 0.752145 -0.658998 0
    outer loop
      vertex 3.46127 187.948 5.5
      vertex 3.73726 188.263 0
      vertex 3.73726 188.263 5.5
    endloop
  endfacet
  facet normal 0.752145 -0.658998 0
    outer loop
      vertex 3.73726 188.263 0
      vertex 3.46127 187.948 5.5
      vertex 3.46127 187.948 0
    endloop
  endfacet
  facet normal -0.659367 0.751821 0
    outer loop
      vertex 8.26274 183.737 0
      vertex 7.94804 183.461 5.5
      vertex 8.26274 183.737 5.5
    endloop
  endfacet
  facet normal -0.659367 0.751821 0
    outer loop
      vertex 7.94804 183.461 5.5
      vertex 8.26274 183.737 0
      vertex 7.94804 183.461 0
    endloop
  endfacet
  facet normal 0.831443 0.55561 0
    outer loop
      vertex 3.46127 184.052 5.5
      vertex 3.22872 184.4 0
      vertex 3.22872 184.4 5.5
    endloop
  endfacet
  facet normal 0.831443 0.55561 0
    outer loop
      vertex 3.22872 184.4 0
      vertex 3.46127 184.052 5.5
      vertex 3.46127 184.052 0
    endloop
  endfacet
  facet normal 0.195868 -0.98063 0
    outer loop
      vertex 5.17178 189.091 0
      vertex 5.58232 189.173 5.5
      vertex 5.17178 189.091 5.5
    endloop
  endfacet
  facet normal 0.195868 -0.98063 0
    outer loop
      vertex 5.58232 189.173 5.5
      vertex 5.17178 189.091 0
      vertex 5.58232 189.173 0
    endloop
  endfacet
  facet normal -0.947085 0.320983 0
    outer loop
      vertex 8.95641 184.775 0
      vertex 9.09096 185.172 5.5
      vertex 9.09096 185.172 0
    endloop
  endfacet
  facet normal -0.947085 0.320983 0
    outer loop
      vertex 9.09096 185.172 5.5
      vertex 8.95641 184.775 0
      vertex 8.95641 184.775 5.5
    endloop
  endfacet
  facet normal -0.442036 -0.896998 0
    outer loop
      vertex 7.22459 188.956 0
      vertex 7.6 188.771 5.5
      vertex 7.22459 188.956 5.5
    endloop
  endfacet
  facet normal -0.442036 -0.896998 -0
    outer loop
      vertex 7.6 188.771 5.5
      vertex 7.22459 188.956 0
      vertex 7.6 188.771 0
    endloop
  endfacet
  facet normal 0.0645081 -0.997917 0
    outer loop
      vertex 5.58232 189.173 0
      vertex 6 189.2 5.5
      vertex 5.58232 189.173 5.5
    endloop
  endfacet
  facet normal 0.0645081 -0.997917 0
    outer loop
      vertex 6 189.2 5.5
      vertex 5.58232 189.173 0
      vertex 6 189.2 0
    endloop
  endfacet
  facet normal -0.0645081 0.997917 0
    outer loop
      vertex 6.41768 182.827 0
      vertex 6 182.8 5.5
      vertex 6.41768 182.827 5.5
    endloop
  endfacet
  facet normal -0.0645081 0.997917 0
    outer loop
      vertex 6 182.8 5.5
      vertex 6.41768 182.827 0
      vertex 6 182.8 0
    endloop
  endfacet
  facet normal -0.554656 -0.83208 0
    outer loop
      vertex 7.6 188.771 0
      vertex 7.94804 188.539 5.5
      vertex 7.6 188.771 5.5
    endloop
  endfacet
  facet normal -0.554656 -0.83208 -0
    outer loop
      vertex 7.94804 188.539 5.5
      vertex 7.6 188.771 0
      vertex 7.94804 188.539 0
    endloop
  endfacet
  facet normal 0.896683 0.442674 0
    outer loop
      vertex 3.22872 184.4 5.5
      vertex 3.04359 184.775 0
      vertex 3.04359 184.775 5.5
    endloop
  endfacet
  facet normal 0.896683 0.442674 0
    outer loop
      vertex 3.04359 184.775 0
      vertex 3.22872 184.4 5.5
      vertex 3.22872 184.4 0
    endloop
  endfacet
  facet normal 0.659367 0.751821 -0
    outer loop
      vertex 4.05196 183.461 0
      vertex 3.73726 183.737 5.5
      vertex 4.05196 183.461 5.5
    endloop
  endfacet
  facet normal 0.659367 0.751821 0
    outer loop
      vertex 3.73726 183.737 5.5
      vertex 4.05196 183.461 0
      vertex 3.73726 183.737 0
    endloop
  endfacet
  facet normal 0.980737 -0.195334 0
    outer loop
      vertex 2.82738 186.418 5.5
      vertex 2.90904 186.828 0
      vertex 2.90904 186.828 5.5
    endloop
  endfacet
  facet normal 0.980737 -0.195334 0
    outer loop
      vertex 2.90904 186.828 0
      vertex 2.82738 186.418 5.5
      vertex 2.82738 186.418 0
    endloop
  endfacet
  facet normal -0.896683 -0.442674 0
    outer loop
      vertex 8.95641 187.225 0
      vertex 8.77128 187.6 5.5
      vertex 8.77128 187.6 0
    endloop
  endfacet
  facet normal -0.896683 -0.442674 0
    outer loop
      vertex 8.77128 187.6 5.5
      vertex 8.95641 187.225 0
      vertex 8.95641 187.225 5.5
    endloop
  endfacet
  facet normal -0.195868 0.98063 0
    outer loop
      vertex 6.82822 182.909 0
      vertex 6.41768 182.827 5.5
      vertex 6.82822 182.909 5.5
    endloop
  endfacet
  facet normal -0.195868 0.98063 0
    outer loop
      vertex 6.41768 182.827 5.5
      vertex 6.82822 182.909 0
      vertex 6.41768 182.827 0
    endloop
  endfacet
  facet normal -0.896683 0.442674 0
    outer loop
      vertex 8.77128 184.4 0
      vertex 8.95641 184.775 5.5
      vertex 8.95641 184.775 0
    endloop
  endfacet
  facet normal -0.896683 0.442674 0
    outer loop
      vertex 8.95641 184.775 5.5
      vertex 8.77128 184.4 0
      vertex 8.77128 184.4 5.5
    endloop
  endfacet
  facet normal -0.980737 0.195334 0
    outer loop
      vertex 9.09096 185.172 0
      vertex 9.17262 185.582 5.5
      vertex 9.17262 185.582 0
    endloop
  endfacet
  facet normal -0.980737 0.195334 0
    outer loop
      vertex 9.17262 185.582 5.5
      vertex 9.09096 185.172 0
      vertex 9.09096 185.172 5.5
    endloop
  endfacet
  facet normal 0.554656 -0.83208 0
    outer loop
      vertex 4.05196 188.539 0
      vertex 4.4 188.771 5.5
      vertex 4.05196 188.539 5.5
    endloop
  endfacet
  facet normal 0.554656 -0.83208 0
    outer loop
      vertex 4.4 188.771 5.5
      vertex 4.05196 188.539 0
      vertex 4.4 188.771 0
    endloop
  endfacet
  facet normal -0.947085 -0.320983 0
    outer loop
      vertex 9.09096 186.828 0
      vertex 8.95641 187.225 5.5
      vertex 8.95641 187.225 0
    endloop
  endfacet
  facet normal -0.947085 -0.320983 0
    outer loop
      vertex 8.95641 187.225 5.5
      vertex 9.09096 186.828 0
      vertex 9.09096 186.828 5.5
    endloop
  endfacet
  facet normal -0.322404 0.946602 0
    outer loop
      vertex 7.22459 183.044 0
      vertex 6.82822 182.909 5.5
      vertex 7.22459 183.044 5.5
    endloop
  endfacet
  facet normal -0.322404 0.946602 0
    outer loop
      vertex 6.82822 182.909 5.5
      vertex 7.22459 183.044 0
      vertex 6.82822 182.909 0
    endloop
  endfacet
  facet normal -0.442036 0.896998 0
    outer loop
      vertex 7.6 183.229 0
      vertex 7.22459 183.044 5.5
      vertex 7.6 183.229 5.5
    endloop
  endfacet
  facet normal -0.442036 0.896998 0
    outer loop
      vertex 7.22459 183.044 5.5
      vertex 7.6 183.229 0
      vertex 7.22459 183.044 0
    endloop
  endfacet
  facet normal 0.997862 -0.0653623 0
    outer loop
      vertex 2.8 186 5.5
      vertex 2.82738 186.418 0
      vertex 2.82738 186.418 5.5
    endloop
  endfacet
  facet normal 0.997862 -0.0653623 0
    outer loop
      vertex 2.82738 186.418 0
      vertex 2.8 186 5.5
      vertex 2.8 186 0
    endloop
  endfacet
  facet normal 0.322404 0.946602 -0
    outer loop
      vertex 5.17178 182.909 0
      vertex 4.77541 183.044 5.5
      vertex 5.17178 182.909 5.5
    endloop
  endfacet
  facet normal 0.322404 0.946602 0
    outer loop
      vertex 4.77541 183.044 5.5
      vertex 5.17178 182.909 0
      vertex 4.77541 183.044 0
    endloop
  endfacet
  facet normal 0.442036 -0.896998 0
    outer loop
      vertex 4.4 188.771 0
      vertex 4.77541 188.956 5.5
      vertex 4.4 188.771 5.5
    endloop
  endfacet
  facet normal 0.442036 -0.896998 0
    outer loop
      vertex 4.77541 188.956 5.5
      vertex 4.4 188.771 0
      vertex 4.77541 188.956 0
    endloop
  endfacet
  facet normal 0.831443 -0.55561 0
    outer loop
      vertex 3.22872 187.6 5.5
      vertex 3.46127 187.948 0
      vertex 3.46127 187.948 5.5
    endloop
  endfacet
  facet normal 0.831443 -0.55561 0
    outer loop
      vertex 3.46127 187.948 0
      vertex 3.22872 187.6 5.5
      vertex 3.22872 187.6 0
    endloop
  endfacet
  facet normal 0.442036 0.896998 -0
    outer loop
      vertex 4.77541 183.044 0
      vertex 4.4 183.229 5.5
      vertex 4.77541 183.044 5.5
    endloop
  endfacet
  facet normal 0.442036 0.896998 0
    outer loop
      vertex 4.4 183.229 5.5
      vertex 4.77541 183.044 0
      vertex 4.4 183.229 0
    endloop
  endfacet
  facet normal 0.554656 0.83208 -0
    outer loop
      vertex 4.4 183.229 0
      vertex 4.05196 183.461 5.5
      vertex 4.4 183.229 5.5
    endloop
  endfacet
  facet normal 0.554656 0.83208 0
    outer loop
      vertex 4.05196 183.461 5.5
      vertex 4.4 183.229 0
      vertex 4.05196 183.461 0
    endloop
  endfacet
  facet normal -0.706345 -0.0462673 -0.706354
    outer loop
      vertex 9.2 186 5.5
      vertex 6.69401 186.091 8
      vertex 9.17262 186.418 5.5
    endloop
  endfacet
  facet normal -0.706342 -0.0464944 -0.706342
    outer loop
      vertex 6.69401 186.091 8
      vertex 9.2 186 5.5
      vertex 6.7 186 8
    endloop
  endfacet
  facet normal 0.58823 -0.393727 -0.706374
    outer loop
      vertex 5.39378 186.35 8
      vertex 3.46127 187.948 5.5
      vertex 5.44465 186.426 8
    endloop
  endfacet
  facet normal 0.58855 -0.393297 -0.706347
    outer loop
      vertex 3.46127 187.948 5.5
      vertex 5.39378 186.35 8
      vertex 3.22872 187.6 5.5
    endloop
  endfacet
  facet normal -0.466725 -0.532168 -0.706374
    outer loop
      vertex 6.49497 186.495 8
      vertex 7.94804 188.539 5.5
      vertex 8.26274 188.263 5.5
    endloop
  endfacet
  facet normal -0.46501 -0.533522 -0.706484
    outer loop
      vertex 7.94804 188.539 5.5
      vertex 6.49497 186.495 8
      vertex 6.42613 186.555 8
    endloop
  endfacet
  facet normal -0.466725 0.532168 -0.706374
    outer loop
      vertex 7.94804 183.461 5.5
      vertex 6.49497 185.505 8
      vertex 8.26274 183.737 5.5
    endloop
  endfacet
  facet normal -0.46501 0.533522 -0.706484
    outer loop
      vertex 6.49497 185.505 8
      vertex 7.94804 183.461 5.5
      vertex 6.42613 185.445 8
    endloop
  endfacet
  facet normal -0.138639 -0.69411 -0.706393
    outer loop
      vertex 6.18117 186.676 8
      vertex 6.41768 189.173 5.5
      vertex 6.82822 189.091 5.5
    endloop
  endfacet
  facet normal -0.139117 -0.69404 -0.706368
    outer loop
      vertex 6.41768 189.173 5.5
      vertex 6.18117 186.676 8
      vertex 6.09137 186.694 8
    endloop
  endfacet
  facet normal -0.58855 0.393297 -0.706347
    outer loop
      vertex 8.53873 184.052 5.5
      vertex 6.60622 185.65 8
      vertex 8.77128 184.4 5.5
    endloop
  endfacet
  facet normal -0.58823 0.393727 -0.706374
    outer loop
      vertex 6.60622 185.65 8
      vertex 8.53873 184.052 5.5
      vertex 6.55535 185.574 8
    endloop
  endfacet
  facet normal 0.634661 0.313461 -0.706362
    outer loop
      vertex 3.22872 184.4 5.5
      vertex 5.35328 185.732 8
      vertex 5.39378 185.65 8
    endloop
  endfacet
  facet normal 0.634723 0.31335 -0.706356
    outer loop
      vertex 5.35328 185.732 8
      vertex 3.22872 184.4 5.5
      vertex 3.04359 184.775 5.5
    endloop
  endfacet
  facet normal 0.634661 -0.313461 -0.706362
    outer loop
      vertex 5.35328 186.268 8
      vertex 3.22872 187.6 5.5
      vertex 5.39378 186.35 8
    endloop
  endfacet
  facet normal 0.634723 -0.31335 -0.706356
    outer loop
      vertex 3.22872 187.6 5.5
      vertex 5.35328 186.268 8
      vertex 3.04359 187.225 5.5
    endloop
  endfacet
  facet normal 0.532705 -0.466156 -0.706345
    outer loop
      vertex 5.44465 186.426 8
      vertex 3.73726 188.263 5.5
      vertex 5.50503 186.495 8
    endloop
  endfacet
  facet normal 0.532402 -0.466468 -0.706368
    outer loop
      vertex 3.73726 188.263 5.5
      vertex 5.44465 186.426 8
      vertex 3.46127 187.948 5.5
    endloop
  endfacet
  facet normal -0.634723 -0.31335 -0.706356
    outer loop
      vertex 6.64672 186.268 8
      vertex 8.77128 187.6 5.5
      vertex 8.95641 187.225 5.5
    endloop
  endfacet
  facet normal -0.634661 -0.313461 -0.706362
    outer loop
      vertex 8.77128 187.6 5.5
      vertex 6.64672 186.268 8
      vertex 6.60622 186.35 8
    endloop
  endfacet
  facet normal -0.0456608 0.706356 -0.706382
    outer loop
      vertex 6 182.8 5.5
      vertex 6.09137 185.306 8
      vertex 6.41768 182.827 5.5
    endloop
  endfacet
  facet normal -0.0463837 0.706346 -0.706346
    outer loop
      vertex 6.09137 185.306 8
      vertex 6 182.8 5.5
      vertex 6 185.3 8
    endloop
  endfacet
  facet normal -0.312908 0.634966 -0.706334
    outer loop
      vertex 7.22459 183.044 5.5
      vertex 6.35 185.394 8
      vertex 7.6 183.229 5.5
    endloop
  endfacet
  facet normal -0.316288 0.633503 -0.706142
    outer loop
      vertex 6.35 185.394 8
      vertex 7.22459 183.044 5.5
      vertex 6.26788 185.353 8
    endloop
  endfacet
  facet normal -0.532402 0.466468 -0.706368
    outer loop
      vertex 8.26274 183.737 5.5
      vertex 6.55535 185.574 8
      vertex 8.53873 184.052 5.5
    endloop
  endfacet
  facet normal -0.532705 0.466156 -0.706345
    outer loop
      vertex 6.55535 185.574 8
      vertex 8.26274 183.737 5.5
      vertex 6.49497 185.505 8
    endloop
  endfacet
  facet normal -0.6704 0.22721 -0.706357
    outer loop
      vertex 8.95641 184.775 5.5
      vertex 6.67615 185.819 8
      vertex 9.09096 185.172 5.5
    endloop
  endfacet
  facet normal -0.67055 0.226831 -0.706336
    outer loop
      vertex 6.67615 185.819 8
      vertex 8.95641 184.775 5.5
      vertex 6.64672 185.732 8
    endloop
  endfacet
  facet normal 0.22448 0.671195 -0.706474
    outer loop
      vertex 5.17178 182.909 5.5
      vertex 5.73212 185.353 8
      vertex 5.81883 185.324 8
    endloop
  endfacet
  facet normal 0.228241 0.670132 -0.706278
    outer loop
      vertex 5.73212 185.353 8
      vertex 5.17178 182.909 5.5
      vertex 4.77541 183.044 5.5
    endloop
  endfacet
  facet normal 0.67055 -0.226831 -0.706336
    outer loop
      vertex 5.32385 186.181 8
      vertex 3.04359 187.225 5.5
      vertex 5.35328 186.268 8
    endloop
  endfacet
  facet normal 0.6704 -0.22721 -0.706357
    outer loop
      vertex 3.04359 187.225 5.5
      vertex 5.32385 186.181 8
      vertex 2.90904 186.828 5.5
    endloop
  endfacet
  facet normal 0.22448 -0.671195 -0.706474
    outer loop
      vertex 5.73212 186.647 8
      vertex 5.17178 189.091 5.5
      vertex 5.81883 186.676 8
    endloop
  endfacet
  facet normal 0.228241 -0.670132 -0.706278
    outer loop
      vertex 5.17178 189.091 5.5
      vertex 5.73212 186.647 8
      vertex 4.77541 188.956 5.5
    endloop
  endfacet
  facet normal 0.706342 -0.0464944 -0.706342
    outer loop
      vertex 2.8 186 5.5
      vertex 5.30599 186.091 8
      vertex 5.3 186 8
    endloop
  endfacet
  facet normal 0.706345 -0.0462673 -0.706354
    outer loop
      vertex 5.30599 186.091 8
      vertex 2.8 186 5.5
      vertex 2.82738 186.418 5.5
    endloop
  endfacet
  facet normal -0.634723 0.31335 -0.706356
    outer loop
      vertex 8.77128 184.4 5.5
      vertex 6.64672 185.732 8
      vertex 8.95641 184.775 5.5
    endloop
  endfacet
  facet normal -0.634661 0.313461 -0.706362
    outer loop
      vertex 6.64672 185.732 8
      vertex 8.77128 184.4 5.5
      vertex 6.60622 185.65 8
    endloop
  endfacet
  facet normal 0.46501 -0.533522 -0.706484
    outer loop
      vertex 5.50503 186.495 8
      vertex 4.05196 188.539 5.5
      vertex 5.57387 186.555 8
    endloop
  endfacet
  facet normal 0.466725 -0.532168 -0.706374
    outer loop
      vertex 4.05196 188.539 5.5
      vertex 5.50503 186.495 8
      vertex 3.73726 188.263 5.5
    endloop
  endfacet
  facet normal -0.392595 -0.58896 -0.706396
    outer loop
      vertex 6.42613 186.555 8
      vertex 7.6 188.771 5.5
      vertex 7.94804 188.539 5.5
    endloop
  endfacet
  facet normal -0.39399 -0.588127 -0.706313
    outer loop
      vertex 7.6 188.771 5.5
      vertex 6.42613 186.555 8
      vertex 6.35 186.606 8
    endloop
  endfacet
  facet normal -0.0463837 -0.706346 -0.706346
    outer loop
      vertex 6 189.2 5.5
      vertex 6.09137 186.694 8
      vertex 6 186.7 8
    endloop
  endfacet
  facet normal -0.0456608 -0.706356 -0.706382
    outer loop
      vertex 6.09137 186.694 8
      vertex 6 189.2 5.5
      vertex 6.41768 189.173 5.5
    endloop
  endfacet
  facet normal -0.228241 0.670132 -0.706278
    outer loop
      vertex 6.82822 182.909 5.5
      vertex 6.26788 185.353 8
      vertex 7.22459 183.044 5.5
    endloop
  endfacet
  facet normal -0.22448 0.671195 -0.706474
    outer loop
      vertex 6.26788 185.353 8
      vertex 6.82822 182.909 5.5
      vertex 6.18117 185.324 8
    endloop
  endfacet
  facet normal 0.46501 0.533522 -0.706484
    outer loop
      vertex 4.05196 183.461 5.5
      vertex 5.50503 185.505 8
      vertex 5.57387 185.445 8
    endloop
  endfacet
  facet normal 0.466725 0.532168 -0.706374
    outer loop
      vertex 5.50503 185.505 8
      vertex 4.05196 183.461 5.5
      vertex 3.73726 183.737 5.5
    endloop
  endfacet
  facet normal 0.39399 -0.588127 -0.706313
    outer loop
      vertex 5.57387 186.555 8
      vertex 4.4 188.771 5.5
      vertex 5.65 186.606 8
    endloop
  endfacet
  facet normal 0.392595 -0.58896 -0.706396
    outer loop
      vertex 4.4 188.771 5.5
      vertex 5.57387 186.555 8
      vertex 4.05196 188.539 5.5
    endloop
  endfacet
  facet normal 0.316288 -0.633503 -0.706142
    outer loop
      vertex 5.65 186.606 8
      vertex 4.77541 188.956 5.5
      vertex 5.73212 186.647 8
    endloop
  endfacet
  facet normal 0.312908 -0.634966 -0.706334
    outer loop
      vertex 4.77541 188.956 5.5
      vertex 5.65 186.606 8
      vertex 4.4 188.771 5.5
    endloop
  endfacet
  facet normal -0.392595 0.58896 -0.706396
    outer loop
      vertex 7.6 183.229 5.5
      vertex 6.42613 185.445 8
      vertex 7.94804 183.461 5.5
    endloop
  endfacet
  facet normal -0.39399 0.588127 -0.706313
    outer loop
      vertex 6.42613 185.445 8
      vertex 7.6 183.229 5.5
      vertex 6.35 185.394 8
    endloop
  endfacet
  facet normal -0.58855 -0.393297 -0.706347
    outer loop
      vertex 6.60622 186.35 8
      vertex 8.53873 187.948 5.5
      vertex 8.77128 187.6 5.5
    endloop
  endfacet
  facet normal -0.58823 -0.393727 -0.706374
    outer loop
      vertex 8.53873 187.948 5.5
      vertex 6.60622 186.35 8
      vertex 6.55535 186.426 8
    endloop
  endfacet
  facet normal 0.0463837 0.706346 -0.706346
    outer loop
      vertex 6 182.8 5.5
      vertex 5.90863 185.306 8
      vertex 6 185.3 8
    endloop
  endfacet
  facet normal 0.0456608 0.706356 -0.706382
    outer loop
      vertex 5.90863 185.306 8
      vertex 6 182.8 5.5
      vertex 5.58232 182.827 5.5
    endloop
  endfacet
  facet normal -0.694216 -0.138267 -0.706361
    outer loop
      vertex 6.69401 186.091 8
      vertex 9.09096 186.828 5.5
      vertex 9.17262 186.418 5.5
    endloop
  endfacet
  facet normal -0.694337 -0.137787 -0.706336
    outer loop
      vertex 9.09096 186.828 5.5
      vertex 6.69401 186.091 8
      vertex 6.67615 186.181 8
    endloop
  endfacet
  facet normal -0.532402 -0.466468 -0.706368
    outer loop
      vertex 6.55535 186.426 8
      vertex 8.26274 188.263 5.5
      vertex 8.53873 187.948 5.5
    endloop
  endfacet
  facet normal -0.532705 -0.466156 -0.706345
    outer loop
      vertex 8.26274 188.263 5.5
      vertex 6.55535 186.426 8
      vertex 6.49497 186.495 8
    endloop
  endfacet
  facet normal 0.532705 0.466156 -0.706345
    outer loop
      vertex 3.73726 183.737 5.5
      vertex 5.44465 185.574 8
      vertex 5.50503 185.505 8
    endloop
  endfacet
  facet normal 0.532402 0.466468 -0.706368
    outer loop
      vertex 5.44465 185.574 8
      vertex 3.73726 183.737 5.5
      vertex 3.46127 184.052 5.5
    endloop
  endfacet
  facet normal 0.694337 -0.137787 -0.706336
    outer loop
      vertex 5.30599 186.091 8
      vertex 2.90904 186.828 5.5
      vertex 5.32385 186.181 8
    endloop
  endfacet
  facet normal 0.694216 -0.138267 -0.706361
    outer loop
      vertex 2.90904 186.828 5.5
      vertex 5.30599 186.091 8
      vertex 2.82738 186.418 5.5
    endloop
  endfacet
  facet normal 0.0456608 -0.706356 -0.706382
    outer loop
      vertex 6 189.2 5.5
      vertex 5.90863 186.694 8
      vertex 5.58232 189.173 5.5
    endloop
  endfacet
  facet normal 0.0463837 -0.706346 -0.706346
    outer loop
      vertex 5.90863 186.694 8
      vertex 6 189.2 5.5
      vertex 6 186.7 8
    endloop
  endfacet
  facet normal 0.694337 0.137787 -0.706336
    outer loop
      vertex 2.90904 185.172 5.5
      vertex 5.30599 185.909 8
      vertex 5.32385 185.819 8
    endloop
  endfacet
  facet normal 0.694216 0.138267 -0.706361
    outer loop
      vertex 5.30599 185.909 8
      vertex 2.90904 185.172 5.5
      vertex 2.82738 185.582 5.5
    endloop
  endfacet
  facet normal 0.67055 0.226831 -0.706336
    outer loop
      vertex 3.04359 184.775 5.5
      vertex 5.32385 185.819 8
      vertex 5.35328 185.732 8
    endloop
  endfacet
  facet normal 0.6704 0.22721 -0.706357
    outer loop
      vertex 5.32385 185.819 8
      vertex 3.04359 184.775 5.5
      vertex 2.90904 185.172 5.5
    endloop
  endfacet
  facet normal 0.58823 0.393727 -0.706374
    outer loop
      vertex 3.46127 184.052 5.5
      vertex 5.39378 185.65 8
      vertex 5.44465 185.574 8
    endloop
  endfacet
  facet normal 0.58855 0.393297 -0.706347
    outer loop
      vertex 5.39378 185.65 8
      vertex 3.46127 184.052 5.5
      vertex 3.22872 184.4 5.5
    endloop
  endfacet
  facet normal 0.139117 -0.69404 -0.706368
    outer loop
      vertex 5.81883 186.676 8
      vertex 5.58232 189.173 5.5
      vertex 5.90863 186.694 8
    endloop
  endfacet
  facet normal 0.138639 -0.69411 -0.706393
    outer loop
      vertex 5.58232 189.173 5.5
      vertex 5.81883 186.676 8
      vertex 5.17178 189.091 5.5
    endloop
  endfacet
  facet normal -0.138639 0.69411 -0.706393
    outer loop
      vertex 6.41768 182.827 5.5
      vertex 6.18117 185.324 8
      vertex 6.82822 182.909 5.5
    endloop
  endfacet
  facet normal -0.139117 0.69404 -0.706368
    outer loop
      vertex 6.18117 185.324 8
      vertex 6.41768 182.827 5.5
      vertex 6.09137 185.306 8
    endloop
  endfacet
  facet normal -0.228241 -0.670132 -0.706278
    outer loop
      vertex 6.26788 186.647 8
      vertex 6.82822 189.091 5.5
      vertex 7.22459 188.956 5.5
    endloop
  endfacet
  facet normal -0.22448 -0.671195 -0.706474
    outer loop
      vertex 6.82822 189.091 5.5
      vertex 6.26788 186.647 8
      vertex 6.18117 186.676 8
    endloop
  endfacet
  facet normal -0.312908 -0.634966 -0.706334
    outer loop
      vertex 6.35 186.606 8
      vertex 7.22459 188.956 5.5
      vertex 7.6 188.771 5.5
    endloop
  endfacet
  facet normal -0.316288 -0.633503 -0.706142
    outer loop
      vertex 7.22459 188.956 5.5
      vertex 6.35 186.606 8
      vertex 6.26788 186.647 8
    endloop
  endfacet
  facet normal -0.706342 0.0464944 -0.706342
    outer loop
      vertex 9.2 186 5.5
      vertex 6.69401 185.909 8
      vertex 6.7 186 8
    endloop
  endfacet
  facet normal -0.706345 0.0462673 -0.706354
    outer loop
      vertex 6.69401 185.909 8
      vertex 9.2 186 5.5
      vertex 9.17262 185.582 5.5
    endloop
  endfacet
  facet normal -0.694216 0.138267 -0.706361
    outer loop
      vertex 9.09096 185.172 5.5
      vertex 6.69401 185.909 8
      vertex 9.17262 185.582 5.5
    endloop
  endfacet
  facet normal -0.694337 0.137787 -0.706336
    outer loop
      vertex 6.69401 185.909 8
      vertex 9.09096 185.172 5.5
      vertex 6.67615 185.819 8
    endloop
  endfacet
  facet normal -0.6704 -0.22721 -0.706357
    outer loop
      vertex 6.67615 186.181 8
      vertex 8.95641 187.225 5.5
      vertex 9.09096 186.828 5.5
    endloop
  endfacet
  facet normal -0.67055 -0.226831 -0.706336
    outer loop
      vertex 8.95641 187.225 5.5
      vertex 6.67615 186.181 8
      vertex 6.64672 186.268 8
    endloop
  endfacet
  facet normal 0.139117 0.69404 -0.706368
    outer loop
      vertex 5.58232 182.827 5.5
      vertex 5.81883 185.324 8
      vertex 5.90863 185.306 8
    endloop
  endfacet
  facet normal 0.138639 0.69411 -0.706393
    outer loop
      vertex 5.81883 185.324 8
      vertex 5.58232 182.827 5.5
      vertex 5.17178 182.909 5.5
    endloop
  endfacet
  facet normal 0.316288 0.633503 -0.706142
    outer loop
      vertex 4.77541 183.044 5.5
      vertex 5.65 185.394 8
      vertex 5.73212 185.353 8
    endloop
  endfacet
  facet normal 0.312908 0.634966 -0.706334
    outer loop
      vertex 5.65 185.394 8
      vertex 4.77541 183.044 5.5
      vertex 4.4 183.229 5.5
    endloop
  endfacet
  facet normal 0.39399 0.588127 -0.706313
    outer loop
      vertex 4.4 183.229 5.5
      vertex 5.57387 185.445 8
      vertex 5.65 185.394 8
    endloop
  endfacet
  facet normal 0.392595 0.58896 -0.706396
    outer loop
      vertex 5.57387 185.445 8
      vertex 4.4 183.229 5.5
      vertex 4.05196 183.461 5.5
    endloop
  endfacet
  facet normal 0.706342 0.0464944 -0.706342
    outer loop
      vertex 5.30599 185.909 8
      vertex 2.8 186 5.5
      vertex 5.3 186 8
    endloop
  endfacet
  facet normal 0.706345 0.0462673 -0.706354
    outer loop
      vertex 2.8 186 5.5
      vertex 5.30599 185.909 8
      vertex 2.82738 185.582 5.5
    endloop
  endfacet
  facet normal -0.98063 -0.195868 0
    outer loop
      vertex 201.123 6.41768 0
      vertex 201.041 6.82822 5.5
      vertex 201.041 6.82822 0
    endloop
  endfacet
  facet normal -0.98063 -0.195868 0
    outer loop
      vertex 201.041 6.82822 5.5
      vertex 201.123 6.41768 0
      vertex 201.123 6.41768 5.5
    endloop
  endfacet
  facet normal -0.997917 -0.0645081 0
    outer loop
      vertex 201.15 6 0
      vertex 201.123 6.41768 5.5
      vertex 201.123 6.41768 0
    endloop
  endfacet
  facet normal -0.997917 -0.0645081 0
    outer loop
      vertex 201.123 6.41768 5.5
      vertex 201.15 6 0
      vertex 201.15 6 5.5
    endloop
  endfacet
  facet normal -0.320983 -0.947085 0
    outer loop
      vertex 198.778 9.09096 0
      vertex 199.175 8.95641 5.5
      vertex 198.778 9.09096 5.5
    endloop
  endfacet
  facet normal -0.320983 -0.947085 -0
    outer loop
      vertex 199.175 8.95641 5.5
      vertex 198.778 9.09096 0
      vertex 199.175 8.95641 0
    endloop
  endfacet
  facet normal -0.55561 0.831443 0
    outer loop
      vertex 199.898 3.46127 0
      vertex 199.55 3.22872 5.5
      vertex 199.898 3.46127 5.5
    endloop
  endfacet
  facet normal -0.55561 0.831443 0
    outer loop
      vertex 199.55 3.22872 5.5
      vertex 199.898 3.46127 0
      vertex 199.55 3.22872 0
    endloop
  endfacet
  facet normal -0.658998 -0.752145 0
    outer loop
      vertex 199.898 8.53873 0
      vertex 200.213 8.26274 5.5
      vertex 199.898 8.53873 5.5
    endloop
  endfacet
  facet normal -0.658998 -0.752145 -0
    outer loop
      vertex 200.213 8.26274 5.5
      vertex 199.898 8.53873 0
      vertex 200.213 8.26274 0
    endloop
  endfacet
  facet normal 0.195334 0.980737 -0
    outer loop
      vertex 197.532 2.82738 0
      vertex 197.122 2.90904 5.5
      vertex 197.532 2.82738 5.5
    endloop
  endfacet
  facet normal 0.195334 0.980737 0
    outer loop
      vertex 197.122 2.90904 5.5
      vertex 197.532 2.82738 0
      vertex 197.122 2.90904 0
    endloop
  endfacet
  facet normal -0.751821 0.659367 0
    outer loop
      vertex 200.213 3.73726 0
      vertex 200.489 4.05196 5.5
      vertex 200.489 4.05196 0
    endloop
  endfacet
  facet normal -0.751821 0.659367 0
    outer loop
      vertex 200.489 4.05196 5.5
      vertex 200.213 3.73726 0
      vertex 200.213 3.73726 5.5
    endloop
  endfacet
  facet normal 0.946602 -0.322404 0
    outer loop
      vertex 194.859 6.82822 5.5
      vertex 194.994 7.22459 0
      vertex 194.994 7.22459 5.5
    endloop
  endfacet
  facet normal 0.946602 -0.322404 0
    outer loop
      vertex 194.994 7.22459 0
      vertex 194.859 6.82822 5.5
      vertex 194.859 6.82822 0
    endloop
  endfacet
  facet normal -0.0653623 -0.997862 0
    outer loop
      vertex 197.95 9.2 0
      vertex 198.368 9.17262 5.5
      vertex 197.95 9.2 5.5
    endloop
  endfacet
  facet normal -0.0653623 -0.997862 -0
    outer loop
      vertex 198.368 9.17262 5.5
      vertex 197.95 9.2 0
      vertex 198.368 9.17262 0
    endloop
  endfacet
  facet normal 0.320983 -0.947085 0
    outer loop
      vertex 196.725 8.95641 0
      vertex 197.122 9.09096 5.5
      vertex 196.725 8.95641 5.5
    endloop
  endfacet
  facet normal 0.320983 -0.947085 0
    outer loop
      vertex 197.122 9.09096 5.5
      vertex 196.725 8.95641 0
      vertex 197.122 9.09096 0
    endloop
  endfacet
  facet normal 0.997917 0.0645081 0
    outer loop
      vertex 194.777 5.58232 5.5
      vertex 194.75 6 0
      vertex 194.75 6 5.5
    endloop
  endfacet
  facet normal 0.997917 0.0645081 0
    outer loop
      vertex 194.75 6 0
      vertex 194.777 5.58232 5.5
      vertex 194.777 5.58232 0
    endloop
  endfacet
  facet normal 0.0653623 0.997862 -0
    outer loop
      vertex 197.95 2.8 0
      vertex 197.532 2.82738 5.5
      vertex 197.95 2.8 5.5
    endloop
  endfacet
  facet normal 0.0653623 0.997862 0
    outer loop
      vertex 197.532 2.82738 5.5
      vertex 197.95 2.8 0
      vertex 197.532 2.82738 0
    endloop
  endfacet
  facet normal -0.997917 0.0645081 0
    outer loop
      vertex 201.123 5.58232 0
      vertex 201.15 6 5.5
      vertex 201.15 6 0
    endloop
  endfacet
  facet normal -0.997917 0.0645081 0
    outer loop
      vertex 201.15 6 5.5
      vertex 201.123 5.58232 0
      vertex 201.123 5.58232 5.5
    endloop
  endfacet
  facet normal -0.751821 -0.659367 0
    outer loop
      vertex 200.489 7.94804 0
      vertex 200.213 8.26274 5.5
      vertex 200.213 8.26274 0
    endloop
  endfacet
  facet normal -0.751821 -0.659367 0
    outer loop
      vertex 200.213 8.26274 5.5
      vertex 200.489 7.94804 0
      vertex 200.489 7.94804 5.5
    endloop
  endfacet
  facet normal 0.946602 0.322404 0
    outer loop
      vertex 194.994 4.77541 5.5
      vertex 194.859 5.17178 0
      vertex 194.859 5.17178 5.5
    endloop
  endfacet
  facet normal 0.946602 0.322404 0
    outer loop
      vertex 194.859 5.17178 0
      vertex 194.994 4.77541 5.5
      vertex 194.994 4.77541 0
    endloop
  endfacet
  facet normal 0.98063 0.195868 0
    outer loop
      vertex 194.859 5.17178 5.5
      vertex 194.777 5.58232 0
      vertex 194.777 5.58232 5.5
    endloop
  endfacet
  facet normal 0.98063 0.195868 0
    outer loop
      vertex 194.777 5.58232 0
      vertex 194.859 5.17178 5.5
      vertex 194.859 5.17178 0
    endloop
  endfacet
  facet normal -0.195334 -0.980737 0
    outer loop
      vertex 198.368 9.17262 0
      vertex 198.778 9.09096 5.5
      vertex 198.368 9.17262 5.5
    endloop
  endfacet
  facet normal -0.195334 -0.980737 -0
    outer loop
      vertex 198.778 9.09096 5.5
      vertex 198.368 9.17262 0
      vertex 198.778 9.09096 0
    endloop
  endfacet
  facet normal 0.751821 0.659367 0
    outer loop
      vertex 195.687 3.73726 5.5
      vertex 195.411 4.05196 0
      vertex 195.411 4.05196 5.5
    endloop
  endfacet
  facet normal 0.751821 0.659367 0
    outer loop
      vertex 195.411 4.05196 0
      vertex 195.687 3.73726 5.5
      vertex 195.687 3.73726 0
    endloop
  endfacet
  facet normal 0.658998 -0.752145 0
    outer loop
      vertex 195.687 8.26274 0
      vertex 196.002 8.53873 5.5
      vertex 195.687 8.26274 5.5
    endloop
  endfacet
  facet normal 0.658998 -0.752145 0
    outer loop
      vertex 196.002 8.53873 5.5
      vertex 195.687 8.26274 0
      vertex 196.002 8.53873 0
    endloop
  endfacet
  facet normal 0.896998 -0.442036 0
    outer loop
      vertex 194.994 7.22459 5.5
      vertex 195.179 7.6 0
      vertex 195.179 7.6 5.5
    endloop
  endfacet
  facet normal 0.896998 -0.442036 0
    outer loop
      vertex 195.179 7.6 0
      vertex 194.994 7.22459 5.5
      vertex 194.994 7.22459 0
    endloop
  endfacet
  facet normal -0.83208 0.554656 0
    outer loop
      vertex 200.489 4.05196 0
      vertex 200.721 4.4 5.5
      vertex 200.721 4.4 0
    endloop
  endfacet
  facet normal -0.83208 0.554656 0
    outer loop
      vertex 200.721 4.4 5.5
      vertex 200.489 4.05196 0
      vertex 200.489 4.05196 5.5
    endloop
  endfacet
  facet normal -0.83208 -0.554656 0
    outer loop
      vertex 200.721 7.6 0
      vertex 200.489 7.94804 5.5
      vertex 200.489 7.94804 0
    endloop
  endfacet
  facet normal -0.83208 -0.554656 0
    outer loop
      vertex 200.489 7.94804 5.5
      vertex 200.721 7.6 0
      vertex 200.721 7.6 5.5
    endloop
  endfacet
  facet normal 0.751821 -0.659367 0
    outer loop
      vertex 195.411 7.94804 5.5
      vertex 195.687 8.26274 0
      vertex 195.687 8.26274 5.5
    endloop
  endfacet
  facet normal 0.751821 -0.659367 0
    outer loop
      vertex 195.687 8.26274 0
      vertex 195.411 7.94804 5.5
      vertex 195.411 7.94804 0
    endloop
  endfacet
  facet normal -0.658998 0.752145 0
    outer loop
      vertex 200.213 3.73726 0
      vertex 199.898 3.46127 5.5
      vertex 200.213 3.73726 5.5
    endloop
  endfacet
  facet normal -0.658998 0.752145 0
    outer loop
      vertex 199.898 3.46127 5.5
      vertex 200.213 3.73726 0
      vertex 199.898 3.46127 0
    endloop
  endfacet
  facet normal 0.83208 0.554656 0
    outer loop
      vertex 195.411 4.05196 5.5
      vertex 195.179 4.4 0
      vertex 195.179 4.4 5.5
    endloop
  endfacet
  facet normal 0.83208 0.554656 0
    outer loop
      vertex 195.179 4.4 0
      vertex 195.411 4.05196 5.5
      vertex 195.411 4.05196 0
    endloop
  endfacet
  facet normal 0.195334 -0.980737 0
    outer loop
      vertex 197.122 9.09096 0
      vertex 197.532 9.17262 5.5
      vertex 197.122 9.09096 5.5
    endloop
  endfacet
  facet normal 0.195334 -0.980737 0
    outer loop
      vertex 197.532 9.17262 5.5
      vertex 197.122 9.09096 0
      vertex 197.532 9.17262 0
    endloop
  endfacet
  facet normal -0.946602 0.322404 0
    outer loop
      vertex 200.906 4.77541 0
      vertex 201.041 5.17178 5.5
      vertex 201.041 5.17178 0
    endloop
  endfacet
  facet normal -0.946602 0.322404 0
    outer loop
      vertex 201.041 5.17178 5.5
      vertex 200.906 4.77541 0
      vertex 200.906 4.77541 5.5
    endloop
  endfacet
  facet normal -0.442674 -0.896683 0
    outer loop
      vertex 199.175 8.95641 0
      vertex 199.55 8.77128 5.5
      vertex 199.175 8.95641 5.5
    endloop
  endfacet
  facet normal -0.442674 -0.896683 -0
    outer loop
      vertex 199.55 8.77128 5.5
      vertex 199.175 8.95641 0
      vertex 199.55 8.77128 0
    endloop
  endfacet
  facet normal 0.0653623 -0.997862 0
    outer loop
      vertex 197.532 9.17262 0
      vertex 197.95 9.2 5.5
      vertex 197.532 9.17262 5.5
    endloop
  endfacet
  facet normal 0.0653623 -0.997862 0
    outer loop
      vertex 197.95 9.2 5.5
      vertex 197.532 9.17262 0
      vertex 197.95 9.2 0
    endloop
  endfacet
  facet normal -0.0653623 0.997862 0
    outer loop
      vertex 198.368 2.82738 0
      vertex 197.95 2.8 5.5
      vertex 198.368 2.82738 5.5
    endloop
  endfacet
  facet normal -0.0653623 0.997862 0
    outer loop
      vertex 197.95 2.8 5.5
      vertex 198.368 2.82738 0
      vertex 197.95 2.8 0
    endloop
  endfacet
  facet normal -0.55561 -0.831443 0
    outer loop
      vertex 199.55 8.77128 0
      vertex 199.898 8.53873 5.5
      vertex 199.55 8.77128 5.5
    endloop
  endfacet
  facet normal -0.55561 -0.831443 -0
    outer loop
      vertex 199.898 8.53873 5.5
      vertex 199.55 8.77128 0
      vertex 199.898 8.53873 0
    endloop
  endfacet
  facet normal 0.896998 0.442036 0
    outer loop
      vertex 195.179 4.4 5.5
      vertex 194.994 4.77541 0
      vertex 194.994 4.77541 5.5
    endloop
  endfacet
  facet normal 0.896998 0.442036 0
    outer loop
      vertex 194.994 4.77541 0
      vertex 195.179 4.4 5.5
      vertex 195.179 4.4 0
    endloop
  endfacet
  facet normal 0.658998 0.752145 -0
    outer loop
      vertex 196.002 3.46127 0
      vertex 195.687 3.73726 5.5
      vertex 196.002 3.46127 5.5
    endloop
  endfacet
  facet normal 0.658998 0.752145 0
    outer loop
      vertex 195.687 3.73726 5.5
      vertex 196.002 3.46127 0
      vertex 195.687 3.73726 0
    endloop
  endfacet
  facet normal 0.98063 -0.195868 0
    outer loop
      vertex 194.777 6.41768 5.5
      vertex 194.859 6.82822 0
      vertex 194.859 6.82822 5.5
    endloop
  endfacet
  facet normal 0.98063 -0.195868 0
    outer loop
      vertex 194.859 6.82822 0
      vertex 194.777 6.41768 5.5
      vertex 194.777 6.41768 0
    endloop
  endfacet
  facet normal -0.896998 -0.442036 0
    outer loop
      vertex 200.906 7.22459 0
      vertex 200.721 7.6 5.5
      vertex 200.721 7.6 0
    endloop
  endfacet
  facet normal -0.896998 -0.442036 0
    outer loop
      vertex 200.721 7.6 5.5
      vertex 200.906 7.22459 0
      vertex 200.906 7.22459 5.5
    endloop
  endfacet
  facet normal -0.195334 0.980737 0
    outer loop
      vertex 198.778 2.90904 0
      vertex 198.368 2.82738 5.5
      vertex 198.778 2.90904 5.5
    endloop
  endfacet
  facet normal -0.195334 0.980737 0
    outer loop
      vertex 198.368 2.82738 5.5
      vertex 198.778 2.90904 0
      vertex 198.368 2.82738 0
    endloop
  endfacet
  facet normal -0.896998 0.442036 0
    outer loop
      vertex 200.721 4.4 0
      vertex 200.906 4.77541 5.5
      vertex 200.906 4.77541 0
    endloop
  endfacet
  facet normal -0.896998 0.442036 0
    outer loop
      vertex 200.906 4.77541 5.5
      vertex 200.721 4.4 0
      vertex 200.721 4.4 5.5
    endloop
  endfacet
  facet normal -0.98063 0.195868 0
    outer loop
      vertex 201.041 5.17178 0
      vertex 201.123 5.58232 5.5
      vertex 201.123 5.58232 0
    endloop
  endfacet
  facet normal -0.98063 0.195868 0
    outer loop
      vertex 201.123 5.58232 5.5
      vertex 201.041 5.17178 0
      vertex 201.041 5.17178 5.5
    endloop
  endfacet
  facet normal 0.55561 -0.831443 0
    outer loop
      vertex 196.002 8.53873 0
      vertex 196.35 8.77128 5.5
      vertex 196.002 8.53873 5.5
    endloop
  endfacet
  facet normal 0.55561 -0.831443 0
    outer loop
      vertex 196.35 8.77128 5.5
      vertex 196.002 8.53873 0
      vertex 196.35 8.77128 0
    endloop
  endfacet
  facet normal -0.946602 -0.322404 0
    outer loop
      vertex 201.041 6.82822 0
      vertex 200.906 7.22459 5.5
      vertex 200.906 7.22459 0
    endloop
  endfacet
  facet normal -0.946602 -0.322404 0
    outer loop
      vertex 200.906 7.22459 5.5
      vertex 201.041 6.82822 0
      vertex 201.041 6.82822 5.5
    endloop
  endfacet
  facet normal -0.320983 0.947085 0
    outer loop
      vertex 199.175 3.04359 0
      vertex 198.778 2.90904 5.5
      vertex 199.175 3.04359 5.5
    endloop
  endfacet
  facet normal -0.320983 0.947085 0
    outer loop
      vertex 198.778 2.90904 5.5
      vertex 199.175 3.04359 0
      vertex 198.778 2.90904 0
    endloop
  endfacet
  facet normal -0.442674 0.896683 0
    outer loop
      vertex 199.55 3.22872 0
      vertex 199.175 3.04359 5.5
      vertex 199.55 3.22872 5.5
    endloop
  endfacet
  facet normal -0.442674 0.896683 0
    outer loop
      vertex 199.175 3.04359 5.5
      vertex 199.55 3.22872 0
      vertex 199.175 3.04359 0
    endloop
  endfacet
  facet normal 0.997917 -0.0645081 0
    outer loop
      vertex 194.75 6 5.5
      vertex 194.777 6.41768 0
      vertex 194.777 6.41768 5.5
    endloop
  endfacet
  facet normal 0.997917 -0.0645081 0
    outer loop
      vertex 194.777 6.41768 0
      vertex 194.75 6 5.5
      vertex 194.75 6 0
    endloop
  endfacet
  facet normal 0.320983 0.947085 -0
    outer loop
      vertex 197.122 2.90904 0
      vertex 196.725 3.04359 5.5
      vertex 197.122 2.90904 5.5
    endloop
  endfacet
  facet normal 0.320983 0.947085 0
    outer loop
      vertex 196.725 3.04359 5.5
      vertex 197.122 2.90904 0
      vertex 196.725 3.04359 0
    endloop
  endfacet
  facet normal 0.442674 -0.896683 0
    outer loop
      vertex 196.35 8.77128 0
      vertex 196.725 8.95641 5.5
      vertex 196.35 8.77128 5.5
    endloop
  endfacet
  facet normal 0.442674 -0.896683 0
    outer loop
      vertex 196.725 8.95641 5.5
      vertex 196.35 8.77128 0
      vertex 196.725 8.95641 0
    endloop
  endfacet
  facet normal 0.83208 -0.554656 0
    outer loop
      vertex 195.179 7.6 5.5
      vertex 195.411 7.94804 0
      vertex 195.411 7.94804 5.5
    endloop
  endfacet
  facet normal 0.83208 -0.554656 0
    outer loop
      vertex 195.411 7.94804 0
      vertex 195.179 7.6 5.5
      vertex 195.179 7.6 0
    endloop
  endfacet
  facet normal 0.442674 0.896683 -0
    outer loop
      vertex 196.725 3.04359 0
      vertex 196.35 3.22872 5.5
      vertex 196.725 3.04359 5.5
    endloop
  endfacet
  facet normal 0.442674 0.896683 0
    outer loop
      vertex 196.35 3.22872 5.5
      vertex 196.725 3.04359 0
      vertex 196.35 3.22872 0
    endloop
  endfacet
  facet normal 0.55561 0.831443 -0
    outer loop
      vertex 196.35 3.22872 0
      vertex 196.002 3.46127 5.5
      vertex 196.35 3.22872 5.5
    endloop
  endfacet
  facet normal 0.55561 0.831443 0
    outer loop
      vertex 196.002 3.46127 5.5
      vertex 196.35 3.22872 0
      vertex 196.002 3.46127 0
    endloop
  endfacet
  facet normal -0.706356 -0.0456608 -0.706382
    outer loop
      vertex 201.15 6 5.5
      vertex 198.644 6.09137 8
      vertex 201.123 6.41768 5.5
    endloop
  endfacet
  facet normal -0.706346 -0.0463837 -0.706346
    outer loop
      vertex 198.644 6.09137 8
      vertex 201.15 6 5.5
      vertex 198.65 6 8
    endloop
  endfacet
  facet normal 0.588014 -0.393915 -0.706449
    outer loop
      vertex 197.344 6.35 8
      vertex 195.411 7.94804 5.5
      vertex 197.395 6.42613 8
    endloop
  endfacet
  facet normal 0.588985 -0.392611 -0.706366
    outer loop
      vertex 195.411 7.94804 5.5
      vertex 197.344 6.35 8
      vertex 195.179 7.6 5.5
    endloop
  endfacet
  facet normal -0.466474 -0.532408 -0.70636
    outer loop
      vertex 198.445 6.49497 8
      vertex 199.898 8.53873 5.5
      vertex 200.213 8.26274 5.5
    endloop
  endfacet
  facet normal -0.466132 -0.532678 -0.706382
    outer loop
      vertex 199.898 8.53873 5.5
      vertex 198.445 6.49497 8
      vertex 198.376 6.55535 8
    endloop
  endfacet
  facet normal -0.466474 0.532408 -0.70636
    outer loop
      vertex 199.898 3.46127 5.5
      vertex 198.445 5.50503 8
      vertex 200.213 3.73726 5.5
    endloop
  endfacet
  facet normal -0.466132 0.532678 -0.706382
    outer loop
      vertex 198.445 5.50503 8
      vertex 199.898 3.46127 5.5
      vertex 198.376 5.44465 8
    endloop
  endfacet
  facet normal -0.138269 -0.694225 -0.706352
    outer loop
      vertex 198.131 6.67615 8
      vertex 198.368 9.17262 5.5
      vertex 198.778 9.09096 5.5
    endloop
  endfacet
  facet normal -0.137779 -0.694296 -0.706378
    outer loop
      vertex 198.368 9.17262 5.5
      vertex 198.131 6.67615 8
      vertex 198.041 6.69401 8
    endloop
  endfacet
  facet normal -0.588985 0.392611 -0.706366
    outer loop
      vertex 200.489 4.05196 5.5
      vertex 198.556 5.65 8
      vertex 200.721 4.4 5.5
    endloop
  endfacet
  facet normal -0.588014 0.393915 -0.706449
    outer loop
      vertex 198.556 5.65 8
      vertex 200.489 4.05196 5.5
      vertex 198.505 5.57387 8
    endloop
  endfacet
  facet normal 0.633227 0.316151 -0.70645
    outer loop
      vertex 195.179 4.4 5.5
      vertex 197.303 5.73212 8
      vertex 197.344 5.65 8
    endloop
  endfacet
  facet normal 0.635026 0.312937 -0.706266
    outer loop
      vertex 197.303 5.73212 8
      vertex 195.179 4.4 5.5
      vertex 194.994 4.77541 5.5
    endloop
  endfacet
  facet normal 0.633227 -0.316151 -0.70645
    outer loop
      vertex 197.303 6.26788 8
      vertex 195.179 7.6 5.5
      vertex 197.344 6.35 8
    endloop
  endfacet
  facet normal 0.635026 -0.312937 -0.706266
    outer loop
      vertex 195.179 7.6 5.5
      vertex 197.303 6.26788 8
      vertex 194.994 7.22459 5.5
    endloop
  endfacet
  facet normal 0.533659 -0.46513 -0.706301
    outer loop
      vertex 197.395 6.42613 8
      vertex 195.687 8.26274 5.5
      vertex 197.455 6.49497 8
    endloop
  endfacet
  facet normal 0.532138 -0.466699 -0.706414
    outer loop
      vertex 195.687 8.26274 5.5
      vertex 197.395 6.42613 8
      vertex 195.411 7.94804 5.5
    endloop
  endfacet
  facet normal -0.635026 -0.312937 -0.706266
    outer loop
      vertex 198.597 6.26788 8
      vertex 200.721 7.6 5.5
      vertex 200.906 7.22459 5.5
    endloop
  endfacet
  facet normal -0.633227 -0.316151 -0.70645
    outer loop
      vertex 200.721 7.6 5.5
      vertex 198.597 6.26788 8
      vertex 198.556 6.35 8
    endloop
  endfacet
  facet normal -0.0462673 0.706345 -0.706354
    outer loop
      vertex 197.95 2.8 5.5
      vertex 198.041 5.30599 8
      vertex 198.368 2.82738 5.5
    endloop
  endfacet
  facet normal -0.0464944 0.706342 -0.706342
    outer loop
      vertex 198.041 5.30599 8
      vertex 197.95 2.8 5.5
      vertex 197.95 5.3 8
    endloop
  endfacet
  facet normal -0.313349 0.634721 -0.706358
    outer loop
      vertex 199.175 3.04359 5.5
      vertex 198.3 5.39378 8
      vertex 199.55 3.22872 5.5
    endloop
  endfacet
  facet normal -0.313465 0.634671 -0.706352
    outer loop
      vertex 198.3 5.39378 8
      vertex 199.175 3.04359 5.5
      vertex 198.218 5.35328 8
    endloop
  endfacet
  facet normal -0.532138 0.466699 -0.706414
    outer loop
      vertex 200.213 3.73726 5.5
      vertex 198.505 5.57387 8
      vertex 200.489 4.05196 5.5
    endloop
  endfacet
  facet normal -0.533659 0.46513 -0.706301
    outer loop
      vertex 198.505 5.57387 8
      vertex 200.213 3.73726 5.5
      vertex 198.445 5.50503 8
    endloop
  endfacet
  facet normal -0.670065 0.228218 -0.70635
    outer loop
      vertex 200.906 4.77541 5.5
      vertex 198.626 5.81883 8
      vertex 201.041 5.17178 5.5
    endloop
  endfacet
  facet normal -0.671505 0.224584 -0.706147
    outer loop
      vertex 198.626 5.81883 8
      vertex 200.906 4.77541 5.5
      vertex 198.597 5.73212 8
    endloop
  endfacet
  facet normal 0.22682 0.670518 -0.70637
    outer loop
      vertex 197.122 2.90904 5.5
      vertex 197.682 5.35328 8
      vertex 197.769 5.32385 8
    endloop
  endfacet
  facet normal 0.227212 0.670407 -0.706349
    outer loop
      vertex 197.682 5.35328 8
      vertex 197.122 2.90904 5.5
      vertex 196.725 3.04359 5.5
    endloop
  endfacet
  facet normal 0.671505 -0.224584 -0.706147
    outer loop
      vertex 197.274 6.18117 8
      vertex 194.994 7.22459 5.5
      vertex 197.303 6.26788 8
    endloop
  endfacet
  facet normal 0.670065 -0.228218 -0.70635
    outer loop
      vertex 194.994 7.22459 5.5
      vertex 197.274 6.18117 8
      vertex 194.859 6.82822 5.5
    endloop
  endfacet
  facet normal 0.22682 -0.670518 -0.70637
    outer loop
      vertex 197.682 6.64672 8
      vertex 197.122 9.09096 5.5
      vertex 197.769 6.67615 8
    endloop
  endfacet
  facet normal 0.227212 -0.670407 -0.706349
    outer loop
      vertex 197.122 9.09096 5.5
      vertex 197.682 6.64672 8
      vertex 196.725 8.95641 5.5
    endloop
  endfacet
  facet normal 0.706346 -0.0463837 -0.706346
    outer loop
      vertex 194.75 6 5.5
      vertex 197.256 6.09137 8
      vertex 197.25 6 8
    endloop
  endfacet
  facet normal 0.706356 -0.0456608 -0.706382
    outer loop
      vertex 197.256 6.09137 8
      vertex 194.75 6 5.5
      vertex 194.777 6.41768 5.5
    endloop
  endfacet
  facet normal -0.635026 0.312937 -0.706266
    outer loop
      vertex 200.721 4.4 5.5
      vertex 198.597 5.73212 8
      vertex 200.906 4.77541 5.5
    endloop
  endfacet
  facet normal -0.633227 0.316151 -0.70645
    outer loop
      vertex 198.597 5.73212 8
      vertex 200.721 4.4 5.5
      vertex 198.556 5.65 8
    endloop
  endfacet
  facet normal 0.466132 -0.532678 -0.706382
    outer loop
      vertex 197.455 6.49497 8
      vertex 196.002 8.53873 5.5
      vertex 197.524 6.55535 8
    endloop
  endfacet
  facet normal 0.466474 -0.532408 -0.70636
    outer loop
      vertex 196.002 8.53873 5.5
      vertex 197.455 6.49497 8
      vertex 195.687 8.26274 5.5
    endloop
  endfacet
  facet normal -0.393292 -0.588542 -0.706357
    outer loop
      vertex 198.376 6.55535 8
      vertex 199.55 8.77128 5.5
      vertex 199.898 8.53873 5.5
    endloop
  endfacet
  facet normal -0.393752 -0.588267 -0.706329
    outer loop
      vertex 199.55 8.77128 5.5
      vertex 198.376 6.55535 8
      vertex 198.3 6.60622 8
    endloop
  endfacet
  facet normal -0.0464944 -0.706342 -0.706342
    outer loop
      vertex 197.95 9.2 5.5
      vertex 198.041 6.69401 8
      vertex 197.95 6.7 8
    endloop
  endfacet
  facet normal -0.0462673 -0.706345 -0.706354
    outer loop
      vertex 198.041 6.69401 8
      vertex 197.95 9.2 5.5
      vertex 198.368 9.17262 5.5
    endloop
  endfacet
  facet normal -0.227212 0.670407 -0.706349
    outer loop
      vertex 198.778 2.90904 5.5
      vertex 198.218 5.35328 8
      vertex 199.175 3.04359 5.5
    endloop
  endfacet
  facet normal -0.22682 0.670518 -0.70637
    outer loop
      vertex 198.218 5.35328 8
      vertex 198.778 2.90904 5.5
      vertex 198.131 5.32385 8
    endloop
  endfacet
  facet normal 0.466132 0.532678 -0.706382
    outer loop
      vertex 196.002 3.46127 5.5
      vertex 197.455 5.50503 8
      vertex 197.524 5.44465 8
    endloop
  endfacet
  facet normal 0.466474 0.532408 -0.70636
    outer loop
      vertex 197.455 5.50503 8
      vertex 196.002 3.46127 5.5
      vertex 195.687 3.73726 5.5
    endloop
  endfacet
  facet normal 0.393752 -0.588267 -0.706329
    outer loop
      vertex 197.524 6.55535 8
      vertex 196.35 8.77128 5.5
      vertex 197.6 6.60622 8
    endloop
  endfacet
  facet normal 0.393292 -0.588542 -0.706357
    outer loop
      vertex 196.35 8.77128 5.5
      vertex 197.524 6.55535 8
      vertex 196.002 8.53873 5.5
    endloop
  endfacet
  facet normal 0.313465 -0.634671 -0.706352
    outer loop
      vertex 197.6 6.60622 8
      vertex 196.725 8.95641 5.5
      vertex 197.682 6.64672 8
    endloop
  endfacet
  facet normal 0.313349 -0.634721 -0.706358
    outer loop
      vertex 196.725 8.95641 5.5
      vertex 197.6 6.60622 8
      vertex 196.35 8.77128 5.5
    endloop
  endfacet
  facet normal -0.393292 0.588542 -0.706357
    outer loop
      vertex 199.55 3.22872 5.5
      vertex 198.376 5.44465 8
      vertex 199.898 3.46127 5.5
    endloop
  endfacet
  facet normal -0.393752 0.588267 -0.706329
    outer loop
      vertex 198.376 5.44465 8
      vertex 199.55 3.22872 5.5
      vertex 198.3 5.39378 8
    endloop
  endfacet
  facet normal -0.588985 -0.392611 -0.706366
    outer loop
      vertex 198.556 6.35 8
      vertex 200.489 7.94804 5.5
      vertex 200.721 7.6 5.5
    endloop
  endfacet
  facet normal -0.588014 -0.393915 -0.706449
    outer loop
      vertex 200.489 7.94804 5.5
      vertex 198.556 6.35 8
      vertex 198.505 6.42613 8
    endloop
  endfacet
  facet normal 0.0464944 0.706342 -0.706342
    outer loop
      vertex 197.95 2.8 5.5
      vertex 197.859 5.30599 8
      vertex 197.95 5.3 8
    endloop
  endfacet
  facet normal 0.0462673 0.706345 -0.706354
    outer loop
      vertex 197.859 5.30599 8
      vertex 197.95 2.8 5.5
      vertex 197.532 2.82738 5.5
    endloop
  endfacet
  facet normal -0.694118 -0.138641 -0.706384
    outer loop
      vertex 198.644 6.09137 8
      vertex 201.041 6.82822 5.5
      vertex 201.123 6.41768 5.5
    endloop
  endfacet
  facet normal -0.694 -0.139109 -0.706408
    outer loop
      vertex 201.041 6.82822 5.5
      vertex 198.644 6.09137 8
      vertex 198.626 6.18117 8
    endloop
  endfacet
  facet normal -0.532138 -0.466699 -0.706414
    outer loop
      vertex 198.505 6.42613 8
      vertex 200.213 8.26274 5.5
      vertex 200.489 7.94804 5.5
    endloop
  endfacet
  facet normal -0.533659 -0.46513 -0.706301
    outer loop
      vertex 200.213 8.26274 5.5
      vertex 198.505 6.42613 8
      vertex 198.445 6.49497 8
    endloop
  endfacet
  facet normal 0.533659 0.46513 -0.706301
    outer loop
      vertex 195.687 3.73726 5.5
      vertex 197.395 5.57387 8
      vertex 197.455 5.50503 8
    endloop
  endfacet
  facet normal 0.532138 0.466699 -0.706414
    outer loop
      vertex 197.395 5.57387 8
      vertex 195.687 3.73726 5.5
      vertex 195.411 4.05196 5.5
    endloop
  endfacet
  facet normal 0.694 -0.139109 -0.706408
    outer loop
      vertex 197.256 6.09137 8
      vertex 194.859 6.82822 5.5
      vertex 197.274 6.18117 8
    endloop
  endfacet
  facet normal 0.694118 -0.138641 -0.706384
    outer loop
      vertex 194.859 6.82822 5.5
      vertex 197.256 6.09137 8
      vertex 194.777 6.41768 5.5
    endloop
  endfacet
  facet normal 0.0462673 -0.706345 -0.706354
    outer loop
      vertex 197.95 9.2 5.5
      vertex 197.859 6.69401 8
      vertex 197.532 9.17262 5.5
    endloop
  endfacet
  facet normal 0.0464944 -0.706342 -0.706342
    outer loop
      vertex 197.859 6.69401 8
      vertex 197.95 9.2 5.5
      vertex 197.95 6.7 8
    endloop
  endfacet
  facet normal 0.694 0.139109 -0.706408
    outer loop
      vertex 194.859 5.17178 5.5
      vertex 197.256 5.90863 8
      vertex 197.274 5.81883 8
    endloop
  endfacet
  facet normal 0.694118 0.138641 -0.706384
    outer loop
      vertex 197.256 5.90863 8
      vertex 194.859 5.17178 5.5
      vertex 194.777 5.58232 5.5
    endloop
  endfacet
  facet normal 0.671505 0.224584 -0.706147
    outer loop
      vertex 194.994 4.77541 5.5
      vertex 197.274 5.81883 8
      vertex 197.303 5.73212 8
    endloop
  endfacet
  facet normal 0.670065 0.228218 -0.70635
    outer loop
      vertex 197.274 5.81883 8
      vertex 194.994 4.77541 5.5
      vertex 194.859 5.17178 5.5
    endloop
  endfacet
  facet normal 0.588014 0.393915 -0.706449
    outer loop
      vertex 195.411 4.05196 5.5
      vertex 197.344 5.65 8
      vertex 197.395 5.57387 8
    endloop
  endfacet
  facet normal 0.588985 0.392611 -0.706366
    outer loop
      vertex 197.344 5.65 8
      vertex 195.411 4.05196 5.5
      vertex 195.179 4.4 5.5
    endloop
  endfacet
  facet normal 0.137779 -0.694296 -0.706378
    outer loop
      vertex 197.769 6.67615 8
      vertex 197.532 9.17262 5.5
      vertex 197.859 6.69401 8
    endloop
  endfacet
  facet normal 0.138269 -0.694225 -0.706352
    outer loop
      vertex 197.532 9.17262 5.5
      vertex 197.769 6.67615 8
      vertex 197.122 9.09096 5.5
    endloop
  endfacet
  facet normal -0.138269 0.694225 -0.706352
    outer loop
      vertex 198.368 2.82738 5.5
      vertex 198.131 5.32385 8
      vertex 198.778 2.90904 5.5
    endloop
  endfacet
  facet normal -0.137779 0.694296 -0.706378
    outer loop
      vertex 198.131 5.32385 8
      vertex 198.368 2.82738 5.5
      vertex 198.041 5.30599 8
    endloop
  endfacet
  facet normal -0.227212 -0.670407 -0.706349
    outer loop
      vertex 198.218 6.64672 8
      vertex 198.778 9.09096 5.5
      vertex 199.175 8.95641 5.5
    endloop
  endfacet
  facet normal -0.22682 -0.670518 -0.70637
    outer loop
      vertex 198.778 9.09096 5.5
      vertex 198.218 6.64672 8
      vertex 198.131 6.67615 8
    endloop
  endfacet
  facet normal -0.313349 -0.634721 -0.706358
    outer loop
      vertex 198.3 6.60622 8
      vertex 199.175 8.95641 5.5
      vertex 199.55 8.77128 5.5
    endloop
  endfacet
  facet normal -0.313465 -0.634671 -0.706352
    outer loop
      vertex 199.175 8.95641 5.5
      vertex 198.3 6.60622 8
      vertex 198.218 6.64672 8
    endloop
  endfacet
  facet normal -0.706346 0.0463837 -0.706346
    outer loop
      vertex 201.15 6 5.5
      vertex 198.644 5.90863 8
      vertex 198.65 6 8
    endloop
  endfacet
  facet normal -0.706356 0.0456608 -0.706382
    outer loop
      vertex 198.644 5.90863 8
      vertex 201.15 6 5.5
      vertex 201.123 5.58232 5.5
    endloop
  endfacet
  facet normal -0.694118 0.138641 -0.706384
    outer loop
      vertex 201.041 5.17178 5.5
      vertex 198.644 5.90863 8
      vertex 201.123 5.58232 5.5
    endloop
  endfacet
  facet normal -0.694 0.139109 -0.706408
    outer loop
      vertex 198.644 5.90863 8
      vertex 201.041 5.17178 5.5
      vertex 198.626 5.81883 8
    endloop
  endfacet
  facet normal -0.670065 -0.228218 -0.70635
    outer loop
      vertex 198.626 6.18117 8
      vertex 200.906 7.22459 5.5
      vertex 201.041 6.82822 5.5
    endloop
  endfacet
  facet normal -0.671505 -0.224584 -0.706147
    outer loop
      vertex 200.906 7.22459 5.5
      vertex 198.626 6.18117 8
      vertex 198.597 6.26788 8
    endloop
  endfacet
  facet normal 0.137779 0.694296 -0.706378
    outer loop
      vertex 197.532 2.82738 5.5
      vertex 197.769 5.32385 8
      vertex 197.859 5.30599 8
    endloop
  endfacet
  facet normal 0.138269 0.694225 -0.706352
    outer loop
      vertex 197.769 5.32385 8
      vertex 197.532 2.82738 5.5
      vertex 197.122 2.90904 5.5
    endloop
  endfacet
  facet normal 0.313465 0.634671 -0.706352
    outer loop
      vertex 196.725 3.04359 5.5
      vertex 197.6 5.39378 8
      vertex 197.682 5.35328 8
    endloop
  endfacet
  facet normal 0.313349 0.634721 -0.706358
    outer loop
      vertex 197.6 5.39378 8
      vertex 196.725 3.04359 5.5
      vertex 196.35 3.22872 5.5
    endloop
  endfacet
  facet normal 0.393752 0.588267 -0.706329
    outer loop
      vertex 196.35 3.22872 5.5
      vertex 197.524 5.44465 8
      vertex 197.6 5.39378 8
    endloop
  endfacet
  facet normal 0.393292 0.588542 -0.706357
    outer loop
      vertex 197.524 5.44465 8
      vertex 196.35 3.22872 5.5
      vertex 196.002 3.46127 5.5
    endloop
  endfacet
  facet normal 0.706346 0.0463837 -0.706346
    outer loop
      vertex 197.256 5.90863 8
      vertex 194.75 6 5.5
      vertex 197.25 6 8
    endloop
  endfacet
  facet normal 0.706356 0.0456608 -0.706382
    outer loop
      vertex 194.75 6 5.5
      vertex 197.256 5.90863 8
      vertex 194.777 5.58232 5.5
    endloop
  endfacet
  facet normal -0.980581 -0.196116 0
    outer loop
      vertex 201.123 186.418 0
      vertex 201.041 186.828 5.5
      vertex 201.041 186.828 0
    endloop
  endfacet
  facet normal -0.980581 -0.196116 0
    outer loop
      vertex 201.041 186.828 5.5
      vertex 201.123 186.418 0
      vertex 201.123 186.418 5.5
    endloop
  endfacet
  facet normal -0.99792 -0.064459 0
    outer loop
      vertex 201.15 186 0
      vertex 201.123 186.418 5.5
      vertex 201.123 186.418 0
    endloop
  endfacet
  facet normal -0.99792 -0.064459 0
    outer loop
      vertex 201.123 186.418 5.5
      vertex 201.15 186 0
      vertex 201.15 186 5.5
    endloop
  endfacet
  facet normal -0.321945 -0.946758 0
    outer loop
      vertex 198.778 189.091 0
      vertex 199.175 188.956 5.5
      vertex 198.778 189.091 5.5
    endloop
  endfacet
  facet normal -0.321945 -0.946758 -0
    outer loop
      vertex 199.175 188.956 5.5
      vertex 198.778 189.091 0
      vertex 199.175 188.956 0
    endloop
  endfacet
  facet normal -0.5547 0.83205 0
    outer loop
      vertex 199.898 183.461 0
      vertex 199.55 183.229 5.5
      vertex 199.898 183.461 5.5
    endloop
  endfacet
  facet normal -0.5547 0.83205 0
    outer loop
      vertex 199.55 183.229 5.5
      vertex 199.898 183.461 0
      vertex 199.55 183.229 0
    endloop
  endfacet
  facet normal -0.659012 -0.752133 0
    outer loop
      vertex 199.898 188.539 0
      vertex 200.213 188.263 5.5
      vertex 199.898 188.539 5.5
    endloop
  endfacet
  facet normal -0.659012 -0.752133 -0
    outer loop
      vertex 200.213 188.263 5.5
      vertex 199.898 188.539 0
      vertex 200.213 188.263 0
    endloop
  endfacet
  facet normal 0.196116 0.980581 -0
    outer loop
      vertex 197.532 182.827 0
      vertex 197.122 182.909 5.5
      vertex 197.532 182.827 5.5
    endloop
  endfacet
  facet normal 0.196116 0.980581 0
    outer loop
      vertex 197.122 182.909 5.5
      vertex 197.532 182.827 0
      vertex 197.122 182.909 0
    endloop
  endfacet
  facet normal -0.752133 0.659012 0
    outer loop
      vertex 200.213 183.737 0
      vertex 200.489 184.052 5.5
      vertex 200.489 184.052 0
    endloop
  endfacet
  facet normal -0.752133 0.659012 0
    outer loop
      vertex 200.489 184.052 5.5
      vertex 200.213 183.737 0
      vertex 200.213 183.737 5.5
    endloop
  endfacet
  facet normal 0.946758 -0.321945 0
    outer loop
      vertex 194.859 186.828 5.5
      vertex 194.994 187.225 0
      vertex 194.994 187.225 5.5
    endloop
  endfacet
  facet normal 0.946758 -0.321945 0
    outer loop
      vertex 194.994 187.225 0
      vertex 194.859 186.828 5.5
      vertex 194.859 186.828 0
    endloop
  endfacet
  facet normal -0.064459 -0.99792 0
    outer loop
      vertex 197.95 189.2 0
      vertex 198.368 189.173 5.5
      vertex 197.95 189.2 5.5
    endloop
  endfacet
  facet normal -0.064459 -0.99792 -0
    outer loop
      vertex 198.368 189.173 5.5
      vertex 197.95 189.2 0
      vertex 198.368 189.173 0
    endloop
  endfacet
  facet normal 0.321945 -0.946758 0
    outer loop
      vertex 196.725 188.956 0
      vertex 197.122 189.091 5.5
      vertex 196.725 188.956 5.5
    endloop
  endfacet
  facet normal 0.321945 -0.946758 0
    outer loop
      vertex 197.122 189.091 5.5
      vertex 196.725 188.956 0
      vertex 197.122 189.091 0
    endloop
  endfacet
  facet normal 0.99792 0.064459 0
    outer loop
      vertex 194.777 185.582 5.5
      vertex 194.75 186 0
      vertex 194.75 186 5.5
    endloop
  endfacet
  facet normal 0.99792 0.064459 0
    outer loop
      vertex 194.75 186 0
      vertex 194.777 185.582 5.5
      vertex 194.777 185.582 0
    endloop
  endfacet
  facet normal 0.064459 0.99792 -0
    outer loop
      vertex 197.95 182.8 0
      vertex 197.532 182.827 5.5
      vertex 197.95 182.8 5.5
    endloop
  endfacet
  facet normal 0.064459 0.99792 0
    outer loop
      vertex 197.532 182.827 5.5
      vertex 197.95 182.8 0
      vertex 197.532 182.827 0
    endloop
  endfacet
  facet normal -0.99792 0.064459 0
    outer loop
      vertex 201.123 185.582 0
      vertex 201.15 186 5.5
      vertex 201.15 186 0
    endloop
  endfacet
  facet normal -0.99792 0.064459 0
    outer loop
      vertex 201.15 186 5.5
      vertex 201.123 185.582 0
      vertex 201.123 185.582 5.5
    endloop
  endfacet
  facet normal -0.752133 -0.659012 0
    outer loop
      vertex 200.489 187.948 0
      vertex 200.213 188.263 5.5
      vertex 200.213 188.263 0
    endloop
  endfacet
  facet normal -0.752133 -0.659012 0
    outer loop
      vertex 200.213 188.263 5.5
      vertex 200.489 187.948 0
      vertex 200.489 187.948 5.5
    endloop
  endfacet
  facet normal 0.946758 0.321945 0
    outer loop
      vertex 194.994 184.775 5.5
      vertex 194.859 185.172 0
      vertex 194.859 185.172 5.5
    endloop
  endfacet
  facet normal 0.946758 0.321945 0
    outer loop
      vertex 194.859 185.172 0
      vertex 194.994 184.775 5.5
      vertex 194.994 184.775 0
    endloop
  endfacet
  facet normal 0.980581 0.196116 0
    outer loop
      vertex 194.859 185.172 5.5
      vertex 194.777 185.582 0
      vertex 194.777 185.582 5.5
    endloop
  endfacet
  facet normal 0.980581 0.196116 0
    outer loop
      vertex 194.777 185.582 0
      vertex 194.859 185.172 5.5
      vertex 194.859 185.172 0
    endloop
  endfacet
  facet normal -0.196116 -0.980581 0
    outer loop
      vertex 198.368 189.173 0
      vertex 198.778 189.091 5.5
      vertex 198.368 189.173 5.5
    endloop
  endfacet
  facet normal -0.196116 -0.980581 -0
    outer loop
      vertex 198.778 189.091 5.5
      vertex 198.368 189.173 0
      vertex 198.778 189.091 0
    endloop
  endfacet
  facet normal 0.752133 0.659012 0
    outer loop
      vertex 195.687 183.737 5.5
      vertex 195.411 184.052 0
      vertex 195.411 184.052 5.5
    endloop
  endfacet
  facet normal 0.752133 0.659012 0
    outer loop
      vertex 195.411 184.052 0
      vertex 195.687 183.737 5.5
      vertex 195.687 183.737 0
    endloop
  endfacet
  facet normal 0.659012 -0.752133 0
    outer loop
      vertex 195.687 188.263 0
      vertex 196.002 188.539 5.5
      vertex 195.687 188.263 5.5
    endloop
  endfacet
  facet normal 0.659012 -0.752133 0
    outer loop
      vertex 196.002 188.539 5.5
      vertex 195.687 188.263 0
      vertex 196.002 188.539 0
    endloop
  endfacet
  facet normal 0.896806 -0.442424 0
    outer loop
      vertex 194.994 187.225 5.5
      vertex 195.179 187.6 0
      vertex 195.179 187.6 5.5
    endloop
  endfacet
  facet normal 0.896806 -0.442424 0
    outer loop
      vertex 195.179 187.6 0
      vertex 194.994 187.225 5.5
      vertex 194.994 187.225 0
    endloop
  endfacet
  facet normal -0.83205 0.5547 0
    outer loop
      vertex 200.489 184.052 0
      vertex 200.721 184.4 5.5
      vertex 200.721 184.4 0
    endloop
  endfacet
  facet normal -0.83205 0.5547 0
    outer loop
      vertex 200.721 184.4 5.5
      vertex 200.489 184.052 0
      vertex 200.489 184.052 5.5
    endloop
  endfacet
  facet normal -0.83205 -0.5547 0
    outer loop
      vertex 200.721 187.6 0
      vertex 200.489 187.948 5.5
      vertex 200.489 187.948 0
    endloop
  endfacet
  facet normal -0.83205 -0.5547 0
    outer loop
      vertex 200.489 187.948 5.5
      vertex 200.721 187.6 0
      vertex 200.721 187.6 5.5
    endloop
  endfacet
  facet normal 0.752133 -0.659012 0
    outer loop
      vertex 195.411 187.948 5.5
      vertex 195.687 188.263 0
      vertex 195.687 188.263 5.5
    endloop
  endfacet
  facet normal 0.752133 -0.659012 0
    outer loop
      vertex 195.687 188.263 0
      vertex 195.411 187.948 5.5
      vertex 195.411 187.948 0
    endloop
  endfacet
  facet normal -0.659012 0.752133 0
    outer loop
      vertex 200.213 183.737 0
      vertex 199.898 183.461 5.5
      vertex 200.213 183.737 5.5
    endloop
  endfacet
  facet normal -0.659012 0.752133 0
    outer loop
      vertex 199.898 183.461 5.5
      vertex 200.213 183.737 0
      vertex 199.898 183.461 0
    endloop
  endfacet
  facet normal 0.83205 0.5547 0
    outer loop
      vertex 195.411 184.052 5.5
      vertex 195.179 184.4 0
      vertex 195.179 184.4 5.5
    endloop
  endfacet
  facet normal 0.83205 0.5547 0
    outer loop
      vertex 195.179 184.4 0
      vertex 195.411 184.052 5.5
      vertex 195.411 184.052 0
    endloop
  endfacet
  facet normal 0.196116 -0.980581 0
    outer loop
      vertex 197.122 189.091 0
      vertex 197.532 189.173 5.5
      vertex 197.122 189.091 5.5
    endloop
  endfacet
  facet normal 0.196116 -0.980581 0
    outer loop
      vertex 197.532 189.173 5.5
      vertex 197.122 189.091 0
      vertex 197.532 189.173 0
    endloop
  endfacet
  facet normal -0.946758 0.321945 0
    outer loop
      vertex 200.906 184.775 0
      vertex 201.041 185.172 5.5
      vertex 201.041 185.172 0
    endloop
  endfacet
  facet normal -0.946758 0.321945 0
    outer loop
      vertex 201.041 185.172 5.5
      vertex 200.906 184.775 0
      vertex 200.906 184.775 5.5
    endloop
  endfacet
  facet normal -0.442424 -0.896806 0
    outer loop
      vertex 199.175 188.956 0
      vertex 199.55 188.771 5.5
      vertex 199.175 188.956 5.5
    endloop
  endfacet
  facet normal -0.442424 -0.896806 -0
    outer loop
      vertex 199.55 188.771 5.5
      vertex 199.175 188.956 0
      vertex 199.55 188.771 0
    endloop
  endfacet
  facet normal 0.064459 -0.99792 0
    outer loop
      vertex 197.532 189.173 0
      vertex 197.95 189.2 5.5
      vertex 197.532 189.173 5.5
    endloop
  endfacet
  facet normal 0.064459 -0.99792 0
    outer loop
      vertex 197.95 189.2 5.5
      vertex 197.532 189.173 0
      vertex 197.95 189.2 0
    endloop
  endfacet
  facet normal -0.064459 0.99792 0
    outer loop
      vertex 198.368 182.827 0
      vertex 197.95 182.8 5.5
      vertex 198.368 182.827 5.5
    endloop
  endfacet
  facet normal -0.064459 0.99792 0
    outer loop
      vertex 197.95 182.8 5.5
      vertex 198.368 182.827 0
      vertex 197.95 182.8 0
    endloop
  endfacet
  facet normal -0.5547 -0.83205 0
    outer loop
      vertex 199.55 188.771 0
      vertex 199.898 188.539 5.5
      vertex 199.55 188.771 5.5
    endloop
  endfacet
  facet normal -0.5547 -0.83205 -0
    outer loop
      vertex 199.898 188.539 5.5
      vertex 199.55 188.771 0
      vertex 199.898 188.539 0
    endloop
  endfacet
  facet normal 0.896806 0.442424 0
    outer loop
      vertex 195.179 184.4 5.5
      vertex 194.994 184.775 0
      vertex 194.994 184.775 5.5
    endloop
  endfacet
  facet normal 0.896806 0.442424 0
    outer loop
      vertex 194.994 184.775 0
      vertex 195.179 184.4 5.5
      vertex 195.179 184.4 0
    endloop
  endfacet
  facet normal 0.659012 0.752133 -0
    outer loop
      vertex 196.002 183.461 0
      vertex 195.687 183.737 5.5
      vertex 196.002 183.461 5.5
    endloop
  endfacet
  facet normal 0.659012 0.752133 0
    outer loop
      vertex 195.687 183.737 5.5
      vertex 196.002 183.461 0
      vertex 195.687 183.737 0
    endloop
  endfacet
  facet normal 0.980581 -0.196116 0
    outer loop
      vertex 194.777 186.418 5.5
      vertex 194.859 186.828 0
      vertex 194.859 186.828 5.5
    endloop
  endfacet
  facet normal 0.980581 -0.196116 0
    outer loop
      vertex 194.859 186.828 0
      vertex 194.777 186.418 5.5
      vertex 194.777 186.418 0
    endloop
  endfacet
  facet normal -0.896806 -0.442424 0
    outer loop
      vertex 200.906 187.225 0
      vertex 200.721 187.6 5.5
      vertex 200.721 187.6 0
    endloop
  endfacet
  facet normal -0.896806 -0.442424 0
    outer loop
      vertex 200.721 187.6 5.5
      vertex 200.906 187.225 0
      vertex 200.906 187.225 5.5
    endloop
  endfacet
  facet normal -0.196116 0.980581 0
    outer loop
      vertex 198.778 182.909 0
      vertex 198.368 182.827 5.5
      vertex 198.778 182.909 5.5
    endloop
  endfacet
  facet normal -0.196116 0.980581 0
    outer loop
      vertex 198.368 182.827 5.5
      vertex 198.778 182.909 0
      vertex 198.368 182.827 0
    endloop
  endfacet
  facet normal -0.896806 0.442424 0
    outer loop
      vertex 200.721 184.4 0
      vertex 200.906 184.775 5.5
      vertex 200.906 184.775 0
    endloop
  endfacet
  facet normal -0.896806 0.442424 0
    outer loop
      vertex 200.906 184.775 5.5
      vertex 200.721 184.4 0
      vertex 200.721 184.4 5.5
    endloop
  endfacet
  facet normal -0.980581 0.196116 0
    outer loop
      vertex 201.041 185.172 0
      vertex 201.123 185.582 5.5
      vertex 201.123 185.582 0
    endloop
  endfacet
  facet normal -0.980581 0.196116 0
    outer loop
      vertex 201.123 185.582 5.5
      vertex 201.041 185.172 0
      vertex 201.041 185.172 5.5
    endloop
  endfacet
  facet normal 0.5547 -0.83205 0
    outer loop
      vertex 196.002 188.539 0
      vertex 196.35 188.771 5.5
      vertex 196.002 188.539 5.5
    endloop
  endfacet
  facet normal 0.5547 -0.83205 0
    outer loop
      vertex 196.35 188.771 5.5
      vertex 196.002 188.539 0
      vertex 196.35 188.771 0
    endloop
  endfacet
  facet normal -0.946758 -0.321945 0
    outer loop
      vertex 201.041 186.828 0
      vertex 200.906 187.225 5.5
      vertex 200.906 187.225 0
    endloop
  endfacet
  facet normal -0.946758 -0.321945 0
    outer loop
      vertex 200.906 187.225 5.5
      vertex 201.041 186.828 0
      vertex 201.041 186.828 5.5
    endloop
  endfacet
  facet normal -0.321945 0.946758 0
    outer loop
      vertex 199.175 183.044 0
      vertex 198.778 182.909 5.5
      vertex 199.175 183.044 5.5
    endloop
  endfacet
  facet normal -0.321945 0.946758 0
    outer loop
      vertex 198.778 182.909 5.5
      vertex 199.175 183.044 0
      vertex 198.778 182.909 0
    endloop
  endfacet
  facet normal -0.442424 0.896806 0
    outer loop
      vertex 199.55 183.229 0
      vertex 199.175 183.044 5.5
      vertex 199.55 183.229 5.5
    endloop
  endfacet
  facet normal -0.442424 0.896806 0
    outer loop
      vertex 199.175 183.044 5.5
      vertex 199.55 183.229 0
      vertex 199.175 183.044 0
    endloop
  endfacet
  facet normal 0.99792 -0.064459 0
    outer loop
      vertex 194.75 186 5.5
      vertex 194.777 186.418 0
      vertex 194.777 186.418 5.5
    endloop
  endfacet
  facet normal 0.99792 -0.064459 0
    outer loop
      vertex 194.777 186.418 0
      vertex 194.75 186 5.5
      vertex 194.75 186 0
    endloop
  endfacet
  facet normal 0.321945 0.946758 -0
    outer loop
      vertex 197.122 182.909 0
      vertex 196.725 183.044 5.5
      vertex 197.122 182.909 5.5
    endloop
  endfacet
  facet normal 0.321945 0.946758 0
    outer loop
      vertex 196.725 183.044 5.5
      vertex 197.122 182.909 0
      vertex 196.725 183.044 0
    endloop
  endfacet
  facet normal 0.442424 -0.896806 0
    outer loop
      vertex 196.35 188.771 0
      vertex 196.725 188.956 5.5
      vertex 196.35 188.771 5.5
    endloop
  endfacet
  facet normal 0.442424 -0.896806 0
    outer loop
      vertex 196.725 188.956 5.5
      vertex 196.35 188.771 0
      vertex 196.725 188.956 0
    endloop
  endfacet
  facet normal 0.83205 -0.5547 0
    outer loop
      vertex 195.179 187.6 5.5
      vertex 195.411 187.948 0
      vertex 195.411 187.948 5.5
    endloop
  endfacet
  facet normal 0.83205 -0.5547 0
    outer loop
      vertex 195.411 187.948 0
      vertex 195.179 187.6 5.5
      vertex 195.179 187.6 0
    endloop
  endfacet
  facet normal 0.442424 0.896806 -0
    outer loop
      vertex 196.725 183.044 0
      vertex 196.35 183.229 5.5
      vertex 196.725 183.044 5.5
    endloop
  endfacet
  facet normal 0.442424 0.896806 0
    outer loop
      vertex 196.35 183.229 5.5
      vertex 196.725 183.044 0
      vertex 196.35 183.229 0
    endloop
  endfacet
  facet normal 0.5547 0.83205 -0
    outer loop
      vertex 196.35 183.229 0
      vertex 196.002 183.461 5.5
      vertex 196.35 183.229 5.5
    endloop
  endfacet
  facet normal 0.5547 0.83205 0
    outer loop
      vertex 196.002 183.461 5.5
      vertex 196.35 183.229 0
      vertex 196.002 183.461 0
    endloop
  endfacet
  facet normal -0.706353 -0.0456257 -0.706388
    outer loop
      vertex 201.15 186 5.5
      vertex 198.644 186.091 8
      vertex 201.123 186.418 5.5
    endloop
  endfacet
  facet normal -0.70634 -0.0465718 -0.70634
    outer loop
      vertex 198.644 186.091 8
      vertex 201.15 186 5.5
      vertex 198.65 186 8
    endloop
  endfacet
  facet normal 0.587682 -0.394366 -0.706474
    outer loop
      vertex 197.344 186.35 8
      vertex 195.411 187.948 5.5
      vertex 197.395 186.426 8
    endloop
  endfacet
  facet normal 0.588965 -0.392643 -0.706365
    outer loop
      vertex 195.411 187.948 5.5
      vertex 197.344 186.35 8
      vertex 195.179 187.6 5.5
    endloop
  endfacet
  facet normal -0.466467 -0.532381 -0.706385
    outer loop
      vertex 198.445 186.495 8
      vertex 199.898 188.539 5.5
      vertex 200.213 188.263 5.5
    endloop
  endfacet
  facet normal -0.464374 -0.534031 -0.706518
    outer loop
      vertex 199.898 188.539 5.5
      vertex 198.445 186.495 8
      vertex 198.376 186.555 8
    endloop
  endfacet
  facet normal -0.466467 0.532381 -0.706385
    outer loop
      vertex 199.898 183.461 5.5
      vertex 198.445 185.505 8
      vertex 200.213 183.737 5.5
    endloop
  endfacet
  facet normal -0.464374 0.534031 -0.706518
    outer loop
      vertex 198.445 185.505 8
      vertex 199.898 183.461 5.5
      vertex 198.376 185.445 8
    endloop
  endfacet
  facet normal -0.138814 -0.69407 -0.706397
    outer loop
      vertex 198.131 186.676 8
      vertex 198.368 189.173 5.5
      vertex 198.778 189.091 5.5
    endloop
  endfacet
  facet normal -0.138814 -0.69407 -0.706397
    outer loop
      vertex 198.368 189.173 5.5
      vertex 198.131 186.676 8
      vertex 198.041 186.694 8
    endloop
  endfacet
  facet normal -0.588965 0.392643 -0.706365
    outer loop
      vertex 200.489 184.052 5.5
      vertex 198.556 185.65 8
      vertex 200.721 184.4 5.5
    endloop
  endfacet
  facet normal -0.587682 0.394366 -0.706474
    outer loop
      vertex 198.556 185.65 8
      vertex 200.489 184.052 5.5
      vertex 198.505 185.574 8
    endloop
  endfacet
  facet normal 0.633031 0.316516 -0.706463
    outer loop
      vertex 195.179 184.4 5.5
      vertex 197.303 185.732 8
      vertex 197.344 185.65 8
    endloop
  endfacet
  facet normal 0.634883 0.313209 -0.706274
    outer loop
      vertex 197.303 185.732 8
      vertex 195.179 184.4 5.5
      vertex 194.994 184.775 5.5
    endloop
  endfacet
  facet normal 0.633031 -0.316516 -0.706463
    outer loop
      vertex 197.303 186.268 8
      vertex 195.179 187.6 5.5
      vertex 197.344 186.35 8
    endloop
  endfacet
  facet normal 0.634883 -0.313209 -0.706274
    outer loop
      vertex 195.179 187.6 5.5
      vertex 197.303 186.268 8
      vertex 194.994 187.225 5.5
    endloop
  endfacet
  facet normal 0.534199 -0.464521 -0.706295
    outer loop
      vertex 197.395 186.426 8
      vertex 195.687 188.263 5.5
      vertex 197.455 186.495 8
    endloop
  endfacet
  facet normal 0.532344 -0.466435 -0.706434
    outer loop
      vertex 195.687 188.263 5.5
      vertex 197.395 186.426 8
      vertex 195.411 187.948 5.5
    endloop
  endfacet
  facet normal -0.634883 -0.313209 -0.706274
    outer loop
      vertex 198.597 186.268 8
      vertex 200.721 187.6 5.5
      vertex 200.906 187.225 5.5
    endloop
  endfacet
  facet normal -0.633031 -0.316516 -0.706463
    outer loop
      vertex 200.721 187.6 5.5
      vertex 198.597 186.268 8
      vertex 198.556 186.35 8
    endloop
  endfacet
  facet normal -0.0456257 0.706353 -0.706388
    outer loop
      vertex 197.95 182.8 5.5
      vertex 198.041 185.306 8
      vertex 198.368 182.827 5.5
    endloop
  endfacet
  facet normal -0.0465718 0.70634 -0.70634
    outer loop
      vertex 198.041 185.306 8
      vertex 197.95 182.8 5.5
      vertex 197.95 185.3 8
    endloop
  endfacet
  facet normal -0.313178 0.634821 -0.706344
    outer loop
      vertex 199.175 183.044 5.5
      vertex 198.3 185.394 8
      vertex 199.55 183.229 5.5
    endloop
  endfacet
  facet normal -0.316657 0.633314 -0.706145
    outer loop
      vertex 198.3 185.394 8
      vertex 199.175 183.044 5.5
      vertex 198.218 185.353 8
    endloop
  endfacet
  facet normal -0.532344 0.466435 -0.706434
    outer loop
      vertex 200.213 183.737 5.5
      vertex 198.505 185.574 8
      vertex 200.489 184.052 5.5
    endloop
  endfacet
  facet normal -0.534199 0.464521 -0.706295
    outer loop
      vertex 198.505 185.574 8
      vertex 200.213 183.737 5.5
      vertex 198.445 185.505 8
    endloop
  endfacet
  facet normal -0.670166 0.22789 -0.706359
    outer loop
      vertex 200.906 184.775 5.5
      vertex 198.626 185.819 8
      vertex 201.041 185.172 5.5
    endloop
  endfacet
  facet normal -0.671741 0.223914 -0.706135
    outer loop
      vertex 198.626 185.819 8
      vertex 200.906 184.775 5.5
      vertex 198.597 185.732 8
    endloop
  endfacet
  facet normal 0.223801 0.671402 -0.706494
    outer loop
      vertex 197.122 182.909 5.5
      vertex 197.682 185.353 8
      vertex 197.769 185.324 8
    endloop
  endfacet
  facet normal 0.227916 0.670241 -0.70628
    outer loop
      vertex 197.682 185.353 8
      vertex 197.122 182.909 5.5
      vertex 196.725 183.044 5.5
    endloop
  endfacet
  facet normal 0.671741 -0.223914 -0.706135
    outer loop
      vertex 197.274 186.181 8
      vertex 194.994 187.225 5.5
      vertex 197.303 186.268 8
    endloop
  endfacet
  facet normal 0.670166 -0.22789 -0.706359
    outer loop
      vertex 194.994 187.225 5.5
      vertex 197.274 186.181 8
      vertex 194.859 186.828 5.5
    endloop
  endfacet
  facet normal 0.223801 -0.671402 -0.706494
    outer loop
      vertex 197.682 186.647 8
      vertex 197.122 189.091 5.5
      vertex 197.769 186.676 8
    endloop
  endfacet
  facet normal 0.227916 -0.670241 -0.70628
    outer loop
      vertex 197.122 189.091 5.5
      vertex 197.682 186.647 8
      vertex 196.725 188.956 5.5
    endloop
  endfacet
  facet normal 0.70634 -0.0465718 -0.70634
    outer loop
      vertex 194.75 186 5.5
      vertex 197.256 186.091 8
      vertex 197.25 186 8
    endloop
  endfacet
  facet normal 0.706353 -0.0456257 -0.706388
    outer loop
      vertex 197.256 186.091 8
      vertex 194.75 186 5.5
      vertex 194.777 186.418 5.5
    endloop
  endfacet
  facet normal -0.634883 0.313209 -0.706274
    outer loop
      vertex 200.721 184.4 5.5
      vertex 198.597 185.732 8
      vertex 200.906 184.775 5.5
    endloop
  endfacet
  facet normal -0.633031 0.316516 -0.706463
    outer loop
      vertex 198.597 185.732 8
      vertex 200.721 184.4 5.5
      vertex 198.556 185.65 8
    endloop
  endfacet
  facet normal 0.464374 -0.534031 -0.706518
    outer loop
      vertex 197.455 186.495 8
      vertex 196.002 188.539 5.5
      vertex 197.524 186.555 8
    endloop
  endfacet
  facet normal 0.466467 -0.532381 -0.706385
    outer loop
      vertex 196.002 188.539 5.5
      vertex 197.455 186.495 8
      vertex 195.687 188.263 5.5
    endloop
  endfacet
  facet normal -0.392621 -0.588932 -0.706404
    outer loop
      vertex 198.376 186.555 8
      vertex 199.55 188.771 5.5
      vertex 199.898 188.539 5.5
    endloop
  endfacet
  facet normal -0.394466 -0.587831 -0.706294
    outer loop
      vertex 199.55 188.771 5.5
      vertex 198.376 186.555 8
      vertex 198.3 186.606 8
    endloop
  endfacet
  facet normal -0.0465718 -0.70634 -0.70634
    outer loop
      vertex 197.95 189.2 5.5
      vertex 198.041 186.694 8
      vertex 197.95 186.7 8
    endloop
  endfacet
  facet normal -0.0456257 -0.706353 -0.706388
    outer loop
      vertex 198.041 186.694 8
      vertex 197.95 189.2 5.5
      vertex 198.368 189.173 5.5
    endloop
  endfacet
  facet normal -0.227916 0.670241 -0.70628
    outer loop
      vertex 198.778 182.909 5.5
      vertex 198.218 185.353 8
      vertex 199.175 183.044 5.5
    endloop
  endfacet
  facet normal -0.223801 0.671402 -0.706494
    outer loop
      vertex 198.218 185.353 8
      vertex 198.778 182.909 5.5
      vertex 198.131 185.324 8
    endloop
  endfacet
  facet normal 0.464374 0.534031 -0.706518
    outer loop
      vertex 196.002 183.461 5.5
      vertex 197.455 185.505 8
      vertex 197.524 185.445 8
    endloop
  endfacet
  facet normal 0.466467 0.532381 -0.706385
    outer loop
      vertex 197.455 185.505 8
      vertex 196.002 183.461 5.5
      vertex 195.687 183.737 5.5
    endloop
  endfacet
  facet normal 0.394466 -0.587831 -0.706294
    outer loop
      vertex 197.524 186.555 8
      vertex 196.35 188.771 5.5
      vertex 197.6 186.606 8
    endloop
  endfacet
  facet normal 0.392621 -0.588932 -0.706404
    outer loop
      vertex 196.35 188.771 5.5
      vertex 197.524 186.555 8
      vertex 196.002 188.539 5.5
    endloop
  endfacet
  facet normal 0.316657 -0.633314 -0.706145
    outer loop
      vertex 197.6 186.606 8
      vertex 196.725 188.956 5.5
      vertex 197.682 186.647 8
    endloop
  endfacet
  facet normal 0.313178 -0.634821 -0.706344
    outer loop
      vertex 196.725 188.956 5.5
      vertex 197.6 186.606 8
      vertex 196.35 188.771 5.5
    endloop
  endfacet
  facet normal -0.392621 0.588932 -0.706404
    outer loop
      vertex 199.55 183.229 5.5
      vertex 198.376 185.445 8
      vertex 199.898 183.461 5.5
    endloop
  endfacet
  facet normal -0.394466 0.587831 -0.706294
    outer loop
      vertex 198.376 185.445 8
      vertex 199.55 183.229 5.5
      vertex 198.3 185.394 8
    endloop
  endfacet
  facet normal -0.588965 -0.392643 -0.706365
    outer loop
      vertex 198.556 186.35 8
      vertex 200.489 187.948 5.5
      vertex 200.721 187.6 5.5
    endloop
  endfacet
  facet normal -0.587682 -0.394366 -0.706474
    outer loop
      vertex 200.489 187.948 5.5
      vertex 198.556 186.35 8
      vertex 198.505 186.426 8
    endloop
  endfacet
  facet normal 0.0465718 0.70634 -0.70634
    outer loop
      vertex 197.95 182.8 5.5
      vertex 197.859 185.306 8
      vertex 197.95 185.3 8
    endloop
  endfacet
  facet normal 0.0456257 0.706353 -0.706388
    outer loop
      vertex 197.859 185.306 8
      vertex 197.95 182.8 5.5
      vertex 197.532 182.827 5.5
    endloop
  endfacet
  facet normal -0.69407 -0.138814 -0.706397
    outer loop
      vertex 198.644 186.091 8
      vertex 201.041 186.828 5.5
      vertex 201.123 186.418 5.5
    endloop
  endfacet
  facet normal -0.69407 -0.138814 -0.706397
    outer loop
      vertex 201.041 186.828 5.5
      vertex 198.644 186.091 8
      vertex 198.626 186.181 8
    endloop
  endfacet
  facet normal -0.532344 -0.466435 -0.706434
    outer loop
      vertex 198.505 186.426 8
      vertex 200.213 188.263 5.5
      vertex 200.489 187.948 5.5
    endloop
  endfacet
  facet normal -0.534199 -0.464521 -0.706295
    outer loop
      vertex 200.213 188.263 5.5
      vertex 198.505 186.426 8
      vertex 198.445 186.495 8
    endloop
  endfacet
  facet normal 0.534199 0.464521 -0.706295
    outer loop
      vertex 195.687 183.737 5.5
      vertex 197.395 185.574 8
      vertex 197.455 185.505 8
    endloop
  endfacet
  facet normal 0.532344 0.466435 -0.706434
    outer loop
      vertex 197.395 185.574 8
      vertex 195.687 183.737 5.5
      vertex 195.411 184.052 5.5
    endloop
  endfacet
  facet normal 0.69407 -0.138814 -0.706397
    outer loop
      vertex 197.256 186.091 8
      vertex 194.859 186.828 5.5
      vertex 197.274 186.181 8
    endloop
  endfacet
  facet normal 0.69407 -0.138814 -0.706397
    outer loop
      vertex 194.859 186.828 5.5
      vertex 197.256 186.091 8
      vertex 194.777 186.418 5.5
    endloop
  endfacet
  facet normal 0.0456257 -0.706353 -0.706388
    outer loop
      vertex 197.95 189.2 5.5
      vertex 197.859 186.694 8
      vertex 197.532 189.173 5.5
    endloop
  endfacet
  facet normal 0.0465718 -0.70634 -0.70634
    outer loop
      vertex 197.859 186.694 8
      vertex 197.95 189.2 5.5
      vertex 197.95 186.7 8
    endloop
  endfacet
  facet normal 0.69407 0.138814 -0.706397
    outer loop
      vertex 194.859 185.172 5.5
      vertex 197.256 185.909 8
      vertex 197.274 185.819 8
    endloop
  endfacet
  facet normal 0.69407 0.138814 -0.706397
    outer loop
      vertex 197.256 185.909 8
      vertex 194.859 185.172 5.5
      vertex 194.777 185.582 5.5
    endloop
  endfacet
  facet normal 0.671741 0.223914 -0.706135
    outer loop
      vertex 194.994 184.775 5.5
      vertex 197.274 185.819 8
      vertex 197.303 185.732 8
    endloop
  endfacet
  facet normal 0.670166 0.22789 -0.706359
    outer loop
      vertex 197.274 185.819 8
      vertex 194.994 184.775 5.5
      vertex 194.859 185.172 5.5
    endloop
  endfacet
  facet normal 0.587682 0.394366 -0.706474
    outer loop
      vertex 195.411 184.052 5.5
      vertex 197.344 185.65 8
      vertex 197.395 185.574 8
    endloop
  endfacet
  facet normal 0.588965 0.392643 -0.706365
    outer loop
      vertex 197.344 185.65 8
      vertex 195.411 184.052 5.5
      vertex 195.179 184.4 5.5
    endloop
  endfacet
  facet normal 0.138814 -0.69407 -0.706397
    outer loop
      vertex 197.769 186.676 8
      vertex 197.532 189.173 5.5
      vertex 197.859 186.694 8
    endloop
  endfacet
  facet normal 0.138814 -0.69407 -0.706397
    outer loop
      vertex 197.532 189.173 5.5
      vertex 197.769 186.676 8
      vertex 197.122 189.091 5.5
    endloop
  endfacet
  facet normal -0.138814 0.69407 -0.706397
    outer loop
      vertex 198.368 182.827 5.5
      vertex 198.131 185.324 8
      vertex 198.778 182.909 5.5
    endloop
  endfacet
  facet normal -0.138814 0.69407 -0.706397
    outer loop
      vertex 198.131 185.324 8
      vertex 198.368 182.827 5.5
      vertex 198.041 185.306 8
    endloop
  endfacet
  facet normal -0.227916 -0.670241 -0.70628
    outer loop
      vertex 198.218 186.647 8
      vertex 198.778 189.091 5.5
      vertex 199.175 188.956 5.5
    endloop
  endfacet
  facet normal -0.223801 -0.671402 -0.706494
    outer loop
      vertex 198.778 189.091 5.5
      vertex 198.218 186.647 8
      vertex 198.131 186.676 8
    endloop
  endfacet
  facet normal -0.313178 -0.634821 -0.706344
    outer loop
      vertex 198.3 186.606 8
      vertex 199.175 188.956 5.5
      vertex 199.55 188.771 5.5
    endloop
  endfacet
  facet normal -0.316657 -0.633314 -0.706145
    outer loop
      vertex 199.175 188.956 5.5
      vertex 198.3 186.606 8
      vertex 198.218 186.647 8
    endloop
  endfacet
  facet normal -0.70634 0.0465718 -0.70634
    outer loop
      vertex 201.15 186 5.5
      vertex 198.644 185.909 8
      vertex 198.65 186 8
    endloop
  endfacet
  facet normal -0.706353 0.0456257 -0.706388
    outer loop
      vertex 198.644 185.909 8
      vertex 201.15 186 5.5
      vertex 201.123 185.582 5.5
    endloop
  endfacet
  facet normal -0.69407 0.138814 -0.706397
    outer loop
      vertex 201.041 185.172 5.5
      vertex 198.644 185.909 8
      vertex 201.123 185.582 5.5
    endloop
  endfacet
  facet normal -0.69407 0.138814 -0.706397
    outer loop
      vertex 198.644 185.909 8
      vertex 201.041 185.172 5.5
      vertex 198.626 185.819 8
    endloop
  endfacet
  facet normal -0.670166 -0.22789 -0.706359
    outer loop
      vertex 198.626 186.181 8
      vertex 200.906 187.225 5.5
      vertex 201.041 186.828 5.5
    endloop
  endfacet
  facet normal -0.671741 -0.223914 -0.706135
    outer loop
      vertex 200.906 187.225 5.5
      vertex 198.626 186.181 8
      vertex 198.597 186.268 8
    endloop
  endfacet
  facet normal 0.138814 0.69407 -0.706397
    outer loop
      vertex 197.532 182.827 5.5
      vertex 197.769 185.324 8
      vertex 197.859 185.306 8
    endloop
  endfacet
  facet normal 0.138814 0.69407 -0.706397
    outer loop
      vertex 197.769 185.324 8
      vertex 197.532 182.827 5.5
      vertex 197.122 182.909 5.5
    endloop
  endfacet
  facet normal 0.316657 0.633314 -0.706145
    outer loop
      vertex 196.725 183.044 5.5
      vertex 197.6 185.394 8
      vertex 197.682 185.353 8
    endloop
  endfacet
  facet normal 0.313178 0.634821 -0.706344
    outer loop
      vertex 197.6 185.394 8
      vertex 196.725 183.044 5.5
      vertex 196.35 183.229 5.5
    endloop
  endfacet
  facet normal 0.394466 0.587831 -0.706294
    outer loop
      vertex 196.35 183.229 5.5
      vertex 197.524 185.445 8
      vertex 197.6 185.394 8
    endloop
  endfacet
  facet normal 0.392621 0.588932 -0.706404
    outer loop
      vertex 197.524 185.445 8
      vertex 196.35 183.229 5.5
      vertex 196.002 183.461 5.5
    endloop
  endfacet
  facet normal 0.70634 0.0465718 -0.70634
    outer loop
      vertex 197.256 185.909 8
      vertex 194.75 186 5.5
      vertex 197.25 186 8
    endloop
  endfacet
  facet normal 0.706353 0.0456257 -0.706388
    outer loop
      vertex 194.75 186 5.5
      vertex 197.256 185.909 8
      vertex 194.777 185.582 5.5
    endloop
  endfacet
  facet normal 0.991452 -0.130476 0
    outer loop
      vertex 10.5879 12.5 12
      vertex 10.636 12.8655 1.2
      vertex 10.636 12.8655 12
    endloop
  endfacet
  facet normal 0.991452 -0.130476 0
    outer loop
      vertex 10.636 12.8655 1.2
      vertex 10.5879 12.5 12
      vertex 10.5879 12.5 1.2
    endloop
  endfacet
  facet normal -0.923822 -0.382823 0
    outer loop
      vertex 13.364 12.8655 1.2
      vertex 13.2229 13.206 12
      vertex 13.2229 13.206 1.2
    endloop
  endfacet
  facet normal -0.923822 -0.382823 0
    outer loop
      vertex 13.2229 13.206 12
      vertex 13.364 12.8655 1.2
      vertex 13.364 12.8655 12
    endloop
  endfacet
  facet normal -0.991452 -0.130476 0
    outer loop
      vertex 13.4121 12.5 1.2
      vertex 13.364 12.8655 12
      vertex 13.364 12.8655 1.2
    endloop
  endfacet
  facet normal -0.991452 -0.130476 0
    outer loop
      vertex 13.364 12.8655 12
      vertex 13.4121 12.5 1.2
      vertex 13.4121 12.5 12
    endloop
  endfacet
  facet normal -0.79341 -0.608688 0
    outer loop
      vertex 13.2229 13.206 1.2
      vertex 12.9985 13.4985 12
      vertex 12.9985 13.4985 1.2
    endloop
  endfacet
  facet normal -0.79341 -0.608688 0
    outer loop
      vertex 12.9985 13.4985 12
      vertex 13.2229 13.206 1.2
      vertex 13.2229 13.206 12
    endloop
  endfacet
  facet normal -0.991452 0.130476 0
    outer loop
      vertex 13.364 12.1345 1.2
      vertex 13.4121 12.5 12
      vertex 13.4121 12.5 1.2
    endloop
  endfacet
  facet normal -0.991452 0.130476 0
    outer loop
      vertex 13.4121 12.5 12
      vertex 13.364 12.1345 1.2
      vertex 13.364 12.1345 12
    endloop
  endfacet
  facet normal 0.79341 -0.608688 0
    outer loop
      vertex 10.7771 13.206 12
      vertex 11.0015 13.4985 1.2
      vertex 11.0015 13.4985 12
    endloop
  endfacet
  facet normal 0.79341 -0.608688 0
    outer loop
      vertex 11.0015 13.4985 1.2
      vertex 10.7771 13.206 12
      vertex 10.7771 13.206 1.2
    endloop
  endfacet
  facet normal 0.130476 0.991452 -0
    outer loop
      vertex 12 11.0879 1.2
      vertex 11.6345 11.136 12
      vertex 12 11.0879 12
    endloop
  endfacet
  facet normal 0.130476 0.991452 0
    outer loop
      vertex 11.6345 11.136 12
      vertex 12 11.0879 1.2
      vertex 11.6345 11.136 1.2
    endloop
  endfacet
  facet normal -0.608688 -0.79341 0
    outer loop
      vertex 12.706 13.7229 1.2
      vertex 12.9985 13.4985 12
      vertex 12.706 13.7229 12
    endloop
  endfacet
  facet normal -0.608688 -0.79341 -0
    outer loop
      vertex 12.9985 13.4985 12
      vertex 12.706 13.7229 1.2
      vertex 12.9985 13.4985 1.2
    endloop
  endfacet
  facet normal 0.923822 0.382823 0
    outer loop
      vertex 10.7771 11.794 12
      vertex 10.636 12.1345 1.2
      vertex 10.636 12.1345 12
    endloop
  endfacet
  facet normal 0.923822 0.382823 0
    outer loop
      vertex 10.636 12.1345 1.2
      vertex 10.7771 11.794 12
      vertex 10.7771 11.794 1.2
    endloop
  endfacet
  facet normal -0.382823 0.923822 0
    outer loop
      vertex 12.706 11.2771 1.2
      vertex 12.3655 11.136 12
      vertex 12.706 11.2771 12
    endloop
  endfacet
  facet normal -0.382823 0.923822 0
    outer loop
      vertex 12.3655 11.136 12
      vertex 12.706 11.2771 1.2
      vertex 12.3655 11.136 1.2
    endloop
  endfacet
  facet normal 0.923822 -0.382823 0
    outer loop
      vertex 10.636 12.8655 12
      vertex 10.7771 13.206 1.2
      vertex 10.7771 13.206 12
    endloop
  endfacet
  facet normal 0.923822 -0.382823 0
    outer loop
      vertex 10.7771 13.206 1.2
      vertex 10.636 12.8655 12
      vertex 10.636 12.8655 1.2
    endloop
  endfacet
  facet normal -0.923822 0.382823 0
    outer loop
      vertex 13.2229 11.794 1.2
      vertex 13.364 12.1345 12
      vertex 13.364 12.1345 1.2
    endloop
  endfacet
  facet normal -0.923822 0.382823 0
    outer loop
      vertex 13.364 12.1345 12
      vertex 13.2229 11.794 1.2
      vertex 13.2229 11.794 12
    endloop
  endfacet
  facet normal 0.608688 -0.79341 0
    outer loop
      vertex 11.0015 13.4985 1.2
      vertex 11.294 13.7229 12
      vertex 11.0015 13.4985 12
    endloop
  endfacet
  facet normal 0.608688 -0.79341 0
    outer loop
      vertex 11.294 13.7229 12
      vertex 11.0015 13.4985 1.2
      vertex 11.294 13.7229 1.2
    endloop
  endfacet
  facet normal 0.382823 0.923822 -0
    outer loop
      vertex 11.6345 11.136 1.2
      vertex 11.294 11.2771 12
      vertex 11.6345 11.136 12
    endloop
  endfacet
  facet normal 0.382823 0.923822 0
    outer loop
      vertex 11.294 11.2771 12
      vertex 11.6345 11.136 1.2
      vertex 11.294 11.2771 1.2
    endloop
  endfacet
  facet normal -0.608688 0.79341 0
    outer loop
      vertex 12.9985 11.5015 1.2
      vertex 12.706 11.2771 12
      vertex 12.9985 11.5015 12
    endloop
  endfacet
  facet normal -0.608688 0.79341 0
    outer loop
      vertex 12.706 11.2771 12
      vertex 12.9985 11.5015 1.2
      vertex 12.706 11.2771 1.2
    endloop
  endfacet
  facet normal 0.382823 -0.923822 0
    outer loop
      vertex 11.294 13.7229 1.2
      vertex 11.6345 13.864 12
      vertex 11.294 13.7229 12
    endloop
  endfacet
  facet normal 0.382823 -0.923822 0
    outer loop
      vertex 11.6345 13.864 12
      vertex 11.294 13.7229 1.2
      vertex 11.6345 13.864 1.2
    endloop
  endfacet
  facet normal -0.130476 -0.991452 0
    outer loop
      vertex 12 13.9121 1.2
      vertex 12.3655 13.864 12
      vertex 12 13.9121 12
    endloop
  endfacet
  facet normal -0.130476 -0.991452 -0
    outer loop
      vertex 12.3655 13.864 12
      vertex 12 13.9121 1.2
      vertex 12.3655 13.864 1.2
    endloop
  endfacet
  facet normal -0.79341 0.608688 0
    outer loop
      vertex 12.9985 11.5015 1.2
      vertex 13.2229 11.794 12
      vertex 13.2229 11.794 1.2
    endloop
  endfacet
  facet normal -0.79341 0.608688 0
    outer loop
      vertex 13.2229 11.794 12
      vertex 12.9985 11.5015 1.2
      vertex 12.9985 11.5015 12
    endloop
  endfacet
  facet normal -0.382823 -0.923822 0
    outer loop
      vertex 12.3655 13.864 1.2
      vertex 12.706 13.7229 12
      vertex 12.3655 13.864 12
    endloop
  endfacet
  facet normal -0.382823 -0.923822 -0
    outer loop
      vertex 12.706 13.7229 12
      vertex 12.3655 13.864 1.2
      vertex 12.706 13.7229 1.2
    endloop
  endfacet
  facet normal 0.608688 0.79341 -0
    outer loop
      vertex 11.294 11.2771 1.2
      vertex 11.0015 11.5015 12
      vertex 11.294 11.2771 12
    endloop
  endfacet
  facet normal 0.608688 0.79341 0
    outer loop
      vertex 11.0015 11.5015 12
      vertex 11.294 11.2771 1.2
      vertex 11.0015 11.5015 1.2
    endloop
  endfacet
  facet normal 0.991452 0.130476 0
    outer loop
      vertex 10.636 12.1345 12
      vertex 10.5879 12.5 1.2
      vertex 10.5879 12.5 12
    endloop
  endfacet
  facet normal 0.991452 0.130476 0
    outer loop
      vertex 10.5879 12.5 1.2
      vertex 10.636 12.1345 12
      vertex 10.636 12.1345 1.2
    endloop
  endfacet
  facet normal 0 0 1
    outer loop
      vertex 13.364 12.8655 1.2
      vertex 13.364 12.1345 1.2
      vertex 13.4121 12.5 1.2
    endloop
  endfacet
  facet normal 0 0 1
    outer loop
      vertex 13.2229 13.206 1.2
      vertex 13.364 12.1345 1.2
      vertex 13.364 12.8655 1.2
    endloop
  endfacet
  facet normal 0 0 1
    outer loop
      vertex 13.2229 13.206 1.2
      vertex 13.2229 11.794 1.2
      vertex 13.364 12.1345 1.2
    endloop
  endfacet
  facet normal 0 0 1
    outer loop
      vertex 12.9985 13.4985 1.2
      vertex 13.2229 11.794 1.2
      vertex 13.2229 13.206 1.2
    endloop
  endfacet
  facet normal 0 0 1
    outer loop
      vertex 12.9985 13.4985 1.2
      vertex 12.9985 11.5015 1.2
      vertex 13.2229 11.794 1.2
    endloop
  endfacet
  facet normal 0 0 1
    outer loop
      vertex 12.706 13.7229 1.2
      vertex 12.9985 11.5015 1.2
      vertex 12.9985 13.4985 1.2
    endloop
  endfacet
  facet normal 0 0 1
    outer loop
      vertex 12.706 13.7229 1.2
      vertex 12.706 11.2771 1.2
      vertex 12.9985 11.5015 1.2
    endloop
  endfacet
  facet normal 0 0 1
    outer loop
      vertex 12.3655 13.864 1.2
      vertex 12.706 11.2771 1.2
      vertex 12.706 13.7229 1.2
    endloop
  endfacet
  facet normal 0 0 1
    outer loop
      vertex 12.3655 13.864 1.2
      vertex 12.3655 11.136 1.2
      vertex 12.706 11.2771 1.2
    endloop
  endfacet
  facet normal 0 0 1
    outer loop
      vertex 12 13.9121 1.2
      vertex 12.3655 11.136 1.2
      vertex 12.3655 13.864 1.2
    endloop
  endfacet
  facet normal 0 0 1
    outer loop
      vertex 12 13.9121 1.2
      vertex 12 11.0879 1.2
      vertex 12.3655 11.136 1.2
    endloop
  endfacet
  facet normal -0 0 1
    outer loop
      vertex 11.6345 13.864 1.2
      vertex 12 11.0879 1.2
      vertex 12 13.9121 1.2
    endloop
  endfacet
  facet normal 0 0 1
    outer loop
      vertex 11.6345 13.864 1.2
      vertex 11.6345 11.136 1.2
      vertex 12 11.0879 1.2
    endloop
  endfacet
  facet normal -0 0 1
    outer loop
      vertex 11.294 13.7229 1.2
      vertex 11.6345 11.136 1.2
      vertex 11.6345 13.864 1.2
    endloop
  endfacet
  facet normal 0 0 1
    outer loop
      vertex 11.294 13.7229 1.2
      vertex 11.294 11.2771 1.2
      vertex 11.6345 11.136 1.2
    endloop
  endfacet
  facet normal -0 0 1
    outer loop
      vertex 11.0015 13.4985 1.2
      vertex 11.294 11.2771 1.2
      vertex 11.294 13.7229 1.2
    endloop
  endfacet
  facet normal 0 0 1
    outer loop
      vertex 11.0015 13.4985 1.2
      vertex 11.0015 11.5015 1.2
      vertex 11.294 11.2771 1.2
    endloop
  endfacet
  facet normal -0 0 1
    outer loop
      vertex 10.7771 13.206 1.2
      vertex 11.0015 11.5015 1.2
      vertex 11.0015 13.4985 1.2
    endloop
  endfacet
  facet normal 0 0 1
    outer loop
      vertex 10.7771 13.206 1.2
      vertex 10.7771 11.794 1.2
      vertex 11.0015 11.5015 1.2
    endloop
  endfacet
  facet normal -0 0 1
    outer loop
      vertex 10.636 12.8655 1.2
      vertex 10.7771 11.794 1.2
      vertex 10.7771 13.206 1.2
    endloop
  endfacet
  facet normal 0 0 1
    outer loop
      vertex 10.636 12.8655 1.2
      vertex 10.636 12.1345 1.2
      vertex 10.7771 11.794 1.2
    endloop
  endfacet
  facet normal 0 -0 1
    outer loop
      vertex 10.636 12.1345 1.2
      vertex 10.636 12.8655 1.2
      vertex 10.5879 12.5 1.2
    endloop
  endfacet
  facet normal 0.130476 -0.991452 0
    outer loop
      vertex 11.6345 13.864 1.2
      vertex 12 13.9121 12
      vertex 11.6345 13.864 12
    endloop
  endfacet
  facet normal 0.130476 -0.991452 0
    outer loop
      vertex 12 13.9121 12
      vertex 11.6345 13.864 1.2
      vertex 12 13.9121 1.2
    endloop
  endfacet
  facet normal 0.79341 0.608688 0
    outer loop
      vertex 11.0015 11.5015 12
      vertex 10.7771 11.794 1.2
      vertex 10.7771 11.794 12
    endloop
  endfacet
  facet normal 0.79341 0.608688 0
    outer loop
      vertex 10.7771 11.794 1.2
      vertex 11.0015 11.5015 12
      vertex 11.0015 11.5015 1.2
    endloop
  endfacet
  facet normal -0.130476 0.991452 0
    outer loop
      vertex 12.3655 11.136 1.2
      vertex 12 11.0879 12
      vertex 12.3655 11.136 12
    endloop
  endfacet
  facet normal -0.130476 0.991452 0
    outer loop
      vertex 12 11.0879 12
      vertex 12.3655 11.136 1.2
      vertex 12 11.0879 1.2
    endloop
  endfacet
  facet normal 0.991428 -0.130651 0
    outer loop
      vertex 10.5879 179.5 12
      vertex 10.636 179.865 1.2
      vertex 10.636 179.865 12
    endloop
  endfacet
  facet normal 0.991428 -0.130651 0
    outer loop
      vertex 10.636 179.865 1.2
      vertex 10.5879 179.5 12
      vertex 10.5879 179.5 1.2
    endloop
  endfacet
  facet normal -0.92402 -0.382344 0
    outer loop
      vertex 13.364 179.865 1.2
      vertex 13.2229 180.206 12
      vertex 13.2229 180.206 1.2
    endloop
  endfacet
  facet normal -0.92402 -0.382344 0
    outer loop
      vertex 13.2229 180.206 12
      vertex 13.364 179.865 1.2
      vertex 13.364 179.865 12
    endloop
  endfacet
  facet normal -0.991428 -0.130651 0
    outer loop
      vertex 13.4121 179.5 1.2
      vertex 13.364 179.865 12
      vertex 13.364 179.865 1.2
    endloop
  endfacet
  facet normal -0.991428 -0.130651 0
    outer loop
      vertex 13.364 179.865 12
      vertex 13.4121 179.5 1.2
      vertex 13.4121 179.5 12
    endloop
  endfacet
  facet normal -0.792907 -0.609343 0
    outer loop
      vertex 13.2229 180.206 1.2
      vertex 12.9985 180.498 12
      vertex 12.9985 180.498 1.2
    endloop
  endfacet
  facet normal -0.792907 -0.609343 0
    outer loop
      vertex 12.9985 180.498 12
      vertex 13.2229 180.206 1.2
      vertex 13.2229 180.206 12
    endloop
  endfacet
  facet normal -0.991428 0.130651 0
    outer loop
      vertex 13.364 179.135 1.2
      vertex 13.4121 179.5 12
      vertex 13.4121 179.5 1.2
    endloop
  endfacet
  facet normal -0.991428 0.130651 0
    outer loop
      vertex 13.4121 179.5 12
      vertex 13.364 179.135 1.2
      vertex 13.364 179.135 12
    endloop
  endfacet
  facet normal 0.792907 -0.609343 0
    outer loop
      vertex 10.7771 180.206 12
      vertex 11.0015 180.498 1.2
      vertex 11.0015 180.498 12
    endloop
  endfacet
  facet normal 0.792907 -0.609343 0
    outer loop
      vertex 11.0015 180.498 1.2
      vertex 10.7771 180.206 12
      vertex 10.7771 180.206 1.2
    endloop
  endfacet
  facet normal 0.130209 0.991487 -0
    outer loop
      vertex 12 178.088 1.2
      vertex 11.6345 178.136 12
      vertex 12 178.088 12
    endloop
  endfacet
  facet normal 0.130209 0.991487 0
    outer loop
      vertex 11.6345 178.136 12
      vertex 12 178.088 1.2
      vertex 11.6345 178.136 1.2
    endloop
  endfacet
  facet normal 0.382591 0.923918 -0
    outer loop
      vertex 11.6345 178.136 1.2
      vertex 11.294 178.277 12
      vertex 11.6345 178.136 12
    endloop
  endfacet
  facet normal 0.382591 0.923918 0
    outer loop
      vertex 11.294 178.277 12
      vertex 11.6345 178.136 1.2
      vertex 11.294 178.277 1.2
    endloop
  endfacet
  facet normal -0.609711 -0.792624 0
    outer loop
      vertex 12.706 180.723 1.2
      vertex 12.9985 180.498 12
      vertex 12.706 180.723 12
    endloop
  endfacet
  facet normal -0.609711 -0.792624 -0
    outer loop
      vertex 12.9985 180.498 12
      vertex 12.706 180.723 1.2
      vertex 12.9985 180.498 1.2
    endloop
  endfacet
  facet normal 0.92402 0.382344 0
    outer loop
      vertex 10.7771 178.794 12
      vertex 10.636 179.135 1.2
      vertex 10.636 179.135 12
    endloop
  endfacet
  facet normal 0.92402 0.382344 0
    outer loop
      vertex 10.636 179.135 1.2
      vertex 10.7771 178.794 12
      vertex 10.7771 178.794 1.2
    endloop
  endfacet
  facet normal -0.382591 0.923918 0
    outer loop
      vertex 12.706 178.277 1.2
      vertex 12.3655 178.136 12
      vertex 12.706 178.277 12
    endloop
  endfacet
  facet normal -0.382591 0.923918 0
    outer loop
      vertex 12.3655 178.136 12
      vertex 12.706 178.277 1.2
      vertex 12.3655 178.136 1.2
    endloop
  endfacet
  facet normal 0.92402 -0.382344 0
    outer loop
      vertex 10.636 179.865 12
      vertex 10.7771 180.206 1.2
      vertex 10.7771 180.206 12
    endloop
  endfacet
  facet normal 0.92402 -0.382344 0
    outer loop
      vertex 10.7771 180.206 1.2
      vertex 10.636 179.865 12
      vertex 10.636 179.865 1.2
    endloop
  endfacet
  facet normal -0.92402 0.382344 0
    outer loop
      vertex 13.2229 178.794 1.2
      vertex 13.364 179.135 12
      vertex 13.364 179.135 1.2
    endloop
  endfacet
  facet normal -0.92402 0.382344 0
    outer loop
      vertex 13.364 179.135 12
      vertex 13.2229 178.794 1.2
      vertex 13.2229 178.794 12
    endloop
  endfacet
  facet normal 0.609711 -0.792624 0
    outer loop
      vertex 11.0015 180.498 1.2
      vertex 11.294 180.723 12
      vertex 11.0015 180.498 12
    endloop
  endfacet
  facet normal 0.609711 -0.792624 0
    outer loop
      vertex 11.294 180.723 12
      vertex 11.0015 180.498 1.2
      vertex 11.294 180.723 1.2
    endloop
  endfacet
  facet normal -0.609711 0.792624 0
    outer loop
      vertex 12.9985 178.502 1.2
      vertex 12.706 178.277 12
      vertex 12.9985 178.502 12
    endloop
  endfacet
  facet normal -0.609711 0.792624 0
    outer loop
      vertex 12.706 178.277 12
      vertex 12.9985 178.502 1.2
      vertex 12.706 178.277 1.2
    endloop
  endfacet
  facet normal 0.382591 -0.923918 0
    outer loop
      vertex 11.294 180.723 1.2
      vertex 11.6345 180.864 12
      vertex 11.294 180.723 12
    endloop
  endfacet
  facet normal 0.382591 -0.923918 0
    outer loop
      vertex 11.6345 180.864 12
      vertex 11.294 180.723 1.2
      vertex 11.6345 180.864 1.2
    endloop
  endfacet
  facet normal -0.130209 -0.991487 0
    outer loop
      vertex 12 180.912 1.2
      vertex 12.3655 180.864 12
      vertex 12 180.912 12
    endloop
  endfacet
  facet normal -0.130209 -0.991487 -0
    outer loop
      vertex 12.3655 180.864 12
      vertex 12 180.912 1.2
      vertex 12.3655 180.864 1.2
    endloop
  endfacet
  facet normal -0.792907 0.609343 0
    outer loop
      vertex 12.9985 178.502 1.2
      vertex 13.2229 178.794 12
      vertex 13.2229 178.794 1.2
    endloop
  endfacet
  facet normal -0.792907 0.609343 0
    outer loop
      vertex 13.2229 178.794 12
      vertex 12.9985 178.502 1.2
      vertex 12.9985 178.502 12
    endloop
  endfacet
  facet normal -0.382591 -0.923918 0
    outer loop
      vertex 12.3655 180.864 1.2
      vertex 12.706 180.723 12
      vertex 12.3655 180.864 12
    endloop
  endfacet
  facet normal -0.382591 -0.923918 -0
    outer loop
      vertex 12.706 180.723 12
      vertex 12.3655 180.864 1.2
      vertex 12.706 180.723 1.2
    endloop
  endfacet
  facet normal 0.609711 0.792624 -0
    outer loop
      vertex 11.294 178.277 1.2
      vertex 11.0015 178.502 12
      vertex 11.294 178.277 12
    endloop
  endfacet
  facet normal 0.609711 0.792624 0
    outer loop
      vertex 11.0015 178.502 12
      vertex 11.294 178.277 1.2
      vertex 11.0015 178.502 1.2
    endloop
  endfacet
  facet normal 0.991428 0.130651 0
    outer loop
      vertex 10.636 179.135 12
      vertex 10.5879 179.5 1.2
      vertex 10.5879 179.5 12
    endloop
  endfacet
  facet normal 0.991428 0.130651 0
    outer loop
      vertex 10.5879 179.5 1.2
      vertex 10.636 179.135 12
      vertex 10.636 179.135 1.2
    endloop
  endfacet
  facet normal 0 0 1
    outer loop
      vertex 13.364 179.865 1.2
      vertex 13.364 179.135 1.2
      vertex 13.4121 179.5 1.2
    endloop
  endfacet
  facet normal 0 0 1
    outer loop
      vertex 13.2229 180.206 1.2
      vertex 13.364 179.135 1.2
      vertex 13.364 179.865 1.2
    endloop
  endfacet
  facet normal 0 0 1
    outer loop
      vertex 13.2229 180.206 1.2
      vertex 13.2229 178.794 1.2
      vertex 13.364 179.135 1.2
    endloop
  endfacet
  facet normal 0 0 1
    outer loop
      vertex 12.9985 180.498 1.2
      vertex 13.2229 178.794 1.2
      vertex 13.2229 180.206 1.2
    endloop
  endfacet
  facet normal 0 0 1
    outer loop
      vertex 12.9985 180.498 1.2
      vertex 12.9985 178.502 1.2
      vertex 13.2229 178.794 1.2
    endloop
  endfacet
  facet normal 0 0 1
    outer loop
      vertex 12.706 180.723 1.2
      vertex 12.9985 178.502 1.2
      vertex 12.9985 180.498 1.2
    endloop
  endfacet
  facet normal 0 0 1
    outer loop
      vertex 12.706 180.723 1.2
      vertex 12.706 178.277 1.2
      vertex 12.9985 178.502 1.2
    endloop
  endfacet
  facet normal 0 0 1
    outer loop
      vertex 12.3655 180.864 1.2
      vertex 12.706 178.277 1.2
      vertex 12.706 180.723 1.2
    endloop
  endfacet
  facet normal 0 0 1
    outer loop
      vertex 12.3655 180.864 1.2
      vertex 12.3655 178.136 1.2
      vertex 12.706 178.277 1.2
    endloop
  endfacet
  facet normal 0 0 1
    outer loop
      vertex 12 180.912 1.2
      vertex 12.3655 178.136 1.2
      vertex 12.3655 180.864 1.2
    endloop
  endfacet
  facet normal 0 0 1
    outer loop
      vertex 12 180.912 1.2
      vertex 12 178.088 1.2
      vertex 12.3655 178.136 1.2
    endloop
  endfacet
  facet normal -0 0 1
    outer loop
      vertex 11.6345 180.864 1.2
      vertex 12 178.088 1.2
      vertex 12 180.912 1.2
    endloop
  endfacet
  facet normal 0 0 1
    outer loop
      vertex 11.6345 180.864 1.2
      vertex 11.6345 178.136 1.2
      vertex 12 178.088 1.2
    endloop
  endfacet
  facet normal -0 0 1
    outer loop
      vertex 11.294 180.723 1.2
      vertex 11.6345 178.136 1.2
      vertex 11.6345 180.864 1.2
    endloop
  endfacet
  facet normal 0 0 1
    outer loop
      vertex 11.294 180.723 1.2
      vertex 11.294 178.277 1.2
      vertex 11.6345 178.136 1.2
    endloop
  endfacet
  facet normal -0 0 1
    outer loop
      vertex 11.0015 180.498 1.2
      vertex 11.294 178.277 1.2
      vertex 11.294 180.723 1.2
    endloop
  endfacet
  facet normal 0 0 1
    outer loop
      vertex 11.0015 180.498 1.2
      vertex 11.0015 178.502 1.2
      vertex 11.294 178.277 1.2
    endloop
  endfacet
  facet normal -0 0 1
    outer loop
      vertex 10.7771 180.206 1.2
      vertex 11.0015 178.502 1.2
      vertex 11.0015 180.498 1.2
    endloop
  endfacet
  facet normal 0 0 1
    outer loop
      vertex 10.7771 180.206 1.2
      vertex 10.7771 178.794 1.2
      vertex 11.0015 178.502 1.2
    endloop
  endfacet
  facet normal -0 0 1
    outer loop
      vertex 10.636 179.865 1.2
      vertex 10.7771 178.794 1.2
      vertex 10.7771 180.206 1.2
    endloop
  endfacet
  facet normal 0 0 1
    outer loop
      vertex 10.636 179.865 1.2
      vertex 10.636 179.135 1.2
      vertex 10.7771 178.794 1.2
    endloop
  endfacet
  facet normal 0 -0 1
    outer loop
      vertex 10.636 179.135 1.2
      vertex 10.636 179.865 1.2
      vertex 10.5879 179.5 1.2
    endloop
  endfacet
  facet normal 0.130209 -0.991487 0
    outer loop
      vertex 11.6345 180.864 1.2
      vertex 12 180.912 12
      vertex 11.6345 180.864 12
    endloop
  endfacet
  facet normal 0.130209 -0.991487 0
    outer loop
      vertex 12 180.912 12
      vertex 11.6345 180.864 1.2
      vertex 12 180.912 1.2
    endloop
  endfacet
  facet normal 0.792907 0.609343 0
    outer loop
      vertex 11.0015 178.502 12
      vertex 10.7771 178.794 1.2
      vertex 10.7771 178.794 12
    endloop
  endfacet
  facet normal 0.792907 0.609343 0
    outer loop
      vertex 10.7771 178.794 1.2
      vertex 11.0015 178.502 12
      vertex 11.0015 178.502 1.2
    endloop
  endfacet
  facet normal -0.130209 0.991487 0
    outer loop
      vertex 12.3655 178.136 1.2
      vertex 12 178.088 12
      vertex 12.3655 178.136 12
    endloop
  endfacet
  facet normal -0.130209 0.991487 0
    outer loop
      vertex 12 178.088 12
      vertex 12.3655 178.136 1.2
      vertex 12 178.088 1.2
    endloop
  endfacet
  facet normal 0.991487 -0.130209 0
    outer loop
      vertex 127.588 12.5 12
      vertex 127.636 12.8655 1.2
      vertex 127.636 12.8655 12
    endloop
  endfacet
  facet normal 0.991487 -0.130209 0
    outer loop
      vertex 127.636 12.8655 1.2
      vertex 127.588 12.5 12
      vertex 127.588 12.5 1.2
    endloop
  endfacet
  facet normal -0.923918 -0.382591 0
    outer loop
      vertex 130.364 12.8655 1.2
      vertex 130.223 13.206 12
      vertex 130.223 13.206 1.2
    endloop
  endfacet
  facet normal -0.923918 -0.382591 0
    outer loop
      vertex 130.223 13.206 12
      vertex 130.364 12.8655 1.2
      vertex 130.364 12.8655 12
    endloop
  endfacet
  facet normal -0.991487 -0.130209 0
    outer loop
      vertex 130.412 12.5 1.2
      vertex 130.364 12.8655 12
      vertex 130.364 12.8655 1.2
    endloop
  endfacet
  facet normal -0.991487 -0.130209 0
    outer loop
      vertex 130.364 12.8655 12
      vertex 130.412 12.5 1.2
      vertex 130.412 12.5 12
    endloop
  endfacet
  facet normal -0.792624 -0.609711 0
    outer loop
      vertex 130.223 13.206 1.2
      vertex 129.998 13.4985 12
      vertex 129.998 13.4985 1.2
    endloop
  endfacet
  facet normal -0.792624 -0.609711 0
    outer loop
      vertex 129.998 13.4985 12
      vertex 130.223 13.206 1.2
      vertex 130.223 13.206 12
    endloop
  endfacet
  facet normal -0.991487 0.130209 0
    outer loop
      vertex 130.364 12.1345 1.2
      vertex 130.412 12.5 12
      vertex 130.412 12.5 1.2
    endloop
  endfacet
  facet normal -0.991487 0.130209 0
    outer loop
      vertex 130.412 12.5 12
      vertex 130.364 12.1345 1.2
      vertex 130.364 12.1345 12
    endloop
  endfacet
  facet normal 0.792624 -0.609711 0
    outer loop
      vertex 127.777 13.206 12
      vertex 128.002 13.4985 1.2
      vertex 128.002 13.4985 12
    endloop
  endfacet
  facet normal 0.792624 -0.609711 0
    outer loop
      vertex 128.002 13.4985 1.2
      vertex 127.777 13.206 12
      vertex 127.777 13.206 1.2
    endloop
  endfacet
  facet normal 0.130651 0.991428 -0
    outer loop
      vertex 129 11.0879 1.2
      vertex 128.635 11.136 12
      vertex 129 11.0879 12
    endloop
  endfacet
  facet normal 0.130651 0.991428 0
    outer loop
      vertex 128.635 11.136 12
      vertex 129 11.0879 1.2
      vertex 128.635 11.136 1.2
    endloop
  endfacet
  facet normal 0.382344 0.92402 -0
    outer loop
      vertex 128.635 11.136 1.2
      vertex 128.294 11.2771 12
      vertex 128.635 11.136 12
    endloop
  endfacet
  facet normal 0.382344 0.92402 0
    outer loop
      vertex 128.294 11.2771 12
      vertex 128.635 11.136 1.2
      vertex 128.294 11.2771 1.2
    endloop
  endfacet
  facet normal -0.609343 -0.792907 0
    outer loop
      vertex 129.706 13.7229 1.2
      vertex 129.998 13.4985 12
      vertex 129.706 13.7229 12
    endloop
  endfacet
  facet normal -0.609343 -0.792907 -0
    outer loop
      vertex 129.998 13.4985 12
      vertex 129.706 13.7229 1.2
      vertex 129.998 13.4985 1.2
    endloop
  endfacet
  facet normal 0.923918 0.382591 0
    outer loop
      vertex 127.777 11.794 12
      vertex 127.636 12.1345 1.2
      vertex 127.636 12.1345 12
    endloop
  endfacet
  facet normal 0.923918 0.382591 0
    outer loop
      vertex 127.636 12.1345 1.2
      vertex 127.777 11.794 12
      vertex 127.777 11.794 1.2
    endloop
  endfacet
  facet normal -0.382344 0.92402 0
    outer loop
      vertex 129.706 11.2771 1.2
      vertex 129.365 11.136 12
      vertex 129.706 11.2771 12
    endloop
  endfacet
  facet normal -0.382344 0.92402 0
    outer loop
      vertex 129.365 11.136 12
      vertex 129.706 11.2771 1.2
      vertex 129.365 11.136 1.2
    endloop
  endfacet
  facet normal 0.923918 -0.382591 0
    outer loop
      vertex 127.636 12.8655 12
      vertex 127.777 13.206 1.2
      vertex 127.777 13.206 12
    endloop
  endfacet
  facet normal 0.923918 -0.382591 0
    outer loop
      vertex 127.777 13.206 1.2
      vertex 127.636 12.8655 12
      vertex 127.636 12.8655 1.2
    endloop
  endfacet
  facet normal -0.923918 0.382591 0
    outer loop
      vertex 130.223 11.794 1.2
      vertex 130.364 12.1345 12
      vertex 130.364 12.1345 1.2
    endloop
  endfacet
  facet normal -0.923918 0.382591 0
    outer loop
      vertex 130.364 12.1345 12
      vertex 130.223 11.794 1.2
      vertex 130.223 11.794 12
    endloop
  endfacet
  facet normal 0.609343 -0.792907 0
    outer loop
      vertex 128.002 13.4985 1.2
      vertex 128.294 13.7229 12
      vertex 128.002 13.4985 12
    endloop
  endfacet
  facet normal 0.609343 -0.792907 0
    outer loop
      vertex 128.294 13.7229 12
      vertex 128.002 13.4985 1.2
      vertex 128.294 13.7229 1.2
    endloop
  endfacet
  facet normal -0.609343 0.792907 0
    outer loop
      vertex 129.998 11.5015 1.2
      vertex 129.706 11.2771 12
      vertex 129.998 11.5015 12
    endloop
  endfacet
  facet normal -0.609343 0.792907 0
    outer loop
      vertex 129.706 11.2771 12
      vertex 129.998 11.5015 1.2
      vertex 129.706 11.2771 1.2
    endloop
  endfacet
  facet normal 0.382344 -0.92402 0
    outer loop
      vertex 128.294 13.7229 1.2
      vertex 128.635 13.864 12
      vertex 128.294 13.7229 12
    endloop
  endfacet
  facet normal 0.382344 -0.92402 0
    outer loop
      vertex 128.635 13.864 12
      vertex 128.294 13.7229 1.2
      vertex 128.635 13.864 1.2
    endloop
  endfacet
  facet normal -0.130651 -0.991428 0
    outer loop
      vertex 129 13.9121 1.2
      vertex 129.365 13.864 12
      vertex 129 13.9121 12
    endloop
  endfacet
  facet normal -0.130651 -0.991428 -0
    outer loop
      vertex 129.365 13.864 12
      vertex 129 13.9121 1.2
      vertex 129.365 13.864 1.2
    endloop
  endfacet
  facet normal -0.792624 0.609711 0
    outer loop
      vertex 129.998 11.5015 1.2
      vertex 130.223 11.794 12
      vertex 130.223 11.794 1.2
    endloop
  endfacet
  facet normal -0.792624 0.609711 0
    outer loop
      vertex 130.223 11.794 12
      vertex 129.998 11.5015 1.2
      vertex 129.998 11.5015 12
    endloop
  endfacet
  facet normal -0.382344 -0.92402 0
    outer loop
      vertex 129.365 13.864 1.2
      vertex 129.706 13.7229 12
      vertex 129.365 13.864 12
    endloop
  endfacet
  facet normal -0.382344 -0.92402 -0
    outer loop
      vertex 129.706 13.7229 12
      vertex 129.365 13.864 1.2
      vertex 129.706 13.7229 1.2
    endloop
  endfacet
  facet normal 0.609343 0.792907 -0
    outer loop
      vertex 128.294 11.2771 1.2
      vertex 128.002 11.5015 12
      vertex 128.294 11.2771 12
    endloop
  endfacet
  facet normal 0.609343 0.792907 0
    outer loop
      vertex 128.002 11.5015 12
      vertex 128.294 11.2771 1.2
      vertex 128.002 11.5015 1.2
    endloop
  endfacet
  facet normal 0.991487 0.130209 0
    outer loop
      vertex 127.636 12.1345 12
      vertex 127.588 12.5 1.2
      vertex 127.588 12.5 12
    endloop
  endfacet
  facet normal 0.991487 0.130209 0
    outer loop
      vertex 127.588 12.5 1.2
      vertex 127.636 12.1345 12
      vertex 127.636 12.1345 1.2
    endloop
  endfacet
  facet normal 0 0 1
    outer loop
      vertex 130.364 12.8655 1.2
      vertex 130.364 12.1345 1.2
      vertex 130.412 12.5 1.2
    endloop
  endfacet
  facet normal 0 0 1
    outer loop
      vertex 130.223 13.206 1.2
      vertex 130.364 12.1345 1.2
      vertex 130.364 12.8655 1.2
    endloop
  endfacet
  facet normal 0 0 1
    outer loop
      vertex 130.223 13.206 1.2
      vertex 130.223 11.794 1.2
      vertex 130.364 12.1345 1.2
    endloop
  endfacet
  facet normal 0 0 1
    outer loop
      vertex 129.998 13.4985 1.2
      vertex 130.223 11.794 1.2
      vertex 130.223 13.206 1.2
    endloop
  endfacet
  facet normal 0 0 1
    outer loop
      vertex 129.998 13.4985 1.2
      vertex 129.998 11.5015 1.2
      vertex 130.223 11.794 1.2
    endloop
  endfacet
  facet normal 0 0 1
    outer loop
      vertex 129.706 13.7229 1.2
      vertex 129.998 11.5015 1.2
      vertex 129.998 13.4985 1.2
    endloop
  endfacet
  facet normal 0 0 1
    outer loop
      vertex 129.706 13.7229 1.2
      vertex 129.706 11.2771 1.2
      vertex 129.998 11.5015 1.2
    endloop
  endfacet
  facet normal 0 0 1
    outer loop
      vertex 129.365 13.864 1.2
      vertex 129.706 11.2771 1.2
      vertex 129.706 13.7229 1.2
    endloop
  endfacet
  facet normal 0 0 1
    outer loop
      vertex 129.365 13.864 1.2
      vertex 129.365 11.136 1.2
      vertex 129.706 11.2771 1.2
    endloop
  endfacet
  facet normal 0 0 1
    outer loop
      vertex 129 13.9121 1.2
      vertex 129.365 11.136 1.2
      vertex 129.365 13.864 1.2
    endloop
  endfacet
  facet normal 0 0 1
    outer loop
      vertex 129 13.9121 1.2
      vertex 129 11.0879 1.2
      vertex 129.365 11.136 1.2
    endloop
  endfacet
  facet normal -0 0 1
    outer loop
      vertex 128.635 13.864 1.2
      vertex 129 11.0879 1.2
      vertex 129 13.9121 1.2
    endloop
  endfacet
  facet normal 0 0 1
    outer loop
      vertex 128.635 13.864 1.2
      vertex 128.635 11.136 1.2
      vertex 129 11.0879 1.2
    endloop
  endfacet
  facet normal -0 0 1
    outer loop
      vertex 128.294 13.7229 1.2
      vertex 128.635 11.136 1.2
      vertex 128.635 13.864 1.2
    endloop
  endfacet
  facet normal 0 0 1
    outer loop
      vertex 128.294 13.7229 1.2
      vertex 128.294 11.2771 1.2
      vertex 128.635 11.136 1.2
    endloop
  endfacet
  facet normal -0 0 1
    outer loop
      vertex 128.002 13.4985 1.2
      vertex 128.294 11.2771 1.2
      vertex 128.294 13.7229 1.2
    endloop
  endfacet
  facet normal 0 0 1
    outer loop
      vertex 128.002 13.4985 1.2
      vertex 128.002 11.5015 1.2
      vertex 128.294 11.2771 1.2
    endloop
  endfacet
  facet normal -0 0 1
    outer loop
      vertex 127.777 13.206 1.2
      vertex 128.002 11.5015 1.2
      vertex 128.002 13.4985 1.2
    endloop
  endfacet
  facet normal 0 0 1
    outer loop
      vertex 127.777 13.206 1.2
      vertex 127.777 11.794 1.2
      vertex 128.002 11.5015 1.2
    endloop
  endfacet
  facet normal -0 0 1
    outer loop
      vertex 127.636 12.8655 1.2
      vertex 127.777 11.794 1.2
      vertex 127.777 13.206 1.2
    endloop
  endfacet
  facet normal 0 0 1
    outer loop
      vertex 127.636 12.8655 1.2
      vertex 127.636 12.1345 1.2
      vertex 127.777 11.794 1.2
    endloop
  endfacet
  facet normal 0 -0 1
    outer loop
      vertex 127.636 12.1345 1.2
      vertex 127.636 12.8655 1.2
      vertex 127.588 12.5 1.2
    endloop
  endfacet
  facet normal 0.130651 -0.991428 0
    outer loop
      vertex 128.635 13.864 1.2
      vertex 129 13.9121 12
      vertex 128.635 13.864 12
    endloop
  endfacet
  facet normal 0.130651 -0.991428 0
    outer loop
      vertex 129 13.9121 12
      vertex 128.635 13.864 1.2
      vertex 129 13.9121 1.2
    endloop
  endfacet
  facet normal 0.792624 0.609711 0
    outer loop
      vertex 128.002 11.5015 12
      vertex 127.777 11.794 1.2
      vertex 127.777 11.794 12
    endloop
  endfacet
  facet normal 0.792624 0.609711 0
    outer loop
      vertex 127.777 11.794 1.2
      vertex 128.002 11.5015 12
      vertex 128.002 11.5015 1.2
    endloop
  endfacet
  facet normal -0.130651 0.991428 0
    outer loop
      vertex 129.365 11.136 1.2
      vertex 129 11.0879 12
      vertex 129.365 11.136 12
    endloop
  endfacet
  facet normal -0.130651 0.991428 0
    outer loop
      vertex 129 11.0879 12
      vertex 129.365 11.136 1.2
      vertex 129 11.0879 1.2
    endloop
  endfacet
  facet normal 0.991464 -0.130384 0
    outer loop
      vertex 127.588 179.5 12
      vertex 127.636 179.865 1.2
      vertex 127.636 179.865 12
    endloop
  endfacet
  facet normal 0.991464 -0.130384 0
    outer loop
      vertex 127.636 179.865 1.2
      vertex 127.588 179.5 12
      vertex 127.588 179.5 1.2
    endloop
  endfacet
  facet normal -0.924116 -0.382112 0
    outer loop
      vertex 130.364 179.865 1.2
      vertex 130.223 180.206 12
      vertex 130.223 180.206 1.2
    endloop
  endfacet
  facet normal -0.924116 -0.382112 0
    outer loop
      vertex 130.223 180.206 12
      vertex 130.364 179.865 1.2
      vertex 130.364 179.865 12
    endloop
  endfacet
  facet normal -0.991464 -0.130384 0
    outer loop
      vertex 130.412 179.5 1.2
      vertex 130.364 179.865 12
      vertex 130.364 179.865 1.2
    endloop
  endfacet
  facet normal -0.991464 -0.130384 0
    outer loop
      vertex 130.364 179.865 12
      vertex 130.412 179.5 1.2
      vertex 130.412 179.5 12
    endloop
  endfacet
  facet normal -0.792119 -0.610366 0
    outer loop
      vertex 130.223 180.206 1.2
      vertex 129.998 180.498 12
      vertex 129.998 180.498 1.2
    endloop
  endfacet
  facet normal -0.792119 -0.610366 0
    outer loop
      vertex 129.998 180.498 12
      vertex 130.223 180.206 1.2
      vertex 130.223 180.206 12
    endloop
  endfacet
  facet normal -0.991464 0.130384 0
    outer loop
      vertex 130.364 179.135 1.2
      vertex 130.412 179.5 12
      vertex 130.412 179.5 1.2
    endloop
  endfacet
  facet normal -0.991464 0.130384 0
    outer loop
      vertex 130.412 179.5 12
      vertex 130.364 179.135 1.2
      vertex 130.364 179.135 12
    endloop
  endfacet
  facet normal 0.792119 -0.610366 0
    outer loop
      vertex 127.777 180.206 12
      vertex 128.002 180.498 1.2
      vertex 128.002 180.498 12
    endloop
  endfacet
  facet normal 0.792119 -0.610366 0
    outer loop
      vertex 128.002 180.498 1.2
      vertex 127.777 180.206 12
      vertex 127.777 180.206 1.2
    endloop
  endfacet
  facet normal 0.130384 0.991464 -0
    outer loop
      vertex 129 178.088 1.2
      vertex 128.635 178.136 12
      vertex 129 178.088 12
    endloop
  endfacet
  facet normal 0.130384 0.991464 0
    outer loop
      vertex 128.635 178.136 12
      vertex 129 178.088 1.2
      vertex 128.635 178.136 1.2
    endloop
  endfacet
  facet normal 0.382112 0.924116 -0
    outer loop
      vertex 128.635 178.136 1.2
      vertex 128.294 178.277 12
      vertex 128.635 178.136 12
    endloop
  endfacet
  facet normal 0.382112 0.924116 0
    outer loop
      vertex 128.294 178.277 12
      vertex 128.635 178.136 1.2
      vertex 128.294 178.277 1.2
    endloop
  endfacet
  facet normal -0.610366 -0.792119 0
    outer loop
      vertex 129.706 180.723 1.2
      vertex 129.998 180.498 12
      vertex 129.706 180.723 12
    endloop
  endfacet
  facet normal -0.610366 -0.792119 -0
    outer loop
      vertex 129.998 180.498 12
      vertex 129.706 180.723 1.2
      vertex 129.998 180.498 1.2
    endloop
  endfacet
  facet normal 0.924116 0.382112 0
    outer loop
      vertex 127.777 178.794 12
      vertex 127.636 179.135 1.2
      vertex 127.636 179.135 12
    endloop
  endfacet
  facet normal 0.924116 0.382112 0
    outer loop
      vertex 127.636 179.135 1.2
      vertex 127.777 178.794 12
      vertex 127.777 178.794 1.2
    endloop
  endfacet
  facet normal -0.382112 0.924116 0
    outer loop
      vertex 129.706 178.277 1.2
      vertex 129.365 178.136 12
      vertex 129.706 178.277 12
    endloop
  endfacet
  facet normal -0.382112 0.924116 0
    outer loop
      vertex 129.365 178.136 12
      vertex 129.706 178.277 1.2
      vertex 129.365 178.136 1.2
    endloop
  endfacet
  facet normal 0.924116 -0.382112 0
    outer loop
      vertex 127.636 179.865 12
      vertex 127.777 180.206 1.2
      vertex 127.777 180.206 12
    endloop
  endfacet
  facet normal 0.924116 -0.382112 0
    outer loop
      vertex 127.777 180.206 1.2
      vertex 127.636 179.865 12
      vertex 127.636 179.865 1.2
    endloop
  endfacet
  facet normal -0.924116 0.382112 0
    outer loop
      vertex 130.223 178.794 1.2
      vertex 130.364 179.135 12
      vertex 130.364 179.135 1.2
    endloop
  endfacet
  facet normal -0.924116 0.382112 0
    outer loop
      vertex 130.364 179.135 12
      vertex 130.223 178.794 1.2
      vertex 130.223 178.794 12
    endloop
  endfacet
  facet normal 0.610366 -0.792119 0
    outer loop
      vertex 128.002 180.498 1.2
      vertex 128.294 180.723 12
      vertex 128.002 180.498 12
    endloop
  endfacet
  facet normal 0.610366 -0.792119 0
    outer loop
      vertex 128.294 180.723 12
      vertex 128.002 180.498 1.2
      vertex 128.294 180.723 1.2
    endloop
  endfacet
  facet normal -0.610366 0.792119 0
    outer loop
      vertex 129.998 178.502 1.2
      vertex 129.706 178.277 12
      vertex 129.998 178.502 12
    endloop
  endfacet
  facet normal -0.610366 0.792119 0
    outer loop
      vertex 129.706 178.277 12
      vertex 129.998 178.502 1.2
      vertex 129.706 178.277 1.2
    endloop
  endfacet
  facet normal 0.382112 -0.924116 0
    outer loop
      vertex 128.294 180.723 1.2
      vertex 128.635 180.864 12
      vertex 128.294 180.723 12
    endloop
  endfacet
  facet normal 0.382112 -0.924116 0
    outer loop
      vertex 128.635 180.864 12
      vertex 128.294 180.723 1.2
      vertex 128.635 180.864 1.2
    endloop
  endfacet
  facet normal -0.130384 -0.991464 0
    outer loop
      vertex 129 180.912 1.2
      vertex 129.365 180.864 12
      vertex 129 180.912 12
    endloop
  endfacet
  facet normal -0.130384 -0.991464 -0
    outer loop
      vertex 129.365 180.864 12
      vertex 129 180.912 1.2
      vertex 129.365 180.864 1.2
    endloop
  endfacet
  facet normal -0.792119 0.610366 0
    outer loop
      vertex 129.998 178.502 1.2
      vertex 130.223 178.794 12
      vertex 130.223 178.794 1.2
    endloop
  endfacet
  facet normal -0.792119 0.610366 0
    outer loop
      vertex 130.223 178.794 12
      vertex 129.998 178.502 1.2
      vertex 129.998 178.502 12
    endloop
  endfacet
  facet normal -0.382112 -0.924116 0
    outer loop
      vertex 129.365 180.864 1.2
      vertex 129.706 180.723 12
      vertex 129.365 180.864 12
    endloop
  endfacet
  facet normal -0.382112 -0.924116 -0
    outer loop
      vertex 129.706 180.723 12
      vertex 129.365 180.864 1.2
      vertex 129.706 180.723 1.2
    endloop
  endfacet
  facet normal 0.610366 0.792119 -0
    outer loop
      vertex 128.294 178.277 1.2
      vertex 128.002 178.502 12
      vertex 128.294 178.277 12
    endloop
  endfacet
  facet normal 0.610366 0.792119 0
    outer loop
      vertex 128.002 178.502 12
      vertex 128.294 178.277 1.2
      vertex 128.002 178.502 1.2
    endloop
  endfacet
  facet normal 0.991464 0.130384 0
    outer loop
      vertex 127.636 179.135 12
      vertex 127.588 179.5 1.2
      vertex 127.588 179.5 12
    endloop
  endfacet
  facet normal 0.991464 0.130384 0
    outer loop
      vertex 127.588 179.5 1.2
      vertex 127.636 179.135 12
      vertex 127.636 179.135 1.2
    endloop
  endfacet
  facet normal 0 0 1
    outer loop
      vertex 130.364 179.865 1.2
      vertex 130.364 179.135 1.2
      vertex 130.412 179.5 1.2
    endloop
  endfacet
  facet normal 0 0 1
    outer loop
      vertex 130.223 180.206 1.2
      vertex 130.364 179.135 1.2
      vertex 130.364 179.865 1.2
    endloop
  endfacet
  facet normal 0 0 1
    outer loop
      vertex 130.223 180.206 1.2
      vertex 130.223 178.794 1.2
      vertex 130.364 179.135 1.2
    endloop
  endfacet
  facet normal 0 0 1
    outer loop
      vertex 129.998 180.498 1.2
      vertex 130.223 178.794 1.2
      vertex 130.223 180.206 1.2
    endloop
  endfacet
  facet normal 0 0 1
    outer loop
      vertex 129.998 180.498 1.2
      vertex 129.998 178.502 1.2
      vertex 130.223 178.794 1.2
    endloop
  endfacet
  facet normal 0 0 1
    outer loop
      vertex 129.706 180.723 1.2
      vertex 129.998 178.502 1.2
      vertex 129.998 180.498 1.2
    endloop
  endfacet
  facet normal 0 0 1
    outer loop
      vertex 129.706 180.723 1.2
      vertex 129.706 178.277 1.2
      vertex 129.998 178.502 1.2
    endloop
  endfacet
  facet normal 0 0 1
    outer loop
      vertex 129.365 180.864 1.2
      vertex 129.706 178.277 1.2
      vertex 129.706 180.723 1.2
    endloop
  endfacet
  facet normal 0 0 1
    outer loop
      vertex 129.365 180.864 1.2
      vertex 129.365 178.136 1.2
      vertex 129.706 178.277 1.2
    endloop
  endfacet
  facet normal 0 0 1
    outer loop
      vertex 129 180.912 1.2
      vertex 129.365 178.136 1.2
      vertex 129.365 180.864 1.2
    endloop
  endfacet
  facet normal 0 0 1
    outer loop
      vertex 129 180.912 1.2
      vertex 129 178.088 1.2
      vertex 129.365 178.136 1.2
    endloop
  endfacet
  facet normal -0 0 1
    outer loop
      vertex 128.635 180.864 1.2
      vertex 129 178.088 1.2
      vertex 129 180.912 1.2
    endloop
  endfacet
  facet normal 0 0 1
    outer loop
      vertex 128.635 180.864 1.2
      vertex 128.635 178.136 1.2
      vertex 129 178.088 1.2
    endloop
  endfacet
  facet normal -0 0 1
    outer loop
      vertex 128.294 180.723 1.2
      vertex 128.635 178.136 1.2
      vertex 128.635 180.864 1.2
    endloop
  endfacet
  facet normal 0 0 1
    outer loop
      vertex 128.294 180.723 1.2
      vertex 128.294 178.277 1.2
      vertex 128.635 178.136 1.2
    endloop
  endfacet
  facet normal -0 0 1
    outer loop
      vertex 128.002 180.498 1.2
      vertex 128.294 178.277 1.2
      vertex 128.294 180.723 1.2
    endloop
  endfacet
  facet normal 0 0 1
    outer loop
      vertex 128.002 180.498 1.2
      vertex 128.002 178.502 1.2
      vertex 128.294 178.277 1.2
    endloop
  endfacet
  facet normal -0 0 1
    outer loop
      vertex 127.777 180.206 1.2
      vertex 128.002 178.502 1.2
      vertex 128.002 180.498 1.2
    endloop
  endfacet
  facet normal 0 0 1
    outer loop
      vertex 127.777 180.206 1.2
      vertex 127.777 178.794 1.2
      vertex 128.002 178.502 1.2
    endloop
  endfacet
  facet normal -0 0 1
    outer loop
      vertex 127.636 179.865 1.2
      vertex 127.777 178.794 1.2
      vertex 127.777 180.206 1.2
    endloop
  endfacet
  facet normal 0 0 1
    outer loop
      vertex 127.636 179.865 1.2
      vertex 127.636 179.135 1.2
      vertex 127.777 178.794 1.2
    endloop
  endfacet
  facet normal 0 -0 1
    outer loop
      vertex 127.636 179.135 1.2
      vertex 127.636 179.865 1.2
      vertex 127.588 179.5 1.2
    endloop
  endfacet
  facet normal 0.130384 -0.991464 0
    outer loop
      vertex 128.635 180.864 1.2
      vertex 129 180.912 12
      vertex 128.635 180.864 12
    endloop
  endfacet
  facet normal 0.130384 -0.991464 0
    outer loop
      vertex 129 180.912 12
      vertex 128.635 180.864 1.2
      vertex 129 180.912 1.2
    endloop
  endfacet
  facet normal 0.792119 0.610366 0
    outer loop
      vertex 128.002 178.502 12
      vertex 127.777 178.794 1.2
      vertex 127.777 178.794 12
    endloop
  endfacet
  facet normal 0.792119 0.610366 0
    outer loop
      vertex 127.777 178.794 1.2
      vertex 128.002 178.502 12
      vertex 128.002 178.502 1.2
    endloop
  endfacet
  facet normal -0.130384 0.991464 0
    outer loop
      vertex 129.365 178.136 1.2
      vertex 129 178.088 12
      vertex 129.365 178.136 12
    endloop
  endfacet
  facet normal -0.130384 0.991464 0
    outer loop
      vertex 129 178.088 12
      vertex 129.365 178.136 1.2
      vertex 129 178.088 1.2
    endloop
  endfacet
  facet normal 0 -0.130686 -0.991424
    outer loop
      vertex 139 60.25 11.9647
      vertex 143 60.6938 11.9062
      vertex 143 60.25 11.9647
    endloop
  endfacet
  facet normal -0 -0.130686 -0.991424
    outer loop
      vertex 143 60.6938 11.9062
      vertex 139 60.25 11.9647
      vertex 139 60.6938 11.9062
    endloop
  endfacet
  facet normal 0 -0.608685 0.793412
    outer loop
      vertex 139 61.4625 9.03755
      vertex 143 61.1073 8.76505
      vertex 143 61.4625 9.03755
    endloop
  endfacet
  facet normal 0 -0.608685 0.793412
    outer loop
      vertex 143 61.1073 8.76505
      vertex 139 61.4625 9.03755
      vertex 139 61.1073 8.76505
    endloop
  endfacet
  facet normal -0 0.608685 0.793412
    outer loop
      vertex 139 59.3927 8.76505
      vertex 143 59.0375 9.03755
      vertex 143 59.3927 8.76505
    endloop
  endfacet
  facet normal 0 0.608685 0.793412
    outer loop
      vertex 143 59.0375 9.03755
      vertex 139 59.3927 8.76505
      vertex 139 59.0375 9.03755
    endloop
  endfacet
  facet normal 0 0.608544 -0.79352
    outer loop
      vertex 139 59.0375 11.4625
      vertex 143 59.3927 11.7349
      vertex 143 59.0375 11.4625
    endloop
  endfacet
  facet normal 0 0.608544 -0.79352
    outer loop
      vertex 143 59.3927 11.7349
      vertex 139 59.0375 11.4625
      vertex 139 59.3927 11.7349
    endloop
  endfacet
  facet normal 0 -0.130532 0.991444
    outer loop
      vertex 139 60.6938 8.59376
      vertex 143 60.25 8.53533
      vertex 143 60.6938 8.59376
    endloop
  endfacet
  facet normal 0 -0.130532 0.991444
    outer loop
      vertex 143 60.25 8.53533
      vertex 139 60.6938 8.59376
      vertex 139 60.25 8.53533
    endloop
  endfacet
  facet normal 0 -0.793446 0.608641
    outer loop
      vertex 139 61.4625 9.03755
      vertex 143 61.7349 9.39266
      vertex 139 61.7349 9.39266
    endloop
  endfacet
  facet normal 0 -0.793446 0.608641
    outer loop
      vertex 143 61.7349 9.39266
      vertex 139 61.4625 9.03755
      vertex 143 61.4625 9.03755
    endloop
  endfacet
  facet normal 0 -0.608544 -0.79352
    outer loop
      vertex 139 61.1073 11.7349
      vertex 143 61.4625 11.4625
      vertex 143 61.1073 11.7349
    endloop
  endfacet
  facet normal -0 -0.608544 -0.79352
    outer loop
      vertex 143 61.4625 11.4625
      vertex 139 61.1073 11.7349
      vertex 139 61.4625 11.4625
    endloop
  endfacet
  facet normal 0 0.382727 -0.923862
    outer loop
      vertex 139 59.3927 11.7349
      vertex 143 59.8062 11.9062
      vertex 143 59.3927 11.7349
    endloop
  endfacet
  facet normal 0 0.382727 -0.923862
    outer loop
      vertex 143 59.8062 11.9062
      vertex 139 59.3927 11.7349
      vertex 139 59.8062 11.9062
    endloop
  endfacet
  facet normal 0 0.923878 0.382687
    outer loop
      vertex 143 58.7651 9.39266
      vertex 139 58.5938 9.80621
      vertex 143 58.5938 9.80621
    endloop
  endfacet
  facet normal 0 0.923878 0.382687
    outer loop
      vertex 139 58.5938 9.80621
      vertex 143 58.7651 9.39266
      vertex 139 58.7651 9.39266
    endloop
  endfacet
  facet normal 0 0.991424 -0.130686
    outer loop
      vertex 143 58.5353 10.25
      vertex 139 58.5938 10.6938
      vertex 143 58.5938 10.6938
    endloop
  endfacet
  facet normal 0 0.991424 -0.130686
    outer loop
      vertex 139 58.5938 10.6938
      vertex 143 58.5353 10.25
      vertex 139 58.5353 10.25
    endloop
  endfacet
  facet normal 0 0.130686 -0.991424
    outer loop
      vertex 139 59.8062 11.9062
      vertex 143 60.25 11.9647
      vertex 143 59.8062 11.9062
    endloop
  endfacet
  facet normal 0 0.130686 -0.991424
    outer loop
      vertex 143 60.25 11.9647
      vertex 139 59.8062 11.9062
      vertex 139 60.25 11.9647
    endloop
  endfacet
  facet normal 0 0.793446 0.608641
    outer loop
      vertex 143 59.0375 9.03755
      vertex 139 58.7651 9.39266
      vertex 143 58.7651 9.39266
    endloop
  endfacet
  facet normal 0 0.793446 0.608641
    outer loop
      vertex 139 58.7651 9.39266
      vertex 143 59.0375 9.03755
      vertex 139 59.0375 9.03755
    endloop
  endfacet
  facet normal 0 -0.991424 -0.130686
    outer loop
      vertex 139 61.9647 10.25
      vertex 143 61.9062 10.6938
      vertex 139 61.9062 10.6938
    endloop
  endfacet
  facet normal 0 -0.991424 -0.130686
    outer loop
      vertex 143 61.9062 10.6938
      vertex 139 61.9647 10.25
      vertex 143 61.9647 10.25
    endloop
  endfacet
  facet normal 0 0.991423 0.130689
    outer loop
      vertex 143 58.5938 9.80621
      vertex 139 58.5353 10.25
      vertex 143 58.5353 10.25
    endloop
  endfacet
  facet normal 0 0.991423 0.130689
    outer loop
      vertex 139 58.5353 10.25
      vertex 143 58.5938 9.80621
      vertex 139 58.5938 9.80621
    endloop
  endfacet
  facet normal -0 0.130532 0.991444
    outer loop
      vertex 139 60.25 8.53533
      vertex 143 59.8062 8.59376
      vertex 143 60.25 8.53533
    endloop
  endfacet
  facet normal 0 0.130532 0.991444
    outer loop
      vertex 143 59.8062 8.59376
      vertex 139 60.25 8.53533
      vertex 139 59.8062 8.59376
    endloop
  endfacet
  facet normal 0 -0.382708 0.92387
    outer loop
      vertex 139 61.1073 8.76505
      vertex 143 60.6938 8.59376
      vertex 143 61.1073 8.76505
    endloop
  endfacet
  facet normal 0 -0.382708 0.92387
    outer loop
      vertex 143 60.6938 8.59376
      vertex 139 61.1073 8.76505
      vertex 139 60.6938 8.59376
    endloop
  endfacet
  facet normal -0 0.382708 0.92387
    outer loop
      vertex 139 59.8062 8.59376
      vertex 143 59.3927 8.76505
      vertex 143 59.8062 8.59376
    endloop
  endfacet
  facet normal 0 0.382708 0.92387
    outer loop
      vertex 143 59.3927 8.76505
      vertex 139 59.8062 8.59376
      vertex 139 59.3927 8.76505
    endloop
  endfacet
  facet normal 0 -0.991423 0.130689
    outer loop
      vertex 139 61.9062 9.80621
      vertex 143 61.9647 10.25
      vertex 139 61.9647 10.25
    endloop
  endfacet
  facet normal 0 -0.991423 0.130689
    outer loop
      vertex 143 61.9647 10.25
      vertex 139 61.9062 9.80621
      vertex 143 61.9062 9.80621
    endloop
  endfacet
  facet normal 0 0.923862 -0.382727
    outer loop
      vertex 143 58.5938 10.6938
      vertex 139 58.7651 11.1073
      vertex 143 58.7651 11.1073
    endloop
  endfacet
  facet normal 0 0.923862 -0.382727
    outer loop
      vertex 139 58.7651 11.1073
      vertex 143 58.5938 10.6938
      vertex 139 58.5938 10.6938
    endloop
  endfacet
  facet normal 0 -0.923862 -0.382727
    outer loop
      vertex 139 61.9062 10.6938
      vertex 143 61.7349 11.1073
      vertex 139 61.7349 11.1073
    endloop
  endfacet
  facet normal 0 -0.923862 -0.382727
    outer loop
      vertex 143 61.7349 11.1073
      vertex 139 61.9062 10.6938
      vertex 143 61.9062 10.6938
    endloop
  endfacet
  facet normal 0 -0.79352 -0.608544
    outer loop
      vertex 139 61.7349 11.1073
      vertex 143 61.4625 11.4625
      vertex 139 61.4625 11.4625
    endloop
  endfacet
  facet normal 0 -0.79352 -0.608544
    outer loop
      vertex 143 61.4625 11.4625
      vertex 139 61.7349 11.1073
      vertex 143 61.7349 11.1073
    endloop
  endfacet
  facet normal 0 -0.923878 0.382687
    outer loop
      vertex 139 61.7349 9.39266
      vertex 143 61.9062 9.80621
      vertex 139 61.9062 9.80621
    endloop
  endfacet
  facet normal 0 -0.923878 0.382687
    outer loop
      vertex 143 61.9062 9.80621
      vertex 139 61.7349 9.39266
      vertex 143 61.7349 9.39266
    endloop
  endfacet
  facet normal 0 0.79352 -0.608544
    outer loop
      vertex 143 58.7651 11.1073
      vertex 139 59.0375 11.4625
      vertex 143 59.0375 11.4625
    endloop
  endfacet
  facet normal 0 0.79352 -0.608544
    outer loop
      vertex 139 59.0375 11.4625
      vertex 143 58.7651 11.1073
      vertex 139 58.7651 11.1073
    endloop
  endfacet
  facet normal 0 -0.382727 -0.923862
    outer loop
      vertex 139 60.6938 11.9062
      vertex 143 61.1073 11.7349
      vertex 143 60.6938 11.9062
    endloop
  endfacet
  facet normal -0 -0.382727 -0.923862
    outer loop
      vertex 143 61.1073 11.7349
      vertex 139 60.6938 11.9062
      vertex 139 61.1073 11.7349
    endloop
  endfacet
  facet normal 0 -0.130686 -0.991424
    outer loop
      vertex 139 60.25 83.4647
      vertex 143 60.6938 83.4062
      vertex 143 60.25 83.4647
    endloop
  endfacet
  facet normal -0 -0.130686 -0.991424
    outer loop
      vertex 143 60.6938 83.4062
      vertex 139 60.25 83.4647
      vertex 139 60.6938 83.4062
    endloop
  endfacet
  facet normal 0 -0.608544 0.79352
    outer loop
      vertex 139 61.4625 80.5375
      vertex 143 61.1073 80.2651
      vertex 143 61.4625 80.5375
    endloop
  endfacet
  facet normal 0 -0.608544 0.79352
    outer loop
      vertex 143 61.1073 80.2651
      vertex 139 61.4625 80.5375
      vertex 139 61.1073 80.2651
    endloop
  endfacet
  facet normal -0 0.608544 0.79352
    outer loop
      vertex 139 59.3927 80.2651
      vertex 143 59.0375 80.5375
      vertex 143 59.3927 80.2651
    endloop
  endfacet
  facet normal 0 0.608544 0.79352
    outer loop
      vertex 143 59.0375 80.5375
      vertex 139 59.3927 80.2651
      vertex 139 59.0375 80.5375
    endloop
  endfacet
  facet normal 0 0.608544 -0.79352
    outer loop
      vertex 139 59.0375 82.9625
      vertex 143 59.3927 83.2349
      vertex 143 59.0375 82.9625
    endloop
  endfacet
  facet normal 0 0.608544 -0.79352
    outer loop
      vertex 143 59.3927 83.2349
      vertex 139 59.0375 82.9625
      vertex 139 59.3927 83.2349
    endloop
  endfacet
  facet normal 0 -0.130686 0.991424
    outer loop
      vertex 139 60.6938 80.0938
      vertex 143 60.25 80.0353
      vertex 143 60.6938 80.0938
    endloop
  endfacet
  facet normal 0 -0.130686 0.991424
    outer loop
      vertex 143 60.25 80.0353
      vertex 139 60.6938 80.0938
      vertex 139 60.25 80.0353
    endloop
  endfacet
  facet normal 0 -0.79352 0.608544
    outer loop
      vertex 139 61.4625 80.5375
      vertex 143 61.7349 80.8927
      vertex 139 61.7349 80.8927
    endloop
  endfacet
  facet normal 0 -0.79352 0.608544
    outer loop
      vertex 143 61.7349 80.8927
      vertex 139 61.4625 80.5375
      vertex 143 61.4625 80.5375
    endloop
  endfacet
  facet normal 0 -0.608544 -0.79352
    outer loop
      vertex 139 61.1073 83.2349
      vertex 143 61.4625 82.9625
      vertex 143 61.1073 83.2349
    endloop
  endfacet
  facet normal -0 -0.608544 -0.79352
    outer loop
      vertex 143 61.4625 82.9625
      vertex 139 61.1073 83.2349
      vertex 139 61.4625 82.9625
    endloop
  endfacet
  facet normal 0 0.382727 -0.923862
    outer loop
      vertex 139 59.3927 83.2349
      vertex 143 59.8062 83.4062
      vertex 143 59.3927 83.2349
    endloop
  endfacet
  facet normal 0 0.382727 -0.923862
    outer loop
      vertex 143 59.8062 83.4062
      vertex 139 59.3927 83.2349
      vertex 139 59.8062 83.4062
    endloop
  endfacet
  facet normal 0 0.923862 0.382727
    outer loop
      vertex 143 58.7651 80.8927
      vertex 139 58.5938 81.3062
      vertex 143 58.5938 81.3062
    endloop
  endfacet
  facet normal 0 0.923862 0.382727
    outer loop
      vertex 139 58.5938 81.3062
      vertex 143 58.7651 80.8927
      vertex 139 58.7651 80.8927
    endloop
  endfacet
  facet normal 0 0.991424 -0.130686
    outer loop
      vertex 143 58.5353 81.75
      vertex 139 58.5938 82.1938
      vertex 143 58.5938 82.1938
    endloop
  endfacet
  facet normal 0 0.991424 -0.130686
    outer loop
      vertex 139 58.5938 82.1938
      vertex 143 58.5353 81.75
      vertex 139 58.5353 81.75
    endloop
  endfacet
  facet normal 0 0.130686 -0.991424
    outer loop
      vertex 139 59.8062 83.4062
      vertex 143 60.25 83.4647
      vertex 143 59.8062 83.4062
    endloop
  endfacet
  facet normal 0 0.130686 -0.991424
    outer loop
      vertex 143 60.25 83.4647
      vertex 139 59.8062 83.4062
      vertex 139 60.25 83.4647
    endloop
  endfacet
  facet normal 0 0.79352 0.608544
    outer loop
      vertex 143 59.0375 80.5375
      vertex 139 58.7651 80.8927
      vertex 143 58.7651 80.8927
    endloop
  endfacet
  facet normal 0 0.79352 0.608544
    outer loop
      vertex 139 58.7651 80.8927
      vertex 143 59.0375 80.5375
      vertex 139 59.0375 80.5375
    endloop
  endfacet
  facet normal 0 -0.991424 -0.130686
    outer loop
      vertex 139 61.9647 81.75
      vertex 143 61.9062 82.1938
      vertex 139 61.9062 82.1938
    endloop
  endfacet
  facet normal 0 -0.991424 -0.130686
    outer loop
      vertex 143 61.9062 82.1938
      vertex 139 61.9647 81.75
      vertex 143 61.9647 81.75
    endloop
  endfacet
  facet normal 0 0.991424 0.130686
    outer loop
      vertex 143 58.5938 81.3062
      vertex 139 58.5353 81.75
      vertex 143 58.5353 81.75
    endloop
  endfacet
  facet normal 0 0.991424 0.130686
    outer loop
      vertex 139 58.5353 81.75
      vertex 143 58.5938 81.3062
      vertex 139 58.5938 81.3062
    endloop
  endfacet
  facet normal -0 0.130686 0.991424
    outer loop
      vertex 139 60.25 80.0353
      vertex 143 59.8062 80.0938
      vertex 143 60.25 80.0353
    endloop
  endfacet
  facet normal 0 0.130686 0.991424
    outer loop
      vertex 143 59.8062 80.0938
      vertex 139 60.25 80.0353
      vertex 139 59.8062 80.0938
    endloop
  endfacet
  facet normal 0 -0.382727 0.923862
    outer loop
      vertex 139 61.1073 80.2651
      vertex 143 60.6938 80.0938
      vertex 143 61.1073 80.2651
    endloop
  endfacet
  facet normal 0 -0.382727 0.923862
    outer loop
      vertex 143 60.6938 80.0938
      vertex 139 61.1073 80.2651
      vertex 139 60.6938 80.0938
    endloop
  endfacet
  facet normal -0 0.382727 0.923862
    outer loop
      vertex 139 59.8062 80.0938
      vertex 143 59.3927 80.2651
      vertex 143 59.8062 80.0938
    endloop
  endfacet
  facet normal 0 0.382727 0.923862
    outer loop
      vertex 143 59.3927 80.2651
      vertex 139 59.8062 80.0938
      vertex 139 59.3927 80.2651
    endloop
  endfacet
  facet normal 0 -0.991424 0.130686
    outer loop
      vertex 139 61.9062 81.3062
      vertex 143 61.9647 81.75
      vertex 139 61.9647 81.75
    endloop
  endfacet
  facet normal 0 -0.991424 0.130686
    outer loop
      vertex 143 61.9647 81.75
      vertex 139 61.9062 81.3062
      vertex 143 61.9062 81.3062
    endloop
  endfacet
  facet normal 0 0.923862 -0.382727
    outer loop
      vertex 143 58.5938 82.1938
      vertex 139 58.7651 82.6073
      vertex 143 58.7651 82.6073
    endloop
  endfacet
  facet normal 0 0.923862 -0.382727
    outer loop
      vertex 139 58.7651 82.6073
      vertex 143 58.5938 82.1938
      vertex 139 58.5938 82.1938
    endloop
  endfacet
  facet normal 0 -0.923862 -0.382727
    outer loop
      vertex 139 61.9062 82.1938
      vertex 143 61.7349 82.6073
      vertex 139 61.7349 82.6073
    endloop
  endfacet
  facet normal 0 -0.923862 -0.382727
    outer loop
      vertex 143 61.7349 82.6073
      vertex 139 61.9062 82.1938
      vertex 143 61.9062 82.1938
    endloop
  endfacet
  facet normal 0 -0.79352 -0.608544
    outer loop
      vertex 139 61.7349 82.6073
      vertex 143 61.4625 82.9625
      vertex 139 61.4625 82.9625
    endloop
  endfacet
  facet normal 0 -0.79352 -0.608544
    outer loop
      vertex 143 61.4625 82.9625
      vertex 139 61.7349 82.6073
      vertex 143 61.7349 82.6073
    endloop
  endfacet
  facet normal 0 -0.923862 0.382727
    outer loop
      vertex 139 61.7349 80.8927
      vertex 143 61.9062 81.3062
      vertex 139 61.9062 81.3062
    endloop
  endfacet
  facet normal 0 -0.923862 0.382727
    outer loop
      vertex 143 61.9062 81.3062
      vertex 139 61.7349 80.8927
      vertex 143 61.7349 80.8927
    endloop
  endfacet
  facet normal 0 0.79352 -0.608544
    outer loop
      vertex 143 58.7651 82.6073
      vertex 139 59.0375 82.9625
      vertex 143 59.0375 82.9625
    endloop
  endfacet
  facet normal 0 0.79352 -0.608544
    outer loop
      vertex 139 59.0375 82.9625
      vertex 143 58.7651 82.6073
      vertex 139 58.7651 82.6073
    endloop
  endfacet
  facet normal 0 -0.382727 -0.923862
    outer loop
      vertex 139 60.6938 83.4062
      vertex 143 61.1073 83.2349
      vertex 143 60.6938 83.4062
    endloop
  endfacet
  facet normal -0 -0.382727 -0.923862
    outer loop
      vertex 143 61.1073 83.2349
      vertex 139 60.6938 83.4062
      vertex 139 61.1073 83.2349
    endloop
  endfacet
  facet normal 0 -0.130628 -0.991431
    outer loop
      vertex 139 131.75 11.9647
      vertex 143 132.194 11.9062
      vertex 143 131.75 11.9647
    endloop
  endfacet
  facet normal -0 -0.130628 -0.991431
    outer loop
      vertex 143 132.194 11.9062
      vertex 139 131.75 11.9647
      vertex 139 132.194 11.9062
    endloop
  endfacet
  facet normal 0 -0.608901 0.793247
    outer loop
      vertex 139 132.962 9.03755
      vertex 143 132.607 8.76505
      vertex 143 132.962 9.03755
    endloop
  endfacet
  facet normal 0 -0.608901 0.793247
    outer loop
      vertex 143 132.607 8.76505
      vertex 139 132.962 9.03755
      vertex 139 132.607 8.76505
    endloop
  endfacet
  facet normal -0 0.608901 0.793247
    outer loop
      vertex 139 130.893 8.76505
      vertex 143 130.538 9.03755
      vertex 143 130.893 8.76505
    endloop
  endfacet
  facet normal 0 0.608901 0.793247
    outer loop
      vertex 143 130.538 9.03755
      vertex 139 130.893 8.76505
      vertex 139 130.538 9.03755
    endloop
  endfacet
  facet normal 0 0.60876 -0.793355
    outer loop
      vertex 139 130.538 11.4625
      vertex 143 130.893 11.7349
      vertex 143 130.538 11.4625
    endloop
  endfacet
  facet normal 0 0.60876 -0.793355
    outer loop
      vertex 143 130.893 11.7349
      vertex 139 130.538 11.4625
      vertex 139 130.893 11.7349
    endloop
  endfacet
  facet normal 0 -0.130474 0.991452
    outer loop
      vertex 139 132.194 8.59376
      vertex 143 131.75 8.53533
      vertex 143 132.194 8.59376
    endloop
  endfacet
  facet normal 0 -0.130474 0.991452
    outer loop
      vertex 143 131.75 8.53533
      vertex 139 132.194 8.59376
      vertex 139 131.75 8.53533
    endloop
  endfacet
  facet normal 0 -0.792798 0.609484
    outer loop
      vertex 139 132.962 9.03755
      vertex 143 133.235 9.39266
      vertex 139 133.235 9.39266
    endloop
  endfacet
  facet normal 0 -0.792798 0.609484
    outer loop
      vertex 143 133.235 9.39266
      vertex 139 132.962 9.03755
      vertex 143 132.962 9.03755
    endloop
  endfacet
  facet normal 0 -0.60876 -0.793355
    outer loop
      vertex 139 132.607 11.7349
      vertex 143 132.962 11.4625
      vertex 143 132.607 11.7349
    endloop
  endfacet
  facet normal -0 -0.60876 -0.793355
    outer loop
      vertex 143 132.962 11.4625
      vertex 139 132.607 11.7349
      vertex 139 132.962 11.4625
    endloop
  endfacet
  facet normal 0 0.383122 -0.923698
    outer loop
      vertex 139 130.893 11.7349
      vertex 143 131.306 11.9062
      vertex 143 130.893 11.7349
    endloop
  endfacet
  facet normal 0 0.383122 -0.923698
    outer loop
      vertex 143 131.306 11.9062
      vertex 139 130.893 11.7349
      vertex 139 131.306 11.9062
    endloop
  endfacet
  facet normal 0 0.924115 0.382115
    outer loop
      vertex 143 130.265 9.39266
      vertex 139 130.094 9.80621
      vertex 143 130.094 9.80621
    endloop
  endfacet
  facet normal 0 0.924115 0.382115
    outer loop
      vertex 139 130.094 9.80621
      vertex 143 130.265 9.39266
      vertex 139 130.265 9.39266
    endloop
  endfacet
  facet normal 0 0.991279 -0.131783
    outer loop
      vertex 143 130.035 10.25
      vertex 139 130.094 10.6938
      vertex 143 130.094 10.6938
    endloop
  endfacet
  facet normal 0 0.991279 -0.131783
    outer loop
      vertex 139 130.094 10.6938
      vertex 143 130.035 10.25
      vertex 139 130.035 10.25
    endloop
  endfacet
  facet normal 0 0.130628 -0.991431
    outer loop
      vertex 139 131.306 11.9062
      vertex 143 131.75 11.9647
      vertex 143 131.306 11.9062
    endloop
  endfacet
  facet normal 0 0.130628 -0.991431
    outer loop
      vertex 143 131.75 11.9647
      vertex 139 131.306 11.9062
      vertex 139 131.75 11.9647
    endloop
  endfacet
  facet normal 0 -0.991279 -0.131783
    outer loop
      vertex 139 133.465 10.25
      vertex 143 133.406 10.6938
      vertex 139 133.406 10.6938
    endloop
  endfacet
  facet normal 0 -0.991279 -0.131783
    outer loop
      vertex 143 133.406 10.6938
      vertex 139 133.465 10.25
      vertex 143 133.465 10.25
    endloop
  endfacet
  facet normal 0 0.991278 0.131786
    outer loop
      vertex 143 130.094 9.80621
      vertex 139 130.035 10.25
      vertex 143 130.035 10.25
    endloop
  endfacet
  facet normal 0 0.991278 0.131786
    outer loop
      vertex 139 130.035 10.25
      vertex 143 130.094 9.80621
      vertex 139 130.094 9.80621
    endloop
  endfacet
  facet normal -0 0.130474 0.991452
    outer loop
      vertex 139 131.75 8.53533
      vertex 143 131.306 8.59376
      vertex 143 131.75 8.53533
    endloop
  endfacet
  facet normal 0 0.130474 0.991452
    outer loop
      vertex 143 131.306 8.59376
      vertex 139 131.75 8.53533
      vertex 139 131.306 8.59376
    endloop
  endfacet
  facet normal 0 -0.383103 0.923706
    outer loop
      vertex 139 132.607 8.76505
      vertex 143 132.194 8.59376
      vertex 143 132.607 8.76505
    endloop
  endfacet
  facet normal 0 -0.383103 0.923706
    outer loop
      vertex 143 132.194 8.59376
      vertex 139 132.607 8.76505
      vertex 139 132.194 8.59376
    endloop
  endfacet
  facet normal -0 0.383103 0.923706
    outer loop
      vertex 139 131.306 8.59376
      vertex 143 130.893 8.76505
      vertex 143 131.306 8.59376
    endloop
  endfacet
  facet normal 0 0.383103 0.923706
    outer loop
      vertex 143 130.893 8.76505
      vertex 139 131.306 8.59376
      vertex 139 130.893 8.76505
    endloop
  endfacet
  facet normal 0 -0.991278 0.131786
    outer loop
      vertex 139 133.406 9.80621
      vertex 143 133.465 10.25
      vertex 139 133.465 10.25
    endloop
  endfacet
  facet normal 0 -0.991278 0.131786
    outer loop
      vertex 143 133.465 10.25
      vertex 139 133.406 9.80621
      vertex 143 133.406 9.80621
    endloop
  endfacet
  facet normal 0 0.792798 0.609484
    outer loop
      vertex 143 130.538 9.03755
      vertex 139 130.265 9.39266
      vertex 143 130.265 9.39266
    endloop
  endfacet
  facet normal 0 0.792798 0.609484
    outer loop
      vertex 139 130.265 9.39266
      vertex 143 130.538 9.03755
      vertex 139 130.538 9.03755
    endloop
  endfacet
  facet normal 0 0.924098 -0.382154
    outer loop
      vertex 143 130.094 10.6938
      vertex 139 130.265 11.1073
      vertex 143 130.265 11.1073
    endloop
  endfacet
  facet normal 0 0.924098 -0.382154
    outer loop
      vertex 139 130.265 11.1073
      vertex 143 130.094 10.6938
      vertex 139 130.094 10.6938
    endloop
  endfacet
  facet normal 0 -0.924098 -0.382154
    outer loop
      vertex 139 133.406 10.6938
      vertex 143 133.235 11.1073
      vertex 139 133.235 11.1073
    endloop
  endfacet
  facet normal 0 -0.924098 -0.382154
    outer loop
      vertex 143 133.235 11.1073
      vertex 139 133.406 10.6938
      vertex 143 133.406 10.6938
    endloop
  endfacet
  facet normal 0 -0.792873 -0.609387
    outer loop
      vertex 139 133.235 11.1073
      vertex 143 132.962 11.4625
      vertex 139 132.962 11.4625
    endloop
  endfacet
  facet normal 0 -0.792873 -0.609387
    outer loop
      vertex 143 132.962 11.4625
      vertex 139 133.235 11.1073
      vertex 143 133.235 11.1073
    endloop
  endfacet
  facet normal 0 -0.924115 0.382115
    outer loop
      vertex 139 133.235 9.39266
      vertex 143 133.406 9.80621
      vertex 139 133.406 9.80621
    endloop
  endfacet
  facet normal 0 -0.924115 0.382115
    outer loop
      vertex 143 133.406 9.80621
      vertex 139 133.235 9.39266
      vertex 143 133.235 9.39266
    endloop
  endfacet
  facet normal 0 0.792873 -0.609387
    outer loop
      vertex 143 130.265 11.1073
      vertex 139 130.538 11.4625
      vertex 143 130.538 11.4625
    endloop
  endfacet
  facet normal 0 0.792873 -0.609387
    outer loop
      vertex 139 130.538 11.4625
      vertex 143 130.265 11.1073
      vertex 139 130.265 11.1073
    endloop
  endfacet
  facet normal 0 -0.383122 -0.923698
    outer loop
      vertex 139 132.194 11.9062
      vertex 143 132.607 11.7349
      vertex 143 132.194 11.9062
    endloop
  endfacet
  facet normal -0 -0.383122 -0.923698
    outer loop
      vertex 143 132.607 11.7349
      vertex 139 132.194 11.9062
      vertex 139 132.607 11.7349
    endloop
  endfacet
  facet normal 0 -0.130628 -0.991431
    outer loop
      vertex 139 131.75 83.4647
      vertex 143 132.194 83.4062
      vertex 143 131.75 83.4647
    endloop
  endfacet
  facet normal -0 -0.130628 -0.991431
    outer loop
      vertex 143 132.194 83.4062
      vertex 139 131.75 83.4647
      vertex 139 132.194 83.4062
    endloop
  endfacet
  facet normal 0 -0.60876 0.793355
    outer loop
      vertex 139 132.962 80.5375
      vertex 143 132.607 80.2651
      vertex 143 132.962 80.5375
    endloop
  endfacet
  facet normal 0 -0.60876 0.793355
    outer loop
      vertex 143 132.607 80.2651
      vertex 139 132.962 80.5375
      vertex 139 132.607 80.2651
    endloop
  endfacet
  facet normal -0 0.60876 0.793355
    outer loop
      vertex 139 130.893 80.2651
      vertex 143 130.538 80.5375
      vertex 143 130.893 80.2651
    endloop
  endfacet
  facet normal 0 0.60876 0.793355
    outer loop
      vertex 143 130.538 80.5375
      vertex 139 130.893 80.2651
      vertex 139 130.538 80.5375
    endloop
  endfacet
  facet normal 0 0.60876 -0.793355
    outer loop
      vertex 139 130.538 82.9625
      vertex 143 130.893 83.2349
      vertex 143 130.538 82.9625
    endloop
  endfacet
  facet normal 0 0.60876 -0.793355
    outer loop
      vertex 143 130.893 83.2349
      vertex 139 130.538 82.9625
      vertex 139 130.893 83.2349
    endloop
  endfacet
  facet normal 0 -0.130628 0.991431
    outer loop
      vertex 139 132.194 80.0938
      vertex 143 131.75 80.0353
      vertex 143 132.194 80.0938
    endloop
  endfacet
  facet normal 0 -0.130628 0.991431
    outer loop
      vertex 143 131.75 80.0353
      vertex 139 132.194 80.0938
      vertex 139 131.75 80.0353
    endloop
  endfacet
  facet normal 0 -0.792873 0.609387
    outer loop
      vertex 139 132.962 80.5375
      vertex 143 133.235 80.8927
      vertex 139 133.235 80.8927
    endloop
  endfacet
  facet normal 0 -0.792873 0.609387
    outer loop
      vertex 143 133.235 80.8927
      vertex 139 132.962 80.5375
      vertex 143 132.962 80.5375
    endloop
  endfacet
  facet normal 0 -0.60876 -0.793355
    outer loop
      vertex 139 132.607 83.2349
      vertex 143 132.962 82.9625
      vertex 143 132.607 83.2349
    endloop
  endfacet
  facet normal -0 -0.60876 -0.793355
    outer loop
      vertex 143 132.962 82.9625
      vertex 139 132.607 83.2349
      vertex 139 132.962 82.9625
    endloop
  endfacet
  facet normal 0 0.383122 -0.923698
    outer loop
      vertex 139 130.893 83.2349
      vertex 143 131.306 83.4062
      vertex 143 130.893 83.2349
    endloop
  endfacet
  facet normal 0 0.383122 -0.923698
    outer loop
      vertex 143 131.306 83.4062
      vertex 139 130.893 83.2349
      vertex 139 131.306 83.4062
    endloop
  endfacet
  facet normal 0 0.924098 0.382154
    outer loop
      vertex 143 130.265 80.8927
      vertex 139 130.094 81.3062
      vertex 143 130.094 81.3062
    endloop
  endfacet
  facet normal 0 0.924098 0.382154
    outer loop
      vertex 139 130.094 81.3062
      vertex 143 130.265 80.8927
      vertex 139 130.265 80.8927
    endloop
  endfacet
  facet normal 0 0.991279 -0.131783
    outer loop
      vertex 143 130.035 81.75
      vertex 139 130.094 82.1938
      vertex 143 130.094 82.1938
    endloop
  endfacet
  facet normal 0 0.991279 -0.131783
    outer loop
      vertex 139 130.094 82.1938
      vertex 143 130.035 81.75
      vertex 139 130.035 81.75
    endloop
  endfacet
  facet normal 0 0.130628 -0.991431
    outer loop
      vertex 139 131.306 83.4062
      vertex 143 131.75 83.4647
      vertex 143 131.306 83.4062
    endloop
  endfacet
  facet normal 0 0.130628 -0.991431
    outer loop
      vertex 143 131.75 83.4647
      vertex 139 131.306 83.4062
      vertex 139 131.75 83.4647
    endloop
  endfacet
  facet normal 0 -0.991279 -0.131783
    outer loop
      vertex 139 133.465 81.75
      vertex 143 133.406 82.1938
      vertex 139 133.406 82.1938
    endloop
  endfacet
  facet normal 0 -0.991279 -0.131783
    outer loop
      vertex 143 133.406 82.1938
      vertex 139 133.465 81.75
      vertex 143 133.465 81.75
    endloop
  endfacet
  facet normal 0 0.991279 0.131783
    outer loop
      vertex 143 130.094 81.3062
      vertex 139 130.035 81.75
      vertex 143 130.035 81.75
    endloop
  endfacet
  facet normal 0 0.991279 0.131783
    outer loop
      vertex 139 130.035 81.75
      vertex 143 130.094 81.3062
      vertex 139 130.094 81.3062
    endloop
  endfacet
  facet normal -0 0.130628 0.991431
    outer loop
      vertex 139 131.75 80.0353
      vertex 143 131.306 80.0938
      vertex 143 131.75 80.0353
    endloop
  endfacet
  facet normal 0 0.130628 0.991431
    outer loop
      vertex 143 131.306 80.0938
      vertex 139 131.75 80.0353
      vertex 139 131.306 80.0938
    endloop
  endfacet
  facet normal 0 -0.383122 0.923698
    outer loop
      vertex 139 132.607 80.2651
      vertex 143 132.194 80.0938
      vertex 143 132.607 80.2651
    endloop
  endfacet
  facet normal 0 -0.383122 0.923698
    outer loop
      vertex 143 132.194 80.0938
      vertex 139 132.607 80.2651
      vertex 139 132.194 80.0938
    endloop
  endfacet
  facet normal -0 0.383122 0.923698
    outer loop
      vertex 139 131.306 80.0938
      vertex 143 130.893 80.2651
      vertex 143 131.306 80.0938
    endloop
  endfacet
  facet normal 0 0.383122 0.923698
    outer loop
      vertex 143 130.893 80.2651
      vertex 139 131.306 80.0938
      vertex 139 130.893 80.2651
    endloop
  endfacet
  facet normal 0 -0.991279 0.131783
    outer loop
      vertex 139 133.406 81.3062
      vertex 143 133.465 81.75
      vertex 139 133.465 81.75
    endloop
  endfacet
  facet normal 0 -0.991279 0.131783
    outer loop
      vertex 143 133.465 81.75
      vertex 139 133.406 81.3062
      vertex 143 133.406 81.3062
    endloop
  endfacet
  facet normal 0 0.792873 0.609387
    outer loop
      vertex 143 130.538 80.5375
      vertex 139 130.265 80.8927
      vertex 143 130.265 80.8927
    endloop
  endfacet
  facet normal 0 0.792873 0.609387
    outer loop
      vertex 139 130.265 80.8927
      vertex 143 130.538 80.5375
      vertex 139 130.538 80.5375
    endloop
  endfacet
  facet normal 0 0.924098 -0.382154
    outer loop
      vertex 143 130.094 82.1938
      vertex 139 130.265 82.6073
      vertex 143 130.265 82.6073
    endloop
  endfacet
  facet normal 0 0.924098 -0.382154
    outer loop
      vertex 139 130.265 82.6073
      vertex 143 130.094 82.1938
      vertex 139 130.094 82.1938
    endloop
  endfacet
  facet normal 0 -0.924098 -0.382154
    outer loop
      vertex 139 133.406 82.1938
      vertex 143 133.235 82.6073
      vertex 139 133.235 82.6073
    endloop
  endfacet
  facet normal 0 -0.924098 -0.382154
    outer loop
      vertex 143 133.235 82.6073
      vertex 139 133.406 82.1938
      vertex 143 133.406 82.1938
    endloop
  endfacet
  facet normal 0 -0.792873 -0.609387
    outer loop
      vertex 139 133.235 82.6073
      vertex 143 132.962 82.9625
      vertex 139 132.962 82.9625
    endloop
  endfacet
  facet normal 0 -0.792873 -0.609387
    outer loop
      vertex 143 132.962 82.9625
      vertex 139 133.235 82.6073
      vertex 143 133.235 82.6073
    endloop
  endfacet
  facet normal 0 -0.924098 0.382154
    outer loop
      vertex 139 133.235 80.8927
      vertex 143 133.406 81.3062
      vertex 139 133.406 81.3062
    endloop
  endfacet
  facet normal 0 -0.924098 0.382154
    outer loop
      vertex 143 133.406 81.3062
      vertex 139 133.235 80.8927
      vertex 143 133.235 80.8927
    endloop
  endfacet
  facet normal 0 0.792873 -0.609387
    outer loop
      vertex 143 130.265 82.6073
      vertex 139 130.538 82.9625
      vertex 143 130.538 82.9625
    endloop
  endfacet
  facet normal 0 0.792873 -0.609387
    outer loop
      vertex 139 130.538 82.9625
      vertex 143 130.265 82.6073
      vertex 139 130.265 82.6073
    endloop
  endfacet
  facet normal 0 -0.383122 -0.923698
    outer loop
      vertex 139 132.194 83.4062
      vertex 143 132.607 83.2349
      vertex 143 132.194 83.4062
    endloop
  endfacet
  facet normal -0 -0.383122 -0.923698
    outer loop
      vertex 143 132.607 83.2349
      vertex 139 132.194 83.4062
      vertex 139 132.607 83.2349
    endloop
  endfacet
  facet normal 0 -0.162922 0.986639
    outer loop
      vertex 139 103.413 8.73016
      vertex 143 100.96 8.3251
      vertex 143 103.413 8.73016
    endloop
  endfacet
  facet normal 0 -0.162922 0.986639
    outer loop
      vertex 143 100.96 8.3251
      vertex 139 103.413 8.73016
      vertex 139 100.96 8.3251
    endloop
  endfacet
  facet normal 0 -0.995174 -0.098122
    outer loop
      vertex 139 133.919 48.4853
      vertex 143 133.675 50.96
      vertex 139 133.675 50.96
    endloop
  endfacet
  facet normal 0 -0.995174 -0.098122
    outer loop
      vertex 143 133.675 50.96
      vertex 139 133.919 48.4853
      vertex 143 133.919 48.4853
    endloop
  endfacet
  facet normal 0 -0.910903 0.412621
    outer loop
      vertex 139 130.081 29.193
      vertex 143 131.107 31.458
      vertex 139 131.107 31.458
    endloop
  endfacet
  facet normal 0 -0.910903 0.412621
    outer loop
      vertex 143 131.107 31.458
      vertex 139 130.081 29.193
      vertex 143 130.081 29.193
    endloop
  endfacet
  facet normal 0 0.773012 -0.634391
    outer loop
      vertex 143 65.8526 69.1329
      vertex 139 67.4301 71.0551
      vertex 143 67.4301 71.0551
    endloop
  endfacet
  facet normal 0 0.773012 -0.634391
    outer loop
      vertex 139 67.4301 71.0551
      vertex 143 65.8526 69.1329
      vertex 139 65.8526 69.1329
    endloop
  endfacet
  facet normal 0 0.881918 -0.471402
    outer loop
      vertex 143 61.9188 62.807
      vertex 139 63.091 65
      vertex 143 63.091 65
    endloop
  endfacet
  facet normal 0 0.881918 -0.471402
    outer loop
      vertex 139 63.091 65
      vertex 143 61.9188 62.807
      vertex 139 61.9188 62.807
    endloop
  endfacet
  facet normal -0 0.0980105 0.995185
    outer loop
      vertex 139 93.5147 8.08138
      vertex 143 91.04 8.3251
      vertex 143 93.5147 8.08138
    endloop
  endfacet
  facet normal 0 0.0980105 0.995185
    outer loop
      vertex 143 91.04 8.3251
      vertex 139 93.5147 8.08138
      vertex 139 91.04 8.3251
    endloop
  endfacet
  facet normal 0 -0.935897 -0.352273
    outer loop
      vertex 139 131.983 58.2147
      vertex 143 131.107 60.542
      vertex 139 131.107 60.542
    endloop
  endfacet
  facet normal 0 -0.935897 -0.352273
    outer loop
      vertex 143 131.107 60.542
      vertex 139 131.983 58.2147
      vertex 143 131.983 58.2147
    endloop
  endfacet
  facet normal 0 -0.910903 -0.412621
    outer loop
      vertex 139 131.107 60.542
      vertex 143 130.081 62.807
      vertex 139 130.081 62.807
    endloop
  endfacet
  facet normal 0 -0.910903 -0.412621
    outer loop
      vertex 143 130.081 62.807
      vertex 139 131.107 60.542
      vertex 143 131.107 60.542
    endloop
  endfacet
  facet normal 0 -0.729851 0.683607
    outer loop
      vertex 139 122.87 19.1299
      vertex 143 124.57 20.9449
      vertex 139 124.57 20.9449
    endloop
  endfacet
  facet normal 0 -0.729851 0.683607
    outer loop
      vertex 143 124.57 20.9449
      vertex 139 122.87 19.1299
      vertex 143 122.87 19.1299
    endloop
  endfacet
  facet normal 0 -0.986647 -0.162873
    outer loop
      vertex 139 133.675 50.96
      vertex 143 133.27 53.4134
      vertex 139 133.27 53.4134
    endloop
  endfacet
  facet normal 0 -0.986647 -0.162873
    outer loop
      vertex 143 133.27 53.4134
      vertex 139 133.675 50.96
      vertex 143 133.675 50.96
    endloop
  endfacet
  facet normal -0 0.683564 0.729891
    outer loop
      vertex 139 70.9449 17.4301
      vertex 143 69.1299 19.1299
      vertex 143 70.9449 17.4301
    endloop
  endfacet
  facet normal 0 0.683564 0.729891
    outer loop
      vertex 143 69.1299 19.1299
      vertex 139 70.9449 17.4301
      vertex 139 69.1299 19.1299
    endloop
  endfacet
  facet normal 0 -0.0980105 0.995185
    outer loop
      vertex 139 100.96 8.3251
      vertex 143 98.4853 8.08138
      vertex 143 100.96 8.3251
    endloop
  endfacet
  facet normal 0 -0.0980105 0.995185
    outer loop
      vertex 143 98.4853 8.08138
      vertex 139 100.96 8.3251
      vertex 139 98.4853 8.08138
    endloop
  endfacet
  facet normal 0 -0.634431 0.77298
    outer loop
      vertex 139 121.055 17.4301
      vertex 143 119.133 15.8526
      vertex 143 121.055 17.4301
    endloop
  endfacet
  facet normal 0 -0.634431 0.77298
    outer loop
      vertex 143 119.133 15.8526
      vertex 139 121.055 17.4301
      vertex 139 119.133 15.8526
    endloop
  endfacet
  facet normal 0 -0.973847 -0.227205
    outer loop
      vertex 139 133.27 53.4134
      vertex 143 132.705 55.8351
      vertex 139 132.705 55.8351
    endloop
  endfacet
  facet normal 0 -0.973847 -0.227205
    outer loop
      vertex 143 132.705 55.8351
      vertex 139 133.27 53.4134
      vertex 143 133.27 53.4134
    endloop
  endfacet
  facet normal 0 -0.707236 -0.706977
    outer loop
      vertex 139 122.87 72.8701
      vertex 143 101.008 94.7401
      vertex 139 101.008 94.7401
    endloop
  endfacet
  facet normal 0 -0.707236 -0.706977
    outer loop
      vertex 143 101.008 94.7401
      vertex 139 122.87 72.8701
      vertex 143 122.87 72.8701
    endloop
  endfacet
  facet normal 0 0.910873 -0.412688
    outer loop
      vertex 143 60.8926 60.542
      vertex 139 61.9188 62.807
      vertex 143 61.9188 62.807
    endloop
  endfacet
  facet normal 0 0.910873 -0.412688
    outer loop
      vertex 139 61.9188 62.807
      vertex 143 60.8926 60.542
      vertex 139 60.8926 60.542
    endloop
  endfacet
  facet normal -0 0.412688 0.910873
    outer loop
      vertex 139 81.458 10.8926
      vertex 143 79.193 11.9188
      vertex 143 81.458 10.8926
    endloop
  endfacet
  facet normal 0 0.412688 0.910873
    outer loop
      vertex 143 79.193 11.9188
      vertex 139 81.458 10.8926
      vertex 139 79.193 11.9188
    endloop
  endfacet
  facet normal 0 0 -1
    outer loop
      vertex 139 90.9919 94.7401
      vertex 143 101.008 94.7401
      vertex 143 90.9919 94.7401
    endloop
  endfacet
  facet normal -0 0 -1
    outer loop
      vertex 143 101.008 94.7401
      vertex 139 90.9919 94.7401
      vertex 139 101.008 94.7401
    endloop
  endfacet
  facet normal 0 -0.528031 0.849225
    outer loop
      vertex 139 117.112 14.4042
      vertex 143 115 13.091
      vertex 143 117.112 14.4042
    endloop
  endfacet
  facet normal 0 -0.528031 0.849225
    outer loop
      vertex 143 115 13.091
      vertex 139 117.112 14.4042
      vertex 139 115 13.091
    endloop
  endfacet
  facet normal 0 -0.032727 0.999464
    outer loop
      vertex 139 98.4853 8.08138
      vertex 143 96 8
      vertex 143 98.4853 8.08138
    endloop
  endfacet
  facet normal 0 -0.032727 0.999464
    outer loop
      vertex 143 96 8
      vertex 139 98.4853 8.08138
      vertex 139 96 8
    endloop
  endfacet
  facet normal 0 -0.582523 0.812814
    outer loop
      vertex 139 119.133 15.8526
      vertex 143 117.112 14.4042
      vertex 143 119.133 15.8526
    endloop
  endfacet
  facet normal 0 -0.582523 0.812814
    outer loop
      vertex 143 117.112 14.4042
      vertex 139 119.133 15.8526
      vertex 139 117.112 14.4042
    endloop
  endfacet
  facet normal -0 0.582485 0.812841
    outer loop
      vertex 139 74.8883 14.4042
      vertex 143 72.8671 15.8526
      vertex 143 74.8883 14.4042
    endloop
  endfacet
  facet normal 0 0.582485 0.812841
    outer loop
      vertex 143 72.8671 15.8526
      vertex 139 74.8883 14.4042
      vertex 139 72.8671 15.8526
    endloop
  endfacet
  facet normal 0 -0.986647 0.162873
    outer loop
      vertex 139 133.27 38.5866
      vertex 143 133.675 41.04
      vertex 139 133.675 41.04
    endloop
  endfacet
  facet normal 0 -0.986647 0.162873
    outer loop
      vertex 143 133.675 41.04
      vertex 139 133.27 38.5866
      vertex 143 133.27 38.5866
    endloop
  endfacet
  facet normal 0 -0.352278 0.935895
    outer loop
      vertex 139 110.542 10.8926
      vertex 143 108.215 10.0167
      vertex 143 110.542 10.8926
    endloop
  endfacet
  facet normal 0 -0.352278 0.935895
    outer loop
      vertex 143 108.215 10.0167
      vertex 139 110.542 10.8926
      vertex 139 108.215 10.0167
    endloop
  endfacet
  facet normal -0 0.22708 0.973876
    outer loop
      vertex 139 88.5866 8.73016
      vertex 143 86.1649 9.29483
      vertex 143 88.5866 8.73016
    endloop
  endfacet
  facet normal 0 0.22708 0.973876
    outer loop
      vertex 143 86.1649 9.29483
      vertex 139 88.5866 8.73016
      vertex 139 86.1649 9.29483
    endloop
  endfacet
  facet normal 0 0.986641 -0.162912
    outer loop
      vertex 143 58.3251 50.96
      vertex 139 58.7302 53.4134
      vertex 143 58.7302 53.4134
    endloop
  endfacet
  facet normal 0 0.986641 -0.162912
    outer loop
      vertex 139 58.7302 53.4134
      vertex 143 58.3251 50.96
      vertex 139 58.3251 50.96
    endloop
  endfacet
  facet normal 0 0.729891 0.683564
    outer loop
      vertex 143 69.1299 19.1299
      vertex 139 67.4301 20.9449
      vertex 143 67.4301 20.9449
    endloop
  endfacet
  facet normal 0 0.729891 0.683564
    outer loop
      vertex 139 67.4301 20.9449
      vertex 143 69.1299 19.1299
      vertex 139 69.1299 19.1299
    endloop
  endfacet
  facet normal 0 -0.471402 0.881918
    outer loop
      vertex 139 115 13.091
      vertex 143 112.807 11.9188
      vertex 143 115 13.091
    endloop
  endfacet
  facet normal 0 -0.471402 0.881918
    outer loop
      vertex 143 112.807 11.9188
      vertex 139 115 13.091
      vertex 139 112.807 11.9188
    endloop
  endfacet
  facet normal 0 0.849191 -0.528085
    outer loop
      vertex 143 63.091 65
      vertex 139 64.4042 67.1117
      vertex 143 64.4042 67.1117
    endloop
  endfacet
  facet normal 0 0.849191 -0.528085
    outer loop
      vertex 139 64.4042 67.1117
      vertex 143 63.091 65
      vertex 139 63.091 65
    endloop
  endfacet
  facet normal 0 -0.773111 -0.634271
    outer loop
      vertex 139 126.147 69.1329
      vertex 143 124.57 71.0551
      vertex 139 124.57 71.0551
    endloop
  endfacet
  facet normal 0 -0.773111 -0.634271
    outer loop
      vertex 143 124.57 71.0551
      vertex 139 126.147 69.1329
      vertex 143 126.147 69.1329
    endloop
  endfacet
  facet normal 0 -0.227053 0.973882
    outer loop
      vertex 139 105.835 9.29483
      vertex 143 103.413 8.73016
      vertex 143 105.835 9.29483
    endloop
  endfacet
  facet normal 0 -0.227053 0.973882
    outer loop
      vertex 143 103.413 8.73016
      vertex 139 105.835 9.29483
      vertex 139 103.413 8.73016
    endloop
  endfacet
  facet normal 0 0.707236 -0.706977
    outer loop
      vertex 143 69.1299 72.8701
      vertex 139 90.9919 94.7401
      vertex 143 90.9919 94.7401
    endloop
  endfacet
  facet normal 0 0.707236 -0.706977
    outer loop
      vertex 139 90.9919 94.7401
      vertex 143 69.1299 72.8701
      vertex 139 69.1299 72.8701
    endloop
  endfacet
  facet normal -0 0.352238 0.93591
    outer loop
      vertex 139 83.7853 10.0167
      vertex 143 81.458 10.8926
      vertex 143 83.7853 10.0167
    endloop
  endfacet
  facet normal 0 0.352238 0.93591
    outer loop
      vertex 143 81.458 10.8926
      vertex 139 83.7853 10.0167
      vertex 139 81.458 10.8926
    endloop
  endfacet
  facet normal -0 0.634391 0.773012
    outer loop
      vertex 139 72.8671 15.8526
      vertex 143 70.9449 17.4301
      vertex 143 72.8671 15.8526
    endloop
  endfacet
  facet normal 0 0.634391 0.773012
    outer loop
      vertex 143 70.9449 17.4301
      vertex 139 72.8671 15.8526
      vertex 139 70.9449 17.4301
    endloop
  endfacet
  facet normal 0 0.973882 0.227053
    outer loop
      vertex 143 59.2948 36.1649
      vertex 139 58.7302 38.5866
      vertex 143 58.7302 38.5866
    endloop
  endfacet
  facet normal 0 0.973882 0.227053
    outer loop
      vertex 139 58.7302 38.5866
      vertex 143 59.2948 36.1649
      vertex 139 59.2948 36.1649
    endloop
  endfacet
  facet normal 0 -0.773111 0.634271
    outer loop
      vertex 139 124.57 20.9449
      vertex 143 126.147 22.8671
      vertex 139 126.147 22.8671
    endloop
  endfacet
  facet normal 0 -0.773111 0.634271
    outer loop
      vertex 143 126.147 22.8671
      vertex 139 124.57 20.9449
      vertex 143 124.57 20.9449
    endloop
  endfacet
  facet normal 0 -0.683564 0.729891
    outer loop
      vertex 139 122.87 19.1299
      vertex 143 121.055 17.4301
      vertex 143 122.87 19.1299
    endloop
  endfacet
  facet normal 0 -0.683564 0.729891
    outer loop
      vertex 143 121.055 17.4301
      vertex 139 122.87 19.1299
      vertex 139 121.055 17.4301
    endloop
  endfacet
  facet normal 0 0.910873 0.412688
    outer loop
      vertex 143 61.9188 29.193
      vertex 139 60.8926 31.458
      vertex 143 60.8926 31.458
    endloop
  endfacet
  facet normal 0 0.910873 0.412688
    outer loop
      vertex 139 60.8926 31.458
      vertex 143 61.9188 29.193
      vertex 139 61.9188 29.193
    endloop
  endfacet
  facet normal 0 -0.729851 -0.683607
    outer loop
      vertex 139 124.57 71.0551
      vertex 143 122.87 72.8701
      vertex 139 122.87 72.8701
    endloop
  endfacet
  facet normal 0 -0.729851 -0.683607
    outer loop
      vertex 143 122.87 72.8701
      vertex 139 124.57 71.0551
      vertex 143 124.57 71.0551
    endloop
  endfacet
  facet normal 0 -0.999469 -0.0325743
    outer loop
      vertex 139 134 46
      vertex 143 133.919 48.4853
      vertex 139 133.919 48.4853
    endloop
  endfacet
  facet normal 0 -0.999469 -0.0325743
    outer loop
      vertex 143 133.919 48.4853
      vertex 139 134 46
      vertex 143 134 46
    endloop
  endfacet
  facet normal 0 0.773012 0.634391
    outer loop
      vertex 143 67.4301 20.9449
      vertex 139 65.8526 22.8671
      vertex 143 65.8526 22.8671
    endloop
  endfacet
  facet normal 0 0.773012 0.634391
    outer loop
      vertex 139 65.8526 22.8671
      vertex 143 67.4301 20.9449
      vertex 139 67.4301 20.9449
    endloop
  endfacet
  facet normal 0 -0.412688 0.910873
    outer loop
      vertex 139 112.807 11.9188
      vertex 143 110.542 10.8926
      vertex 143 112.807 11.9188
    endloop
  endfacet
  facet normal 0 -0.412688 0.910873
    outer loop
      vertex 143 110.542 10.8926
      vertex 139 112.807 11.9188
      vertex 139 110.542 10.8926
    endloop
  endfacet
  facet normal 0 -0.29025 0.956951
    outer loop
      vertex 139 108.215 10.0167
      vertex 143 105.835 9.29483
      vertex 143 108.215 10.0167
    endloop
  endfacet
  facet normal 0 -0.29025 0.956951
    outer loop
      vertex 143 105.835 9.29483
      vertex 139 108.215 10.0167
      vertex 139 105.835 9.29483
    endloop
  endfacet
  facet normal 0 -0.956923 0.290342
    outer loop
      vertex 139 131.983 33.7853
      vertex 143 132.705 36.1649
      vertex 139 132.705 36.1649
    endloop
  endfacet
  facet normal 0 -0.956923 0.290342
    outer loop
      vertex 143 132.705 36.1649
      vertex 139 131.983 33.7853
      vertex 143 131.983 33.7853
    endloop
  endfacet
  facet normal -0 0.032727 0.999464
    outer loop
      vertex 139 96 8
      vertex 143 93.5147 8.08138
      vertex 143 96 8
    endloop
  endfacet
  facet normal 0 0.032727 0.999464
    outer loop
      vertex 143 93.5147 8.08138
      vertex 139 96 8
      vertex 139 93.5147 8.08138
    endloop
  endfacet
  facet normal 0 0.849191 0.528085
    outer loop
      vertex 143 64.4042 24.8883
      vertex 139 63.091 27
      vertex 143 63.091 27
    endloop
  endfacet
  facet normal 0 0.849191 0.528085
    outer loop
      vertex 139 63.091 27
      vertex 143 64.4042 24.8883
      vertex 139 64.4042 24.8883
    endloop
  endfacet
  facet normal -0 0.162896 0.986643
    outer loop
      vertex 139 91.04 8.3251
      vertex 143 88.5866 8.73016
      vertex 143 91.04 8.3251
    endloop
  endfacet
  facet normal 0 0.162896 0.986643
    outer loop
      vertex 143 88.5866 8.73016
      vertex 139 91.04 8.3251
      vertex 139 88.5866 8.73016
    endloop
  endfacet
  facet normal 0 -0.812727 -0.582645
    outer loop
      vertex 139 127.596 67.1117
      vertex 143 126.147 69.1329
      vertex 139 126.147 69.1329
    endloop
  endfacet
  facet normal 0 -0.812727 -0.582645
    outer loop
      vertex 143 126.147 69.1329
      vertex 139 127.596 67.1117
      vertex 143 127.596 67.1117
    endloop
  endfacet
  facet normal 0 0.93591 -0.352238
    outer loop
      vertex 143 60.0167 58.2147
      vertex 139 60.8926 60.542
      vertex 143 60.8926 60.542
    endloop
  endfacet
  facet normal 0 0.93591 -0.352238
    outer loop
      vertex 139 60.8926 60.542
      vertex 143 60.0167 58.2147
      vertex 139 60.0167 58.2147
    endloop
  endfacet
  facet normal 0 0.999464 0.032735
    outer loop
      vertex 143 58.0814 43.5147
      vertex 139 58 46
      vertex 143 58 46
    endloop
  endfacet
  facet normal 0 0.999464 0.032735
    outer loop
      vertex 139 58 46
      vertex 143 58.0814 43.5147
      vertex 139 58.0814 43.5147
    endloop
  endfacet
  facet normal 0 0.995186 0.0980025
    outer loop
      vertex 143 58.3251 41.04
      vertex 139 58.0814 43.5147
      vertex 143 58.0814 43.5147
    endloop
  endfacet
  facet normal 0 0.995186 0.0980025
    outer loop
      vertex 139 58.0814 43.5147
      vertex 143 58.3251 41.04
      vertex 139 58.3251 41.04
    endloop
  endfacet
  facet normal 0 0.93591 0.352238
    outer loop
      vertex 143 60.8926 31.458
      vertex 139 60.0167 33.7853
      vertex 143 60.0167 33.7853
    endloop
  endfacet
  facet normal 0 0.93591 0.352238
    outer loop
      vertex 139 60.0167 33.7853
      vertex 143 60.8926 31.458
      vertex 139 60.8926 31.458
    endloop
  endfacet
  facet normal 0 -0.849227 0.528027
    outer loop
      vertex 139 127.596 24.8883
      vertex 143 128.909 27
      vertex 139 128.909 27
    endloop
  endfacet
  facet normal 0 -0.849227 0.528027
    outer loop
      vertex 143 128.909 27
      vertex 139 127.596 24.8883
      vertex 143 127.596 24.8883
    endloop
  endfacet
  facet normal 0 0.973882 -0.227053
    outer loop
      vertex 143 58.7302 53.4134
      vertex 139 59.2948 55.8351
      vertex 143 59.2948 55.8351
    endloop
  endfacet
  facet normal 0 0.973882 -0.227053
    outer loop
      vertex 139 59.2948 55.8351
      vertex 143 58.7302 53.4134
      vertex 139 58.7302 53.4134
    endloop
  endfacet
  facet normal 0 -0.935897 0.352273
    outer loop
      vertex 139 131.107 31.458
      vertex 143 131.983 33.7853
      vertex 139 131.983 33.7853
    endloop
  endfacet
  facet normal 0 -0.935897 0.352273
    outer loop
      vertex 143 131.983 33.7853
      vertex 139 131.107 31.458
      vertex 143 131.107 31.458
    endloop
  endfacet
  facet normal 0 0.812841 0.582485
    outer loop
      vertex 143 65.8526 22.8671
      vertex 139 64.4042 24.8883
      vertex 143 64.4042 24.8883
    endloop
  endfacet
  facet normal 0 0.812841 0.582485
    outer loop
      vertex 139 64.4042 24.8883
      vertex 143 65.8526 22.8671
      vertex 139 65.8526 22.8671
    endloop
  endfacet
  facet normal -0 0.290294 0.956937
    outer loop
      vertex 139 86.1649 9.29483
      vertex 143 83.7853 10.0167
      vertex 143 86.1649 9.29483
    endloop
  endfacet
  facet normal 0 0.290294 0.956937
    outer loop
      vertex 143 83.7853 10.0167
      vertex 139 86.1649 9.29483
      vertex 139 83.7853 10.0167
    endloop
  endfacet
  facet normal -0 0.528085 0.849191
    outer loop
      vertex 139 77 13.091
      vertex 143 74.8883 14.4042
      vertex 143 77 13.091
    endloop
  endfacet
  facet normal 0 0.528085 0.849191
    outer loop
      vertex 143 74.8883 14.4042
      vertex 139 77 13.091
      vertex 139 74.8883 14.4042
    endloop
  endfacet
  facet normal 0 0.956934 0.290305
    outer loop
      vertex 143 60.0167 33.7853
      vertex 139 59.2948 36.1649
      vertex 143 59.2948 36.1649
    endloop
  endfacet
  facet normal 0 0.956934 0.290305
    outer loop
      vertex 139 59.2948 36.1649
      vertex 143 60.0167 33.7853
      vertex 139 60.0167 33.7853
    endloop
  endfacet
  facet normal 0 0.995186 -0.0980025
    outer loop
      vertex 143 58.0814 48.4853
      vertex 139 58.3251 50.96
      vertex 143 58.3251 50.96
    endloop
  endfacet
  facet normal 0 0.995186 -0.0980025
    outer loop
      vertex 139 58.3251 50.96
      vertex 143 58.0814 48.4853
      vertex 139 58.0814 48.4853
    endloop
  endfacet
  facet normal 0 0.956934 -0.290305
    outer loop
      vertex 143 59.2948 55.8351
      vertex 139 60.0167 58.2147
      vertex 143 60.0167 58.2147
    endloop
  endfacet
  facet normal 0 0.956934 -0.290305
    outer loop
      vertex 139 60.0167 58.2147
      vertex 143 59.2948 55.8351
      vertex 139 59.2948 55.8351
    endloop
  endfacet
  facet normal 0 -0.849227 -0.528027
    outer loop
      vertex 139 128.909 65
      vertex 143 127.596 67.1117
      vertex 139 127.596 67.1117
    endloop
  endfacet
  facet normal 0 -0.849227 -0.528027
    outer loop
      vertex 143 127.596 67.1117
      vertex 139 128.909 65
      vertex 143 128.909 65
    endloop
  endfacet
  facet normal 0 -0.999469 0.0325743
    outer loop
      vertex 139 133.919 43.5147
      vertex 143 134 46
      vertex 139 134 46
    endloop
  endfacet
  facet normal 0 -0.999469 0.0325743
    outer loop
      vertex 143 134 46
      vertex 139 133.919 43.5147
      vertex 143 133.919 43.5147
    endloop
  endfacet
  facet normal 0 0.881918 0.471402
    outer loop
      vertex 143 63.091 27
      vertex 139 61.9188 29.193
      vertex 143 61.9188 29.193
    endloop
  endfacet
  facet normal 0 0.881918 0.471402
    outer loop
      vertex 139 61.9188 29.193
      vertex 143 63.091 27
      vertex 139 63.091 27
    endloop
  endfacet
  facet normal 0 -0.995174 0.098122
    outer loop
      vertex 139 133.675 41.04
      vertex 143 133.919 43.5147
      vertex 139 133.919 43.5147
    endloop
  endfacet
  facet normal 0 -0.995174 0.098122
    outer loop
      vertex 143 133.919 43.5147
      vertex 139 133.675 41.04
      vertex 143 133.675 41.04
    endloop
  endfacet
  facet normal -0 0.471402 0.881918
    outer loop
      vertex 139 79.193 11.9188
      vertex 143 77 13.091
      vertex 143 79.193 11.9188
    endloop
  endfacet
  facet normal 0 0.471402 0.881918
    outer loop
      vertex 143 77 13.091
      vertex 139 79.193 11.9188
      vertex 139 77 13.091
    endloop
  endfacet
  facet normal 0 0.999464 -0.032735
    outer loop
      vertex 143 58 46
      vertex 139 58.0814 48.4853
      vertex 143 58.0814 48.4853
    endloop
  endfacet
  facet normal 0 0.999464 -0.032735
    outer loop
      vertex 139 58.0814 48.4853
      vertex 143 58 46
      vertex 139 58 46
    endloop
  endfacet
  facet normal 0 0.986641 0.162912
    outer loop
      vertex 143 58.7302 38.5866
      vertex 139 58.3251 41.04
      vertex 143 58.3251 41.04
    endloop
  endfacet
  facet normal 0 0.986641 0.162912
    outer loop
      vertex 139 58.3251 41.04
      vertex 143 58.7302 38.5866
      vertex 139 58.7302 38.5866
    endloop
  endfacet
  facet normal 0 -0.812727 0.582645
    outer loop
      vertex 139 126.147 22.8671
      vertex 143 127.596 24.8883
      vertex 139 127.596 24.8883
    endloop
  endfacet
  facet normal 0 -0.812727 0.582645
    outer loop
      vertex 143 127.596 24.8883
      vertex 139 126.147 22.8671
      vertex 143 126.147 22.8671
    endloop
  endfacet
  facet normal 0 -0.881952 0.47134
    outer loop
      vertex 139 128.909 27
      vertex 143 130.081 29.193
      vertex 139 130.081 29.193
    endloop
  endfacet
  facet normal 0 -0.881952 0.47134
    outer loop
      vertex 143 130.081 29.193
      vertex 139 128.909 27
      vertex 143 128.909 27
    endloop
  endfacet
  facet normal 0 -0.881952 -0.47134
    outer loop
      vertex 139 130.081 62.807
      vertex 143 128.909 65
      vertex 139 128.909 65
    endloop
  endfacet
  facet normal 0 -0.881952 -0.47134
    outer loop
      vertex 143 128.909 65
      vertex 139 130.081 62.807
      vertex 143 130.081 62.807
    endloop
  endfacet
  facet normal 0 0.812841 -0.582485
    outer loop
      vertex 143 64.4042 67.1117
      vertex 139 65.8526 69.1329
      vertex 143 65.8526 69.1329
    endloop
  endfacet
  facet normal 0 0.812841 -0.582485
    outer loop
      vertex 139 65.8526 69.1329
      vertex 143 64.4042 67.1117
      vertex 139 64.4042 67.1117
    endloop
  endfacet
  facet normal 0 -0.973847 0.227205
    outer loop
      vertex 139 132.705 36.1649
      vertex 143 133.27 38.5866
      vertex 139 133.27 38.5866
    endloop
  endfacet
  facet normal 0 -0.973847 0.227205
    outer loop
      vertex 143 133.27 38.5866
      vertex 139 132.705 36.1649
      vertex 143 132.705 36.1649
    endloop
  endfacet
  facet normal 0 0.729891 -0.683564
    outer loop
      vertex 143 67.4301 71.0551
      vertex 139 69.1299 72.8701
      vertex 143 69.1299 72.8701
    endloop
  endfacet
  facet normal 0 0.729891 -0.683564
    outer loop
      vertex 139 69.1299 72.8701
      vertex 143 67.4301 71.0551
      vertex 139 67.4301 71.0551
    endloop
  endfacet
  facet normal 0 -0.956923 -0.290342
    outer loop
      vertex 139 132.705 55.8351
      vertex 143 131.983 58.2147
      vertex 139 131.983 58.2147
    endloop
  endfacet
  facet normal 0 -0.956923 -0.290342
    outer loop
      vertex 143 131.983 58.2147
      vertex 139 132.705 55.8351
      vertex 143 132.705 55.8351
    endloop
  endfacet
endsolid OpenSCAD_Model
