solid OpenSCAD_Model
  facet normal 0 1 -0
    outer loop
      vertex -53 -38 0
      vertex -66.5 -38 3.2
      vertex -53 -38 3.2
    endloop
  endfacet
  facet normal 0 1 0
    outer loop
      vertex -66.5 -38 3.2
      vertex -53 -38 0
      vertex -66.5 -38 0
    endloop
  endfacet
  facet normal -0.098039 0.995183 0
    outer loop
      vertex -52.0245 -37.9039 0
      vertex -53 -38 3.2
      vertex -52.0245 -37.9039 3.2
    endloop
  endfacet
  facet normal -0.098039 0.995183 0
    outer loop
      vertex -53 -38 3.2
      vertex -52.0245 -37.9039 0
      vertex -53 -38 0
    endloop
  endfacet
  facet normal -0.956943 -0.290276 0
    outer loop
      vertex -48.0961 34.7755 0
      vertex -48.3806 35.7134 3.2
      vertex -48.3806 35.7134 0
    endloop
  endfacet
  facet normal -0.956943 -0.290276 0
    outer loop
      vertex -48.3806 35.7134 3.2
      vertex -48.0961 34.7755 0
      vertex -48.0961 34.7755 3.2
    endloop
  endfacet
  facet normal -1 0 0
    outer loop
      vertex -48 -33 0
      vertex -48 33.8 3.2
      vertex -48 33.8 0
    endloop
  endfacet
  facet normal -1 -0 0
    outer loop
      vertex -48 33.8 3.2
      vertex -48 -33 0
      vertex -48 -33 3.2
    endloop
  endfacet
  facet normal -0.995183 -0.098039 0
    outer loop
      vertex -48 33.8 0
      vertex -48.0961 34.7755 3.2
      vertex -48.0961 34.7755 0
    endloop
  endfacet
  facet normal -0.995183 -0.098039 0
    outer loop
      vertex -48.0961 34.7755 3.2
      vertex -48 33.8 0
      vertex -48 33.8 3.2
    endloop
  endfacet
  facet normal 0.995183 -0.098039 0
    outer loop
      vertex -71.5 33.8 3.2
      vertex -71.4039 34.7755 0
      vertex -71.4039 34.7755 3.2
    endloop
  endfacet
  facet normal 0.995183 -0.098039 0
    outer loop
      vertex -71.4039 34.7755 0
      vertex -71.5 33.8 3.2
      vertex -71.5 33.8 0
    endloop
  endfacet
  facet normal -0.634426 0.772984 0
    outer loop
      vertex -49.4645 -36.5355 0
      vertex -50.2221 -37.1573 3.2
      vertex -49.4645 -36.5355 3.2
    endloop
  endfacet
  facet normal -0.634426 0.772984 0
    outer loop
      vertex -50.2221 -37.1573 3.2
      vertex -49.4645 -36.5355 0
      vertex -50.2221 -37.1573 0
    endloop
  endfacet
  facet normal 1 -0 0
    outer loop
      vertex -71.5 -33 3.2
      vertex -71.5 33.8 0
      vertex -71.5 33.8 3.2
    endloop
  endfacet
  facet normal 1 0 0
    outer loop
      vertex -71.5 33.8 0
      vertex -71.5 -33 3.2
      vertex -71.5 -33 0
    endloop
  endfacet
  facet normal -0.995183 0.098039 0
    outer loop
      vertex -48.0961 -33.9755 0
      vertex -48 -33 3.2
      vertex -48 -33 0
    endloop
  endfacet
  facet normal -0.995183 0.098039 0
    outer loop
      vertex -48 -33 3.2
      vertex -48.0961 -33.9755 0
      vertex -48.0961 -33.9755 3.2
    endloop
  endfacet
  facet normal 0.098049 0.995182 -0
    outer loop
      vertex -66.5 -38 0
      vertex -67.4754 -37.9039 3.2
      vertex -66.5 -38 3.2
    endloop
  endfacet
  facet normal 0.098049 0.995182 0
    outer loop
      vertex -67.4754 -37.9039 3.2
      vertex -66.5 -38 0
      vertex -67.4754 -37.9039 0
    endloop
  endfacet
  facet normal 0.956943 -0.290276 0
    outer loop
      vertex -71.4039 34.7755 3.2
      vertex -71.1194 35.7134 0
      vertex -71.1194 35.7134 3.2
    endloop
  endfacet
  facet normal 0.956943 -0.290276 0
    outer loop
      vertex -71.1194 35.7134 0
      vertex -71.4039 34.7755 3.2
      vertex -71.4039 34.7755 0
    endloop
  endfacet
  facet normal 0.956943 0.290276 0
    outer loop
      vertex -71.1194 -34.9134 3.2
      vertex -71.4039 -33.9755 0
      vertex -71.4039 -33.9755 3.2
    endloop
  endfacet
  facet normal 0.956943 0.290276 0
    outer loop
      vertex -71.4039 -33.9755 0
      vertex -71.1194 -34.9134 3.2
      vertex -71.1194 -34.9134 0
    endloop
  endfacet
  facet normal -0.634426 -0.772984 0
    outer loop
      vertex -50.2221 37.9573 0
      vertex -49.4645 37.3355 3.2
      vertex -50.2221 37.9573 3.2
    endloop
  endfacet
  facet normal -0.634426 -0.772984 -0
    outer loop
      vertex -49.4645 37.3355 3.2
      vertex -50.2221 37.9573 0
      vertex -49.4645 37.3355 0
    endloop
  endfacet
  facet normal 0.098049 -0.995182 0
    outer loop
      vertex -67.4754 38.7039 0
      vertex -66.5 38.8 3.2
      vertex -67.4754 38.7039 3.2
    endloop
  endfacet
  facet normal 0.098049 -0.995182 0
    outer loop
      vertex -66.5 38.8 3.2
      vertex -67.4754 38.7039 0
      vertex -66.5 38.8 0
    endloop
  endfacet
  facet normal 0.772984 -0.634426 0
    outer loop
      vertex -70.6573 36.5779 3.2
      vertex -70.0355 37.3355 0
      vertex -70.0355 37.3355 3.2
    endloop
  endfacet
  facet normal 0.772984 -0.634426 0
    outer loop
      vertex -70.0355 37.3355 0
      vertex -70.6573 36.5779 3.2
      vertex -70.6573 36.5779 0
    endloop
  endfacet
  facet normal 0.290248 0.956951 -0
    outer loop
      vertex -67.4754 -37.9039 0
      vertex -68.4134 -37.6194 3.2
      vertex -67.4754 -37.9039 3.2
    endloop
  endfacet
  facet normal 0.290248 0.956951 0
    outer loop
      vertex -68.4134 -37.6194 3.2
      vertex -67.4754 -37.9039 0
      vertex -68.4134 -37.6194 0
    endloop
  endfacet
  facet normal 0 -1 0
    outer loop
      vertex -66.5 38.8 0
      vertex -53 38.8 3.2
      vertex -66.5 38.8 3.2
    endloop
  endfacet
  facet normal 0 -1 -0
    outer loop
      vertex -53 38.8 3.2
      vertex -66.5 38.8 0
      vertex -53 38.8 0
    endloop
  endfacet
  facet normal -0.772984 0.634426 0
    outer loop
      vertex -49.4645 -36.5355 0
      vertex -48.8427 -35.7779 3.2
      vertex -48.8427 -35.7779 0
    endloop
  endfacet
  facet normal -0.772984 0.634426 0
    outer loop
      vertex -48.8427 -35.7779 3.2
      vertex -49.4645 -36.5355 0
      vertex -49.4645 -36.5355 3.2
    endloop
  endfacet
  facet normal -0.471409 0.881915 0
    outer loop
      vertex -50.2221 -37.1573 0
      vertex -51.0866 -37.6194 3.2
      vertex -50.2221 -37.1573 3.2
    endloop
  endfacet
  facet normal -0.471409 0.881915 0
    outer loop
      vertex -51.0866 -37.6194 3.2
      vertex -50.2221 -37.1573 0
      vertex -51.0866 -37.6194 0
    endloop
  endfacet
  facet normal -0.290276 0.956943 0
    outer loop
      vertex -51.0866 -37.6194 0
      vertex -52.0245 -37.9039 3.2
      vertex -51.0866 -37.6194 3.2
    endloop
  endfacet
  facet normal -0.290276 0.956943 0
    outer loop
      vertex -52.0245 -37.9039 3.2
      vertex -51.0866 -37.6194 0
      vertex -52.0245 -37.9039 0
    endloop
  endfacet
  facet normal -0.772984 -0.634426 0
    outer loop
      vertex -48.8427 36.5779 0
      vertex -49.4645 37.3355 3.2
      vertex -49.4645 37.3355 0
    endloop
  endfacet
  facet normal -0.772984 -0.634426 0
    outer loop
      vertex -49.4645 37.3355 3.2
      vertex -48.8427 36.5779 0
      vertex -48.8427 36.5779 3.2
    endloop
  endfacet
  facet normal -0.881915 -0.471409 0
    outer loop
      vertex -48.3806 35.7134 0
      vertex -48.8427 36.5779 3.2
      vertex -48.8427 36.5779 0
    endloop
  endfacet
  facet normal -0.881915 -0.471409 0
    outer loop
      vertex -48.8427 36.5779 3.2
      vertex -48.3806 35.7134 0
      vertex -48.3806 35.7134 3.2
    endloop
  endfacet
  facet normal -0.098039 -0.995183 0
    outer loop
      vertex -53 38.8 0
      vertex -52.0245 38.7039 3.2
      vertex -53 38.8 3.2
    endloop
  endfacet
  facet normal -0.098039 -0.995183 -0
    outer loop
      vertex -52.0245 38.7039 3.2
      vertex -53 38.8 0
      vertex -52.0245 38.7039 0
    endloop
  endfacet
  facet normal -0.881915 0.471409 0
    outer loop
      vertex -48.8427 -35.7779 0
      vertex -48.3806 -34.9134 3.2
      vertex -48.3806 -34.9134 0
    endloop
  endfacet
  facet normal -0.881915 0.471409 0
    outer loop
      vertex -48.3806 -34.9134 3.2
      vertex -48.8427 -35.7779 0
      vertex -48.8427 -35.7779 3.2
    endloop
  endfacet
  facet normal 0.881915 -0.471409 0
    outer loop
      vertex -71.1194 35.7134 3.2
      vertex -70.6573 36.5779 0
      vertex -70.6573 36.5779 3.2
    endloop
  endfacet
  facet normal 0.881915 -0.471409 0
    outer loop
      vertex -70.6573 36.5779 0
      vertex -71.1194 35.7134 3.2
      vertex -71.1194 35.7134 0
    endloop
  endfacet
  facet normal 0.471451 -0.881892 0
    outer loop
      vertex -69.2778 37.9573 0
      vertex -68.4134 38.4194 3.2
      vertex -69.2778 37.9573 3.2
    endloop
  endfacet
  facet normal 0.471451 -0.881892 0
    outer loop
      vertex -68.4134 38.4194 3.2
      vertex -69.2778 37.9573 0
      vertex -68.4134 38.4194 0
    endloop
  endfacet
  facet normal -0.290276 -0.956943 0
    outer loop
      vertex -52.0245 38.7039 0
      vertex -51.0866 38.4194 3.2
      vertex -52.0245 38.7039 3.2
    endloop
  endfacet
  facet normal -0.290276 -0.956943 -0
    outer loop
      vertex -51.0866 38.4194 3.2
      vertex -52.0245 38.7039 0
      vertex -51.0866 38.4194 0
    endloop
  endfacet
  facet normal -0.471409 -0.881915 0
    outer loop
      vertex -51.0866 38.4194 0
      vertex -50.2221 37.9573 3.2
      vertex -51.0866 38.4194 3.2
    endloop
  endfacet
  facet normal -0.471409 -0.881915 -0
    outer loop
      vertex -50.2221 37.9573 3.2
      vertex -51.0866 38.4194 0
      vertex -50.2221 37.9573 0
    endloop
  endfacet
  facet normal 0.634376 -0.773025 0
    outer loop
      vertex -70.0355 37.3355 0
      vertex -69.2778 37.9573 3.2
      vertex -70.0355 37.3355 3.2
    endloop
  endfacet
  facet normal 0.634376 -0.773025 0
    outer loop
      vertex -69.2778 37.9573 3.2
      vertex -70.0355 37.3355 0
      vertex -69.2778 37.9573 0
    endloop
  endfacet
  facet normal 0.995183 0.098039 0
    outer loop
      vertex -71.4039 -33.9755 3.2
      vertex -71.5 -33 0
      vertex -71.5 -33 3.2
    endloop
  endfacet
  facet normal 0.995183 0.098039 0
    outer loop
      vertex -71.5 -33 0
      vertex -71.4039 -33.9755 3.2
      vertex -71.4039 -33.9755 0
    endloop
  endfacet
  facet normal 0.290248 -0.956951 0
    outer loop
      vertex -68.4134 38.4194 0
      vertex -67.4754 38.7039 3.2
      vertex -68.4134 38.4194 3.2
    endloop
  endfacet
  facet normal 0.290248 -0.956951 0
    outer loop
      vertex -67.4754 38.7039 3.2
      vertex -68.4134 38.4194 0
      vertex -67.4754 38.7039 0
    endloop
  endfacet
  facet normal 0.772984 0.634426 0
    outer loop
      vertex -70.0355 -36.5355 3.2
      vertex -70.6573 -35.7779 0
      vertex -70.6573 -35.7779 3.2
    endloop
  endfacet
  facet normal 0.772984 0.634426 0
    outer loop
      vertex -70.6573 -35.7779 0
      vertex -70.0355 -36.5355 3.2
      vertex -70.0355 -36.5355 0
    endloop
  endfacet
  facet normal 0.634376 0.773025 -0
    outer loop
      vertex -69.2778 -37.1573 0
      vertex -70.0355 -36.5355 3.2
      vertex -69.2778 -37.1573 3.2
    endloop
  endfacet
  facet normal 0.634376 0.773025 0
    outer loop
      vertex -70.0355 -36.5355 3.2
      vertex -69.2778 -37.1573 0
      vertex -70.0355 -36.5355 0
    endloop
  endfacet
  facet normal 0.471451 0.881892 -0
    outer loop
      vertex -68.4134 -37.6194 0
      vertex -69.2778 -37.1573 3.2
      vertex -68.4134 -37.6194 3.2
    endloop
  endfacet
  facet normal 0.471451 0.881892 0
    outer loop
      vertex -69.2778 -37.1573 3.2
      vertex -68.4134 -37.6194 0
      vertex -69.2778 -37.1573 0
    endloop
  endfacet
  facet normal 0.881915 0.471409 0
    outer loop
      vertex -70.6573 -35.7779 3.2
      vertex -71.1194 -34.9134 0
      vertex -71.1194 -34.9134 3.2
    endloop
  endfacet
  facet normal 0.881915 0.471409 0
    outer loop
      vertex -71.1194 -34.9134 0
      vertex -70.6573 -35.7779 3.2
      vertex -70.6573 -35.7779 0
    endloop
  endfacet
  facet normal -0.956943 0.290276 0
    outer loop
      vertex -48.3806 -34.9134 0
      vertex -48.0961 -33.9755 3.2
      vertex -48.0961 -33.9755 0
    endloop
  endfacet
  facet normal -0.956943 0.290276 0
    outer loop
      vertex -48.0961 -33.9755 3.2
      vertex -48.3806 -34.9134 0
      vertex -48.3806 -34.9134 3.2
    endloop
  endfacet
  facet normal -0.881915 0.471409 0
    outer loop
      vertex 70.6573 -35.7779 0
      vertex 71.1194 -34.9134 3.2
      vertex 71.1194 -34.9134 0
    endloop
  endfacet
  facet normal -0.881915 0.471409 0
    outer loop
      vertex 71.1194 -34.9134 3.2
      vertex 70.6573 -35.7779 0
      vertex 70.6573 -35.7779 3.2
    endloop
  endfacet
  facet normal 0 1 -0
    outer loop
      vertex 66.5 -38 0
      vertex 53 -38 3.2
      vertex 66.5 -38 3.2
    endloop
  endfacet
  facet normal 0 1 0
    outer loop
      vertex 53 -38 3.2
      vertex 66.5 -38 0
      vertex 53 -38 0
    endloop
  endfacet
  facet normal -0.995183 0.098039 0
    outer loop
      vertex 71.4039 -33.9755 0
      vertex 71.5 -33 3.2
      vertex 71.5 -33 0
    endloop
  endfacet
  facet normal -0.995183 0.098039 0
    outer loop
      vertex 71.5 -33 3.2
      vertex 71.4039 -33.9755 0
      vertex 71.4039 -33.9755 3.2
    endloop
  endfacet
  facet normal -1 0 0
    outer loop
      vertex 71.5 -33 0
      vertex 71.5 33.8 3.2
      vertex 71.5 33.8 0
    endloop
  endfacet
  facet normal -1 -0 0
    outer loop
      vertex 71.5 33.8 3.2
      vertex 71.5 -33 0
      vertex 71.5 -33 3.2
    endloop
  endfacet
  facet normal 0 -1 0
    outer loop
      vertex 53 38.8 0
      vertex 66.5 38.8 3.2
      vertex 53 38.8 3.2
    endloop
  endfacet
  facet normal 0 -1 -0
    outer loop
      vertex 66.5 38.8 3.2
      vertex 53 38.8 0
      vertex 66.5 38.8 0
    endloop
  endfacet
  facet normal -0.956943 0.290276 0
    outer loop
      vertex 71.1194 -34.9134 0
      vertex 71.4039 -33.9755 3.2
      vertex 71.4039 -33.9755 0
    endloop
  endfacet
  facet normal -0.956943 0.290276 0
    outer loop
      vertex 71.4039 -33.9755 3.2
      vertex 71.1194 -34.9134 0
      vertex 71.1194 -34.9134 3.2
    endloop
  endfacet
  facet normal 0.290276 0.956943 -0
    outer loop
      vertex 52.0245 -37.9039 0
      vertex 51.0866 -37.6194 3.2
      vertex 52.0245 -37.9039 3.2
    endloop
  endfacet
  facet normal 0.290276 0.956943 0
    outer loop
      vertex 51.0866 -37.6194 3.2
      vertex 52.0245 -37.9039 0
      vertex 51.0866 -37.6194 0
    endloop
  endfacet
  facet normal 0.098039 0.995183 -0
    outer loop
      vertex 53 -38 0
      vertex 52.0245 -37.9039 3.2
      vertex 53 -38 3.2
    endloop
  endfacet
  facet normal 0.098039 0.995183 0
    outer loop
      vertex 52.0245 -37.9039 3.2
      vertex 53 -38 0
      vertex 52.0245 -37.9039 0
    endloop
  endfacet
  facet normal -0.956943 -0.290276 0
    outer loop
      vertex 71.4039 34.7755 0
      vertex 71.1194 35.7134 3.2
      vertex 71.1194 35.7134 0
    endloop
  endfacet
  facet normal -0.956943 -0.290276 0
    outer loop
      vertex 71.1194 35.7134 3.2
      vertex 71.4039 34.7755 0
      vertex 71.4039 34.7755 3.2
    endloop
  endfacet
  facet normal 0.956943 -0.290276 0
    outer loop
      vertex 48.0961 34.7755 3.2
      vertex 48.3806 35.7134 0
      vertex 48.3806 35.7134 3.2
    endloop
  endfacet
  facet normal 0.956943 -0.290276 0
    outer loop
      vertex 48.3806 35.7134 0
      vertex 48.0961 34.7755 3.2
      vertex 48.0961 34.7755 0
    endloop
  endfacet
  facet normal 0.772984 0.634426 0
    outer loop
      vertex 49.4645 -36.5355 3.2
      vertex 48.8427 -35.7779 0
      vertex 48.8427 -35.7779 3.2
    endloop
  endfacet
  facet normal 0.772984 0.634426 0
    outer loop
      vertex 48.8427 -35.7779 0
      vertex 49.4645 -36.5355 3.2
      vertex 49.4645 -36.5355 0
    endloop
  endfacet
  facet normal -0.772984 0.634426 0
    outer loop
      vertex 70.0355 -36.5355 0
      vertex 70.6573 -35.7779 3.2
      vertex 70.6573 -35.7779 0
    endloop
  endfacet
  facet normal -0.772984 0.634426 0
    outer loop
      vertex 70.6573 -35.7779 3.2
      vertex 70.0355 -36.5355 0
      vertex 70.0355 -36.5355 3.2
    endloop
  endfacet
  facet normal -0.881915 -0.471409 0
    outer loop
      vertex 71.1194 35.7134 0
      vertex 70.6573 36.5779 3.2
      vertex 70.6573 36.5779 0
    endloop
  endfacet
  facet normal -0.881915 -0.471409 0
    outer loop
      vertex 70.6573 36.5779 3.2
      vertex 71.1194 35.7134 0
      vertex 71.1194 35.7134 3.2
    endloop
  endfacet
  facet normal -0.995183 -0.098039 0
    outer loop
      vertex 71.5 33.8 0
      vertex 71.4039 34.7755 3.2
      vertex 71.4039 34.7755 0
    endloop
  endfacet
  facet normal -0.995183 -0.098039 0
    outer loop
      vertex 71.4039 34.7755 3.2
      vertex 71.5 33.8 0
      vertex 71.5 33.8 3.2
    endloop
  endfacet
  facet normal -0.634376 -0.773025 0
    outer loop
      vertex 69.2778 37.9573 0
      vertex 70.0355 37.3355 3.2
      vertex 69.2778 37.9573 3.2
    endloop
  endfacet
  facet normal -0.634376 -0.773025 -0
    outer loop
      vertex 70.0355 37.3355 3.2
      vertex 69.2778 37.9573 0
      vertex 70.0355 37.3355 0
    endloop
  endfacet
  facet normal 0.634426 0.772984 -0
    outer loop
      vertex 50.2221 -37.1573 0
      vertex 49.4645 -36.5355 3.2
      vertex 50.2221 -37.1573 3.2
    endloop
  endfacet
  facet normal 0.634426 0.772984 0
    outer loop
      vertex 49.4645 -36.5355 3.2
      vertex 50.2221 -37.1573 0
      vertex 49.4645 -36.5355 0
    endloop
  endfacet
  facet normal -0.290248 0.956951 0
    outer loop
      vertex 68.4134 -37.6194 0
      vertex 67.4754 -37.9039 3.2
      vertex 68.4134 -37.6194 3.2
    endloop
  endfacet
  facet normal -0.290248 0.956951 0
    outer loop
      vertex 67.4754 -37.9039 3.2
      vertex 68.4134 -37.6194 0
      vertex 67.4754 -37.9039 0
    endloop
  endfacet
  facet normal -0.098049 -0.995182 0
    outer loop
      vertex 66.5 38.8 0
      vertex 67.4754 38.7039 3.2
      vertex 66.5 38.8 3.2
    endloop
  endfacet
  facet normal -0.098049 -0.995182 -0
    outer loop
      vertex 67.4754 38.7039 3.2
      vertex 66.5 38.8 0
      vertex 67.4754 38.7039 0
    endloop
  endfacet
  facet normal 0.995183 0.098039 0
    outer loop
      vertex 48.0961 -33.9755 3.2
      vertex 48 -33 0
      vertex 48 -33 3.2
    endloop
  endfacet
  facet normal 0.995183 0.098039 0
    outer loop
      vertex 48 -33 0
      vertex 48.0961 -33.9755 3.2
      vertex 48.0961 -33.9755 0
    endloop
  endfacet
  facet normal 0.995183 -0.098039 0
    outer loop
      vertex 48 33.8 3.2
      vertex 48.0961 34.7755 0
      vertex 48.0961 34.7755 3.2
    endloop
  endfacet
  facet normal 0.995183 -0.098039 0
    outer loop
      vertex 48.0961 34.7755 0
      vertex 48 33.8 3.2
      vertex 48 33.8 0
    endloop
  endfacet
  facet normal 0.098039 -0.995183 0
    outer loop
      vertex 52.0245 38.7039 0
      vertex 53 38.8 3.2
      vertex 52.0245 38.7039 3.2
    endloop
  endfacet
  facet normal 0.098039 -0.995183 0
    outer loop
      vertex 53 38.8 3.2
      vertex 52.0245 38.7039 0
      vertex 53 38.8 0
    endloop
  endfacet
  facet normal -0.634376 0.773025 0
    outer loop
      vertex 70.0355 -36.5355 0
      vertex 69.2778 -37.1573 3.2
      vertex 70.0355 -36.5355 3.2
    endloop
  endfacet
  facet normal -0.634376 0.773025 0
    outer loop
      vertex 69.2778 -37.1573 3.2
      vertex 70.0355 -36.5355 0
      vertex 69.2778 -37.1573 0
    endloop
  endfacet
  facet normal -0.290248 -0.956951 0
    outer loop
      vertex 67.4754 38.7039 0
      vertex 68.4134 38.4194 3.2
      vertex 67.4754 38.7039 3.2
    endloop
  endfacet
  facet normal -0.290248 -0.956951 -0
    outer loop
      vertex 68.4134 38.4194 3.2
      vertex 67.4754 38.7039 0
      vertex 68.4134 38.4194 0
    endloop
  endfacet
  facet normal 1 -0 0
    outer loop
      vertex 48 -33 3.2
      vertex 48 33.8 0
      vertex 48 33.8 3.2
    endloop
  endfacet
  facet normal 1 0 0
    outer loop
      vertex 48 33.8 0
      vertex 48 -33 3.2
      vertex 48 -33 0
    endloop
  endfacet
  facet normal -0.098049 0.995182 0
    outer loop
      vertex 67.4754 -37.9039 0
      vertex 66.5 -38 3.2
      vertex 67.4754 -37.9039 3.2
    endloop
  endfacet
  facet normal -0.098049 0.995182 0
    outer loop
      vertex 66.5 -38 3.2
      vertex 67.4754 -37.9039 0
      vertex 66.5 -38 0
    endloop
  endfacet
  facet normal -0.772984 -0.634426 0
    outer loop
      vertex 70.6573 36.5779 0
      vertex 70.0355 37.3355 3.2
      vertex 70.0355 37.3355 0
    endloop
  endfacet
  facet normal -0.772984 -0.634426 0
    outer loop
      vertex 70.0355 37.3355 3.2
      vertex 70.6573 36.5779 0
      vertex 70.6573 36.5779 3.2
    endloop
  endfacet
  facet normal 0.881915 0.471409 0
    outer loop
      vertex 48.8427 -35.7779 3.2
      vertex 48.3806 -34.9134 0
      vertex 48.3806 -34.9134 3.2
    endloop
  endfacet
  facet normal 0.881915 0.471409 0
    outer loop
      vertex 48.3806 -34.9134 0
      vertex 48.8427 -35.7779 3.2
      vertex 48.8427 -35.7779 0
    endloop
  endfacet
  facet normal 0.881915 -0.471409 0
    outer loop
      vertex 48.3806 35.7134 3.2
      vertex 48.8427 36.5779 0
      vertex 48.8427 36.5779 3.2
    endloop
  endfacet
  facet normal 0.881915 -0.471409 0
    outer loop
      vertex 48.8427 36.5779 0
      vertex 48.3806 35.7134 3.2
      vertex 48.3806 35.7134 0
    endloop
  endfacet
  facet normal -0.471451 0.881892 0
    outer loop
      vertex 69.2778 -37.1573 0
      vertex 68.4134 -37.6194 3.2
      vertex 69.2778 -37.1573 3.2
    endloop
  endfacet
  facet normal -0.471451 0.881892 0
    outer loop
      vertex 68.4134 -37.6194 3.2
      vertex 69.2778 -37.1573 0
      vertex 68.4134 -37.6194 0
    endloop
  endfacet
  facet normal 0.290276 -0.956943 0
    outer loop
      vertex 51.0866 38.4194 0
      vertex 52.0245 38.7039 3.2
      vertex 51.0866 38.4194 3.2
    endloop
  endfacet
  facet normal 0.290276 -0.956943 0
    outer loop
      vertex 52.0245 38.7039 3.2
      vertex 51.0866 38.4194 0
      vertex 52.0245 38.7039 0
    endloop
  endfacet
  facet normal 0.956943 0.290276 0
    outer loop
      vertex 48.3806 -34.9134 3.2
      vertex 48.0961 -33.9755 0
      vertex 48.0961 -33.9755 3.2
    endloop
  endfacet
  facet normal 0.956943 0.290276 0
    outer loop
      vertex 48.0961 -33.9755 0
      vertex 48.3806 -34.9134 3.2
      vertex 48.3806 -34.9134 0
    endloop
  endfacet
  facet normal -0.471451 -0.881892 0
    outer loop
      vertex 68.4134 38.4194 0
      vertex 69.2778 37.9573 3.2
      vertex 68.4134 38.4194 3.2
    endloop
  endfacet
  facet normal -0.471451 -0.881892 -0
    outer loop
      vertex 69.2778 37.9573 3.2
      vertex 68.4134 38.4194 0
      vertex 69.2778 37.9573 0
    endloop
  endfacet
  facet normal 0.471409 -0.881915 0
    outer loop
      vertex 50.2221 37.9573 0
      vertex 51.0866 38.4194 3.2
      vertex 50.2221 37.9573 3.2
    endloop
  endfacet
  facet normal 0.471409 -0.881915 0
    outer loop
      vertex 51.0866 38.4194 3.2
      vertex 50.2221 37.9573 0
      vertex 51.0866 38.4194 0
    endloop
  endfacet
  facet normal 0.772984 -0.634426 0
    outer loop
      vertex 48.8427 36.5779 3.2
      vertex 49.4645 37.3355 0
      vertex 49.4645 37.3355 3.2
    endloop
  endfacet
  facet normal 0.772984 -0.634426 0
    outer loop
      vertex 49.4645 37.3355 0
      vertex 48.8427 36.5779 3.2
      vertex 48.8427 36.5779 0
    endloop
  endfacet
  facet normal 0.471409 0.881915 -0
    outer loop
      vertex 51.0866 -37.6194 0
      vertex 50.2221 -37.1573 3.2
      vertex 51.0866 -37.6194 3.2
    endloop
  endfacet
  facet normal 0.471409 0.881915 0
    outer loop
      vertex 50.2221 -37.1573 3.2
      vertex 51.0866 -37.6194 0
      vertex 50.2221 -37.1573 0
    endloop
  endfacet
  facet normal 0.634426 -0.772984 0
    outer loop
      vertex 49.4645 37.3355 0
      vertex 50.2221 37.9573 3.2
      vertex 49.4645 37.3355 3.2
    endloop
  endfacet
  facet normal 0.634426 -0.772984 0
    outer loop
      vertex 50.2221 37.9573 3.2
      vertex 49.4645 37.3355 0
      vertex 50.2221 37.9573 0
    endloop
  endfacet
  facet normal 1 -0 0
    outer loop
      vertex 93.5 -46 3.2
      vertex 93.5 46.8 0
      vertex 93.5 46.8 3.2
    endloop
  endfacet
  facet normal 1 0 0
    outer loop
      vertex 93.5 46.8 0
      vertex 93.5 -46 3.2
      vertex 93.5 -46 0
    endloop
  endfacet
  facet normal 0 0 1
    outer loop
      vertex -85.5 46.8 3.2
      vertex -85.5514 41.925 3.2
      vertex -85.5 41.8008 3.2
    endloop
  endfacet
  facet normal 0 0 1
    outer loop
      vertex -85.5 46.8 3.2
      vertex -85.909 42.391 3.2
      vertex -85.5514 41.925 3.2
    endloop
  endfacet
  facet normal 0 0 1
    outer loop
      vertex -85.5 46.8 3.2
      vertex -86.375 42.7486 3.2
      vertex -85.909 42.391 3.2
    endloop
  endfacet
  facet normal 0 0 1
    outer loop
      vertex -85.5 46.8 3.2
      vertex -86.9177 42.9733 3.2
      vertex -86.375 42.7486 3.2
    endloop
  endfacet
  facet normal 0 0 1
    outer loop
      vertex -85.5 46.8 3.2
      vertex -87.5 43.05 3.2
      vertex -86.9177 42.9733 3.2
    endloop
  endfacet
  facet normal 0 0 1
    outer loop
      vertex -85.5 46.8 3.2
      vertex -88.0823 42.9733 3.2
      vertex -87.5 43.05 3.2
    endloop
  endfacet
  facet normal -0 0 1
    outer loop
      vertex -93.5 46.8 3.2
      vertex -88.0823 42.9733 3.2
      vertex -85.5 46.8 3.2
    endloop
  endfacet
  facet normal 0 0 1
    outer loop
      vertex -88.0823 42.9733 3.2
      vertex -93.5 46.8 3.2
      vertex -88.625 42.7486 3.2
    endloop
  endfacet
  facet normal 0 0 1
    outer loop
      vertex -89.5 -8 3.2
      vertex -93.5 -46 3.2
      vertex -89.5 -22 3.2
    endloop
  endfacet
  facet normal 0 0 1
    outer loop
      vertex -89.6733 41.3823 3.2
      vertex -93.5 46.8 3.2
      vertex -89.75 40.8 3.2
    endloop
  endfacet
  facet normal 0 0 1
    outer loop
      vertex -89.4486 41.925 3.2
      vertex -93.5 46.8 3.2
      vertex -89.6733 41.3823 3.2
    endloop
  endfacet
  facet normal 0 0 1
    outer loop
      vertex -89.091 42.391 3.2
      vertex -93.5 46.8 3.2
      vertex -89.4486 41.925 3.2
    endloop
  endfacet
  facet normal 0 0 1
    outer loop
      vertex -88.625 42.7486 3.2
      vertex -93.5 46.8 3.2
      vertex -89.091 42.391 3.2
    endloop
  endfacet
  facet normal -0 0 1
    outer loop
      vertex -85.5514 39.675 3.2
      vertex -85.5 -8 3.2
      vertex -85.5 39.7992 3.2
    endloop
  endfacet
  facet normal -0 0 1
    outer loop
      vertex -85.909 39.209 3.2
      vertex -85.5 -8 3.2
      vertex -85.5514 39.675 3.2
    endloop
  endfacet
  facet normal -0 0 1
    outer loop
      vertex -86.375 38.8514 3.2
      vertex -85.5 -8 3.2
      vertex -85.909 39.209 3.2
    endloop
  endfacet
  facet normal -0 0 1
    outer loop
      vertex -86.9177 38.6267 3.2
      vertex -85.5 -8 3.2
      vertex -86.375 38.8514 3.2
    endloop
  endfacet
  facet normal -0 0 1
    outer loop
      vertex -87.5 38.55 3.2
      vertex -85.5 -8 3.2
      vertex -86.9177 38.6267 3.2
    endloop
  endfacet
  facet normal 0 0 1
    outer loop
      vertex -89.5 -8 3.2
      vertex -87.5 38.55 3.2
      vertex -88.0823 38.6267 3.2
    endloop
  endfacet
  facet normal 0 0 1
    outer loop
      vertex -89.5 -8 3.2
      vertex -88.0823 38.6267 3.2
      vertex -88.625 38.8514 3.2
    endloop
  endfacet
  facet normal 0 0 1
    outer loop
      vertex -89.5 -8 3.2
      vertex -88.625 38.8514 3.2
      vertex -89.091 39.209 3.2
    endloop
  endfacet
  facet normal 0 0 1
    outer loop
      vertex -89.5 -8 3.2
      vertex -89.091 39.209 3.2
      vertex -89.4486 39.675 3.2
    endloop
  endfacet
  facet normal 0 0 1
    outer loop
      vertex -87.5 38.55 3.2
      vertex -89.5 -8 3.2
      vertex -85.5 -8 3.2
    endloop
  endfacet
  facet normal 0 0 1
    outer loop
      vertex -93.5 46.8 3.2
      vertex -89.6733 40.2177 3.2
      vertex -89.75 40.8 3.2
    endloop
  endfacet
  facet normal 0 0 1
    outer loop
      vertex -93.5 46.8 3.2
      vertex -89.4486 39.675 3.2
      vertex -89.6733 40.2177 3.2
    endloop
  endfacet
  facet normal 0 0 1
    outer loop
      vertex -85.5 -22 3.2
      vertex -85.5514 -38.875 3.2
      vertex -85.5 -38.9992 3.2
    endloop
  endfacet
  facet normal 0 0 1
    outer loop
      vertex -85.5 -22 3.2
      vertex -85.909 -38.409 3.2
      vertex -85.5514 -38.875 3.2
    endloop
  endfacet
  facet normal 0 0 1
    outer loop
      vertex -85.5 -22 3.2
      vertex -86.375 -38.0514 3.2
      vertex -85.909 -38.409 3.2
    endloop
  endfacet
  facet normal 0 0 1
    outer loop
      vertex -85.5 -22 3.2
      vertex -86.9177 -37.8267 3.2
      vertex -86.375 -38.0514 3.2
    endloop
  endfacet
  facet normal 0 0 1
    outer loop
      vertex -85.5 -22 3.2
      vertex -87.5 -37.75 3.2
      vertex -86.9177 -37.8267 3.2
    endloop
  endfacet
  facet normal -0 0 1
    outer loop
      vertex -89.5 -22 3.2
      vertex -87.5 -37.75 3.2
      vertex -85.5 -22 3.2
    endloop
  endfacet
  facet normal 0 0 1
    outer loop
      vertex -87.5 -37.75 3.2
      vertex -89.5 -22 3.2
      vertex -88.0823 -37.8267 3.2
    endloop
  endfacet
  facet normal 0 0 1
    outer loop
      vertex -88.0823 -37.8267 3.2
      vertex -89.5 -22 3.2
      vertex -88.625 -38.0514 3.2
    endloop
  endfacet
  facet normal 0 0 1
    outer loop
      vertex -88.625 -38.0514 3.2
      vertex -89.5 -22 3.2
      vertex -89.091 -38.409 3.2
    endloop
  endfacet
  facet normal 0 0 1
    outer loop
      vertex -89.091 -38.409 3.2
      vertex -89.5 -22 3.2
      vertex -89.4486 -38.875 3.2
    endloop
  endfacet
  facet normal 0 0 1
    outer loop
      vertex -89.5 -22 3.2
      vertex -89.6733 -39.4177 3.2
      vertex -89.4486 -38.875 3.2
    endloop
  endfacet
  facet normal 0 0 1
    outer loop
      vertex -89.4486 39.675 3.2
      vertex -93.5 46.8 3.2
      vertex -89.5 -8 3.2
    endloop
  endfacet
  facet normal 0 0 1
    outer loop
      vertex -93.5 -46 3.2
      vertex -89.5 -8 3.2
      vertex -93.5 46.8 3.2
    endloop
  endfacet
  facet normal 0 0 1
    outer loop
      vertex -89.5 -22 3.2
      vertex -89.75 -40 3.2
      vertex -89.6733 -39.4177 3.2
    endloop
  endfacet
  facet normal -0 0 1
    outer loop
      vertex -85.5514 -41.125 3.2
      vertex -85.5 -46 3.2
      vertex -85.5 -41.0008 3.2
    endloop
  endfacet
  facet normal -0 0 1
    outer loop
      vertex -85.909 -41.591 3.2
      vertex -85.5 -46 3.2
      vertex -85.5514 -41.125 3.2
    endloop
  endfacet
  facet normal -0 0 1
    outer loop
      vertex -86.375 -41.9486 3.2
      vertex -85.5 -46 3.2
      vertex -85.909 -41.591 3.2
    endloop
  endfacet
  facet normal -0 0 1
    outer loop
      vertex -86.9177 -42.1733 3.2
      vertex -85.5 -46 3.2
      vertex -86.375 -41.9486 3.2
    endloop
  endfacet
  facet normal -0 0 1
    outer loop
      vertex -87.5 -42.25 3.2
      vertex -85.5 -46 3.2
      vertex -86.9177 -42.1733 3.2
    endloop
  endfacet
  facet normal 0 0 1
    outer loop
      vertex -88.0823 -42.1733 3.2
      vertex -85.5 -46 3.2
      vertex -87.5 -42.25 3.2
    endloop
  endfacet
  facet normal 0 0 1
    outer loop
      vertex -93.5 -46 3.2
      vertex -88.0823 -42.1733 3.2
      vertex -88.625 -41.9486 3.2
    endloop
  endfacet
  facet normal 0 0 1
    outer loop
      vertex -93.5 -46 3.2
      vertex -88.625 -41.9486 3.2
      vertex -89.091 -41.591 3.2
    endloop
  endfacet
  facet normal 0 0 1
    outer loop
      vertex -88.0823 -42.1733 3.2
      vertex -93.5 -46 3.2
      vertex -85.5 -46 3.2
    endloop
  endfacet
  facet normal 0 0 1
    outer loop
      vertex -89.4486 -41.125 3.2
      vertex -93.5 -46 3.2
      vertex -89.091 -41.591 3.2
    endloop
  endfacet
  facet normal 0 0 1
    outer loop
      vertex -89.6733 -40.5823 3.2
      vertex -93.5 -46 3.2
      vertex -89.4486 -41.125 3.2
    endloop
  endfacet
  facet normal 0 0 1
    outer loop
      vertex -89.75 -40 3.2
      vertex -93.5 -46 3.2
      vertex -89.6733 -40.5823 3.2
    endloop
  endfacet
  facet normal 0 0 1
    outer loop
      vertex -89.5 -22 3.2
      vertex -93.5 -46 3.2
      vertex -89.75 -40 3.2
    endloop
  endfacet
  facet normal 0 0 1
    outer loop
      vertex 93.5 46.8 3.2
      vertex 89.5 -8 3.2
      vertex 93.5 -46 3.2
    endloop
  endfacet
  facet normal -0 0 1
    outer loop
      vertex 89.5 -22 3.2
      vertex 93.5 -46 3.2
      vertex 89.5 -8 3.2
    endloop
  endfacet
  facet normal -0 -0 1
    outer loop
      vertex 89.6733 -39.4177 3.2
      vertex 93.5 -46 3.2
      vertex 89.5 -22 3.2
    endloop
  endfacet
  facet normal -0 0 1
    outer loop
      vertex 89.4486 39.675 3.2
      vertex 89.5 -8 3.2
      vertex 89.6733 40.2177 3.2
    endloop
  endfacet
  facet normal -0 0 1
    outer loop
      vertex 89.091 39.209 3.2
      vertex 89.5 -8 3.2
      vertex 89.4486 39.675 3.2
    endloop
  endfacet
  facet normal -0 0 1
    outer loop
      vertex 88.625 38.8514 3.2
      vertex 89.5 -8 3.2
      vertex 89.091 39.209 3.2
    endloop
  endfacet
  facet normal -0 0 1
    outer loop
      vertex 88.0823 38.6267 3.2
      vertex 89.5 -8 3.2
      vertex 88.625 38.8514 3.2
    endloop
  endfacet
  facet normal -0 0 1
    outer loop
      vertex 87.5 38.55 3.2
      vertex 89.5 -8 3.2
      vertex 88.0823 38.6267 3.2
    endloop
  endfacet
  facet normal 0 0 1
    outer loop
      vertex 85.5 -8 3.2
      vertex 87.5 38.55 3.2
      vertex 86.9177 38.6267 3.2
    endloop
  endfacet
  facet normal 0 0 1
    outer loop
      vertex 85.5 -8 3.2
      vertex 86.9177 38.6267 3.2
      vertex 86.375 38.8514 3.2
    endloop
  endfacet
  facet normal 0 0 1
    outer loop
      vertex 85.5 -8 3.2
      vertex 86.375 38.8514 3.2
      vertex 85.909 39.209 3.2
    endloop
  endfacet
  facet normal 0 0 1
    outer loop
      vertex 85.5 -8 3.2
      vertex 85.909 39.209 3.2
      vertex 85.5514 39.675 3.2
    endloop
  endfacet
  facet normal 0 0 1
    outer loop
      vertex 85.5 -8 3.2
      vertex 85.5514 39.675 3.2
      vertex 85.5 39.7992 3.2
    endloop
  endfacet
  facet normal 0 0 1
    outer loop
      vertex 87.5 38.55 3.2
      vertex 85.5 -8 3.2
      vertex 89.5 -8 3.2
    endloop
  endfacet
  facet normal 0 0 1
    outer loop
      vertex 89.6733 40.2177 3.2
      vertex 93.5 46.8 3.2
      vertex 89.75 40.8 3.2
    endloop
  endfacet
  facet normal 0 0 1
    outer loop
      vertex 93.5 46.8 3.2
      vertex 89.6733 41.3823 3.2
      vertex 89.75 40.8 3.2
    endloop
  endfacet
  facet normal 0 0 1
    outer loop
      vertex 93.5 46.8 3.2
      vertex 89.4486 41.925 3.2
      vertex 89.6733 41.3823 3.2
    endloop
  endfacet
  facet normal 0 0 1
    outer loop
      vertex 93.5 46.8 3.2
      vertex 89.091 42.391 3.2
      vertex 89.4486 41.925 3.2
    endloop
  endfacet
  facet normal 0 0 1
    outer loop
      vertex 93.5 46.8 3.2
      vertex 88.625 42.7486 3.2
      vertex 89.091 42.391 3.2
    endloop
  endfacet
  facet normal 0 0 1
    outer loop
      vertex 93.5 46.8 3.2
      vertex 88.0823 42.9733 3.2
      vertex 88.625 42.7486 3.2
    endloop
  endfacet
  facet normal -0 0 1
    outer loop
      vertex 85.5 46.8 3.2
      vertex 88.0823 42.9733 3.2
      vertex 93.5 46.8 3.2
    endloop
  endfacet
  facet normal 0 0 1
    outer loop
      vertex 88.0823 42.9733 3.2
      vertex 85.5 46.8 3.2
      vertex 87.5 43.05 3.2
    endloop
  endfacet
  facet normal 0 0 1
    outer loop
      vertex 87.5 43.05 3.2
      vertex 85.5 46.8 3.2
      vertex 86.9177 42.9733 3.2
    endloop
  endfacet
  facet normal 0 0 1
    outer loop
      vertex 86.9177 42.9733 3.2
      vertex 85.5 46.8 3.2
      vertex 86.375 42.7486 3.2
    endloop
  endfacet
  facet normal 0 0 1
    outer loop
      vertex 85.5 46.8 3.2
      vertex 85.909 42.391 3.2
      vertex 86.375 42.7486 3.2
    endloop
  endfacet
  facet normal 0 0 1
    outer loop
      vertex 85.5 46.8 3.2
      vertex 85.5514 41.925 3.2
      vertex 85.909 42.391 3.2
    endloop
  endfacet
  facet normal 0 0 1
    outer loop
      vertex 85.5514 41.925 3.2
      vertex 85.5 46.8 3.2
      vertex 85.5 41.8008 3.2
    endloop
  endfacet
  facet normal 0 0 1
    outer loop
      vertex 89.5 -8 3.2
      vertex 93.5 46.8 3.2
      vertex 89.6733 40.2177 3.2
    endloop
  endfacet
  facet normal -0 0 1
    outer loop
      vertex 89.6733 -40.5823 3.2
      vertex 93.5 -46 3.2
      vertex 89.75 -40 3.2
    endloop
  endfacet
  facet normal -0 0 1
    outer loop
      vertex 89.4486 -41.125 3.2
      vertex 93.5 -46 3.2
      vertex 89.6733 -40.5823 3.2
    endloop
  endfacet
  facet normal -0 0 1
    outer loop
      vertex 89.091 -41.591 3.2
      vertex 93.5 -46 3.2
      vertex 89.4486 -41.125 3.2
    endloop
  endfacet
  facet normal -0 0 1
    outer loop
      vertex 88.625 -41.9486 3.2
      vertex 93.5 -46 3.2
      vertex 89.091 -41.591 3.2
    endloop
  endfacet
  facet normal -0 0 1
    outer loop
      vertex 88.0823 -42.1733 3.2
      vertex 93.5 -46 3.2
      vertex 88.625 -41.9486 3.2
    endloop
  endfacet
  facet normal 0 0 1
    outer loop
      vertex 85.5 -46 3.2
      vertex 88.0823 -42.1733 3.2
      vertex 87.5 -42.25 3.2
    endloop
  endfacet
  facet normal 0 0 1
    outer loop
      vertex 85.5 -46 3.2
      vertex 87.5 -42.25 3.2
      vertex 86.9177 -42.1733 3.2
    endloop
  endfacet
  facet normal 0 0 1
    outer loop
      vertex 85.5 -46 3.2
      vertex 86.9177 -42.1733 3.2
      vertex 86.375 -41.9486 3.2
    endloop
  endfacet
  facet normal 0 0 1
    outer loop
      vertex 88.0823 -42.1733 3.2
      vertex 85.5 -46 3.2
      vertex 93.5 -46 3.2
    endloop
  endfacet
  facet normal 0 0 1
    outer loop
      vertex 85.909 -41.591 3.2
      vertex 85.5 -46 3.2
      vertex 86.375 -41.9486 3.2
    endloop
  endfacet
  facet normal 0 0 1
    outer loop
      vertex 85.5514 -41.125 3.2
      vertex 85.5 -46 3.2
      vertex 85.909 -41.591 3.2
    endloop
  endfacet
  facet normal 0 0 1
    outer loop
      vertex 85.5 -46 3.2
      vertex 85.5514 -41.125 3.2
      vertex 85.5 -41.0008 3.2
    endloop
  endfacet
  facet normal 0 0 1
    outer loop
      vertex 93.5 -46 3.2
      vertex 89.6733 -39.4177 3.2
      vertex 89.75 -40 3.2
    endloop
  endfacet
  facet normal 0 0 1
    outer loop
      vertex 89.5 -22 3.2
      vertex 89.4486 -38.875 3.2
      vertex 89.6733 -39.4177 3.2
    endloop
  endfacet
  facet normal 0 0 1
    outer loop
      vertex 89.5 -22 3.2
      vertex 89.091 -38.409 3.2
      vertex 89.4486 -38.875 3.2
    endloop
  endfacet
  facet normal 0 0 1
    outer loop
      vertex 89.5 -22 3.2
      vertex 88.625 -38.0514 3.2
      vertex 89.091 -38.409 3.2
    endloop
  endfacet
  facet normal 0 0 1
    outer loop
      vertex 89.5 -22 3.2
      vertex 88.0823 -37.8267 3.2
      vertex 88.625 -38.0514 3.2
    endloop
  endfacet
  facet normal 0 0 1
    outer loop
      vertex 89.5 -22 3.2
      vertex 87.5 -37.75 3.2
      vertex 88.0823 -37.8267 3.2
    endloop
  endfacet
  facet normal -0 0 1
    outer loop
      vertex 85.5 -22 3.2
      vertex 87.5 -37.75 3.2
      vertex 89.5 -22 3.2
    endloop
  endfacet
  facet normal 0 0 1
    outer loop
      vertex 87.5 -37.75 3.2
      vertex 85.5 -22 3.2
      vertex 86.9177 -37.8267 3.2
    endloop
  endfacet
  facet normal 0 0 1
    outer loop
      vertex 86.9177 -37.8267 3.2
      vertex 85.5 -22 3.2
      vertex 86.375 -38.0514 3.2
    endloop
  endfacet
  facet normal 0 0 1
    outer loop
      vertex 86.375 -38.0514 3.2
      vertex 85.5 -22 3.2
      vertex 85.909 -38.409 3.2
    endloop
  endfacet
  facet normal 0 0 1
    outer loop
      vertex 85.909 -38.409 3.2
      vertex 85.5 -22 3.2
      vertex 85.5514 -38.875 3.2
    endloop
  endfacet
  facet normal 0 0 1
    outer loop
      vertex 85.5514 -38.875 3.2
      vertex 85.5 -22 3.2
      vertex 85.5 -38.9992 3.2
    endloop
  endfacet
  facet normal 0 0 1
    outer loop
      vertex -26.6303 16.175 3.2
      vertex -36.5304 32.6269 3.2
      vertex -27.5788 14.4004 3.2
    endloop
  endfacet
  facet normal 0 0 1
    outer loop
      vertex -30.75 0.799999 3.2
      vertex -31.8269 -34.1696 3.2
      vertex -31.75 -34.95 3.2
    endloop
  endfacet
  facet normal 0 0 1
    outer loop
      vertex -27.5788 14.4004 3.2
      vertex -36.5304 32.6269 3.2
      vertex -28.4093 12.5675 3.2
    endloop
  endfacet
  facet normal 0 0 1
    outer loop
      vertex -30.75 0.799999 3.2
      vertex -32.0545 -33.4193 3.2
      vertex -31.8269 -34.1696 3.2
    endloop
  endfacet
  facet normal 0 0 1
    outer loop
      vertex -37.2807 32.8545 3.2
      vertex -28.4093 12.5675 3.2
      vertex -36.5304 32.6269 3.2
    endloop
  endfacet
  facet normal 0 0 1
    outer loop
      vertex -30.75 0.799999 3.2
      vertex -32.4241 -32.7277 3.2
      vertex -32.0545 -33.4193 3.2
    endloop
  endfacet
  facet normal 0 0 1
    outer loop
      vertex -48 33.8 3.2
      vertex -28.4093 12.5675 3.2
      vertex -37.2807 32.8545 3.2
    endloop
  endfacet
  facet normal 0 0 1
    outer loop
      vertex -30.75 0.799999 3.2
      vertex -32.9216 -32.1216 3.2
      vertex -32.4241 -32.7277 3.2
    endloop
  endfacet
  facet normal 0 0 1
    outer loop
      vertex -28.4093 12.5675 3.2
      vertex -48 33.8 3.2
      vertex -29.1181 10.6843 3.2
    endloop
  endfacet
  facet normal 0 0 1
    outer loop
      vertex -30.75 0.799999 3.2
      vertex -33.5277 -31.6241 3.2
      vertex -32.9216 -32.1216 3.2
    endloop
  endfacet
  facet normal 0 0 1
    outer loop
      vertex -29.1181 10.6843 3.2
      vertex -48 33.8 3.2
      vertex -29.7022 8.75869 3.2
    endloop
  endfacet
  facet normal 0 0 1
    outer loop
      vertex -30.75 0.799999 3.2
      vertex -34.2193 -31.2545 3.2
      vertex -33.5277 -31.6241 3.2
    endloop
  endfacet
  facet normal 0 0 1
    outer loop
      vertex -29.7022 8.75869 3.2
      vertex -48 33.8 3.2
      vertex -30.1591 6.79903 3.2
    endloop
  endfacet
  facet normal 0 0 1
    outer loop
      vertex -30.75 0.799999 3.2
      vertex -34.9696 -31.0269 3.2
      vertex -34.2193 -31.2545 3.2
    endloop
  endfacet
  facet normal 0 0 1
    outer loop
      vertex -30.1591 6.79903 3.2
      vertex -48 33.8 3.2
      vertex -30.4869 4.81368 3.2
    endloop
  endfacet
  facet normal 0 0 1
    outer loop
      vertex -30.75 0.799999 3.2
      vertex -35.75 -30.95 3.2
      vertex -34.9696 -31.0269 3.2
    endloop
  endfacet
  facet normal 0 0 1
    outer loop
      vertex -30.4869 4.81368 3.2
      vertex -48 33.8 3.2
      vertex -30.6842 2.81115 3.2
    endloop
  endfacet
  facet normal 0 0 1
    outer loop
      vertex -30.75 0.799999 3.2
      vertex -36.5304 -31.0269 3.2
      vertex -35.75 -30.95 3.2
    endloop
  endfacet
  facet normal 0 0 1
    outer loop
      vertex -30.6842 2.81115 3.2
      vertex -48 33.8 3.2
      vertex -30.75 0.799999 3.2
    endloop
  endfacet
  facet normal 0 0 1
    outer loop
      vertex -48 -33 3.2
      vertex -30.75 0.799999 3.2
      vertex -48 33.8 3.2
    endloop
  endfacet
  facet normal 0 0 1
    outer loop
      vertex -48 33.8 3.2
      vertex -37.2807 32.8545 3.2
      vertex -37.9723 33.2241 3.2
    endloop
  endfacet
  facet normal 0 0 1
    outer loop
      vertex -30.75 0.799999 3.2
      vertex -37.2807 -31.2545 3.2
      vertex -36.5304 -31.0269 3.2
    endloop
  endfacet
  facet normal 0 0 1
    outer loop
      vertex -48 33.8 3.2
      vertex -37.9723 33.2241 3.2
      vertex -38.5784 33.7216 3.2
    endloop
  endfacet
  facet normal 0 0 1
    outer loop
      vertex -30.75 0.799999 3.2
      vertex -48 -33 3.2
      vertex -37.2807 -31.2545 3.2
    endloop
  endfacet
  facet normal -0 0 1
    outer loop
      vertex -48 33.8 3.2
      vertex -38.5784 33.7216 3.2
      vertex -39.0759 34.3277 3.2
    endloop
  endfacet
  facet normal 0 0 1
    outer loop
      vertex -37.2807 -31.2545 3.2
      vertex -48 -33 3.2
      vertex -37.9723 -31.6241 3.2
    endloop
  endfacet
  facet normal 0 0 1
    outer loop
      vertex -48 33.8 3.2
      vertex -39.0759 34.3277 3.2
      vertex -39.4455 35.0193 3.2
    endloop
  endfacet
  facet normal 0 0 1
    outer loop
      vertex -37.9723 -31.6241 3.2
      vertex -48 -33 3.2
      vertex -38.5784 -32.1216 3.2
    endloop
  endfacet
  facet normal 0 0 1
    outer loop
      vertex -48 33.8 3.2
      vertex -39.4455 35.0193 3.2
      vertex -39.6731 35.7696 3.2
    endloop
  endfacet
  facet normal 0 0 1
    outer loop
      vertex -38.5784 -32.1216 3.2
      vertex -48 -33 3.2
      vertex -39.0759 -32.7277 3.2
    endloop
  endfacet
  facet normal 0 0 1
    outer loop
      vertex -48.0961 34.7755 3.2
      vertex -39.6731 35.7696 3.2
      vertex -39.75 36.55 3.2
    endloop
  endfacet
  facet normal 0 0 1
    outer loop
      vertex -39.0759 -32.7277 3.2
      vertex -48 -33 3.2
      vertex -39.4455 -33.4193 3.2
    endloop
  endfacet
  facet normal -0 0 1
    outer loop
      vertex 39.4455 35.0193 3.2
      vertex 48 33.8 3.2
      vertex 39.6731 35.7696 3.2
    endloop
  endfacet
  facet normal 0 0 1
    outer loop
      vertex 48 33.8 3.2
      vertex 39.6731 -34.1696 3.2
      vertex 39.75 -34.95 3.2
    endloop
  endfacet
  facet normal -0 0 1
    outer loop
      vertex 39.0759 34.3277 3.2
      vertex 48 33.8 3.2
      vertex 39.4455 35.0193 3.2
    endloop
  endfacet
  facet normal 0 0 1
    outer loop
      vertex 48 33.8 3.2
      vertex 39.4455 -33.4193 3.2
      vertex 39.6731 -34.1696 3.2
    endloop
  endfacet
  facet normal 0 0 1
    outer loop
      vertex 38.5784 33.7216 3.2
      vertex 48 33.8 3.2
      vertex 39.0759 34.3277 3.2
    endloop
  endfacet
  facet normal 0 0 1
    outer loop
      vertex 48 33.8 3.2
      vertex 39.0759 -32.7277 3.2
      vertex 39.4455 -33.4193 3.2
    endloop
  endfacet
  facet normal 0 0 1
    outer loop
      vertex 37.9723 33.2241 3.2
      vertex 48 33.8 3.2
      vertex 38.5784 33.7216 3.2
    endloop
  endfacet
  facet normal 0 0 1
    outer loop
      vertex 30.6842 -1.21115 3.2
      vertex 48 33.8 3.2
      vertex 30.75 0.799999 3.2
    endloop
  endfacet
  facet normal 0 0 1
    outer loop
      vertex 37.2807 32.8545 3.2
      vertex 48 33.8 3.2
      vertex 37.9723 33.2241 3.2
    endloop
  endfacet
  facet normal 0 0 1
    outer loop
      vertex 48 33.8 3.2
      vertex 30.6842 -1.21115 3.2
      vertex 39.0759 -32.7277 3.2
    endloop
  endfacet
  facet normal 0 0 1
    outer loop
      vertex 28.4093 12.5675 3.2
      vertex 48 33.8 3.2
      vertex 37.2807 32.8545 3.2
    endloop
  endfacet
  facet normal -0 0 1
    outer loop
      vertex 30.4869 -3.21368 3.2
      vertex 39.0759 -32.7277 3.2
      vertex 30.6842 -1.21115 3.2
    endloop
  endfacet
  facet normal 0 0 1
    outer loop
      vertex 28.4093 12.5675 3.2
      vertex 37.2807 32.8545 3.2
      vertex 36.5304 32.6269 3.2
    endloop
  endfacet
  facet normal 0 0 1
    outer loop
      vertex 39.0759 -32.7277 3.2
      vertex 30.4869 -3.21368 3.2
      vertex 38.5784 -32.1216 3.2
    endloop
  endfacet
  facet normal 0 0 1
    outer loop
      vertex 26.6303 16.175 3.2
      vertex 36.5304 32.6269 3.2
      vertex 35.75 32.55 3.2
    endloop
  endfacet
  facet normal -0 0 1
    outer loop
      vertex 30.1591 -5.19903 3.2
      vertex 38.5784 -32.1216 3.2
      vertex 30.4869 -3.21368 3.2
    endloop
  endfacet
  facet normal 0 0 1
    outer loop
      vertex 25.5677 17.8838 3.2
      vertex 35.75 32.55 3.2
      vertex 34.9696 32.6269 3.2
    endloop
  endfacet
  facet normal -0 0 1
    outer loop
      vertex 29.7022 -7.15868 3.2
      vertex 38.5784 -32.1216 3.2
      vertex 30.1591 -5.19903 3.2
    endloop
  endfacet
  facet normal 0 0 1
    outer loop
      vertex 24.3956 19.5194 3.2
      vertex 34.9696 32.6269 3.2
      vertex 34.2193 32.8545 3.2
    endloop
  endfacet
  facet normal 0 0 1
    outer loop
      vertex 38.5784 -32.1216 3.2
      vertex 29.7022 -7.15868 3.2
      vertex 37.9723 -31.6241 3.2
    endloop
  endfacet
  facet normal 0 0 1
    outer loop
      vertex 23.1191 21.0749 3.2
      vertex 34.2193 32.8545 3.2
      vertex 33.5277 33.2241 3.2
    endloop
  endfacet
  facet normal -0 0 1
    outer loop
      vertex 29.1181 -9.08426 3.2
      vertex 37.9723 -31.6241 3.2
      vertex 29.7022 -7.15868 3.2
    endloop
  endfacet
  facet normal 0 0 1
    outer loop
      vertex 21.7435 22.5435 3.2
      vertex 33.5277 33.2241 3.2
      vertex 32.9216 33.7216 3.2
    endloop
  endfacet
  facet normal 0 0 1
    outer loop
      vertex 37.9723 -31.6241 3.2
      vertex 29.1181 -9.08426 3.2
      vertex 37.2807 -31.2545 3.2
    endloop
  endfacet
  facet normal 0 0 1
    outer loop
      vertex 21.7435 22.5435 3.2
      vertex 32.9216 33.7216 3.2
      vertex 32.4241 34.3277 3.2
    endloop
  endfacet
  facet normal -0 0 1
    outer loop
      vertex 28.4093 -10.9675 3.2
      vertex 37.2807 -31.2545 3.2
      vertex 29.1181 -9.08426 3.2
    endloop
  endfacet
  facet normal 0 0 1
    outer loop
      vertex 20.2749 23.9191 3.2
      vertex 32.4241 34.3277 3.2
      vertex 32.0545 35.0193 3.2
    endloop
  endfacet
  facet normal 0 0 1
    outer loop
      vertex 37.2807 -31.2545 3.2
      vertex 28.4093 -10.9675 3.2
      vertex 36.5304 -31.0269 3.2
    endloop
  endfacet
  facet normal 0 0 1
    outer loop
      vertex 18.7194 25.1956 3.2
      vertex 32.0545 35.0193 3.2
      vertex 31.8269 35.7696 3.2
    endloop
  endfacet
  facet normal -0 0 1
    outer loop
      vertex 27.5788 -12.8004 3.2
      vertex 36.5304 -31.0269 3.2
      vertex 28.4093 -10.9675 3.2
    endloop
  endfacet
  facet normal 0 0 1
    outer loop
      vertex 17.0838 26.3677 3.2
      vertex 31.8269 35.7696 3.2
      vertex 31.75 36.55 3.2
    endloop
  endfacet
  facet normal -0 0 1
    outer loop
      vertex 26.6303 -14.575 3.2
      vertex 36.5304 -31.0269 3.2
      vertex 27.5788 -12.8004 3.2
    endloop
  endfacet
  facet normal -0 0 1
    outer loop
      vertex 71.5 33.8 3.2
      vertex 81.5 -8 3.2
      vertex 81.5 46.8 3.2
    endloop
  endfacet
  facet normal 0 0 1
    outer loop
      vertex 77.5 -8 3.2
      vertex 77.2651 -19 3.2
      vertex 77.5 -19 3.2
    endloop
  endfacet
  facet normal 0 0 1
    outer loop
      vertex 77.5 -8 3.2
      vertex 71.5 -33 3.2
      vertex 77.2651 -19 3.2
    endloop
  endfacet
  facet normal 0 0 1
    outer loop
      vertex 71.5 -33 3.2
      vertex 77.5 -8 3.2
      vertex 71.5 33.8 3.2
    endloop
  endfacet
  facet normal 0 0 1
    outer loop
      vertex 81.5 -8 3.2
      vertex 71.5 33.8 3.2
      vertex 77.5 -8 3.2
    endloop
  endfacet
  facet normal 0 0 1
    outer loop
      vertex 81.5 46.8 3.2
      vertex 71.4039 34.7755 3.2
      vertex 71.5 33.8 3.2
    endloop
  endfacet
  facet normal 0 0 1
    outer loop
      vertex 81.5 46.8 3.2
      vertex 71.1194 35.7134 3.2
      vertex 71.4039 34.7755 3.2
    endloop
  endfacet
  facet normal 0 0 1
    outer loop
      vertex 81.5 46.8 3.2
      vertex 70.6573 36.5779 3.2
      vertex 71.1194 35.7134 3.2
    endloop
  endfacet
  facet normal 0 0 1
    outer loop
      vertex 81.5 46.8 3.2
      vertex 70.0355 37.3355 3.2
      vertex 70.6573 36.5779 3.2
    endloop
  endfacet
  facet normal 0 0 1
    outer loop
      vertex 81.5 46.8 3.2
      vertex 69.2778 37.9573 3.2
      vertex 70.0355 37.3355 3.2
    endloop
  endfacet
  facet normal 0 0 1
    outer loop
      vertex 81.5 46.8 3.2
      vertex 68.4134 38.4194 3.2
      vertex 69.2778 37.9573 3.2
    endloop
  endfacet
  facet normal 0 0 1
    outer loop
      vertex 81.5 46.8 3.2
      vertex 67.4754 38.7039 3.2
      vertex 68.4134 38.4194 3.2
    endloop
  endfacet
  facet normal 0 0 1
    outer loop
      vertex 81.5 46.8 3.2
      vertex 66.5 38.8 3.2
      vertex 67.4754 38.7039 3.2
    endloop
  endfacet
  facet normal 0 0 1
    outer loop
      vertex 81.5 46.8 3.2
      vertex 53 38.8 3.2
      vertex 66.5 38.8 3.2
    endloop
  endfacet
  facet normal -0 0 1
    outer loop
      vertex 36.5304 40.4731 3.2
      vertex 53 38.8 3.2
      vertex 81.5 46.8 3.2
    endloop
  endfacet
  facet normal 0 0 1
    outer loop
      vertex 48.0961 34.7755 3.2
      vertex 39.6731 35.7696 3.2
      vertex 48 33.8 3.2
    endloop
  endfacet
  facet normal -0 0 1
    outer loop
      vertex 39.6731 35.7696 3.2
      vertex 48.0961 34.7755 3.2
      vertex 39.75 36.55 3.2
    endloop
  endfacet
  facet normal 0 0 1
    outer loop
      vertex 48.3806 35.7134 3.2
      vertex 39.75 36.55 3.2
      vertex 48.0961 34.7755 3.2
    endloop
  endfacet
  facet normal 0 0 1
    outer loop
      vertex 39.6731 37.3304 3.2
      vertex 48.3806 35.7134 3.2
      vertex 48.8427 36.5779 3.2
    endloop
  endfacet
  facet normal 0 0 1
    outer loop
      vertex 39.4455 38.0807 3.2
      vertex 48.8427 36.5779 3.2
      vertex 49.4645 37.3355 3.2
    endloop
  endfacet
  facet normal 0 0 1
    outer loop
      vertex 39.0759 38.7723 3.2
      vertex 49.4645 37.3355 3.2
      vertex 50.2221 37.9573 3.2
    endloop
  endfacet
  facet normal 0 0 1
    outer loop
      vertex 38.5784 39.3784 3.2
      vertex 50.2221 37.9573 3.2
      vertex 51.0866 38.4194 3.2
    endloop
  endfacet
  facet normal 0 0 1
    outer loop
      vertex 37.9723 39.8759 3.2
      vertex 51.0866 38.4194 3.2
      vertex 52.0245 38.7039 3.2
    endloop
  endfacet
  facet normal 0 0 1
    outer loop
      vertex 53 38.8 3.2
      vertex 36.5304 40.4731 3.2
      vertex 52.0245 38.7039 3.2
    endloop
  endfacet
  facet normal 0 0 1
    outer loop
      vertex 48.3806 35.7134 3.2
      vertex 39.6731 37.3304 3.2
      vertex 39.75 36.55 3.2
    endloop
  endfacet
  facet normal 0 0 1
    outer loop
      vertex 48.8427 36.5779 3.2
      vertex 39.4455 38.0807 3.2
      vertex 39.6731 37.3304 3.2
    endloop
  endfacet
  facet normal 0 0 1
    outer loop
      vertex 49.4645 37.3355 3.2
      vertex 39.0759 38.7723 3.2
      vertex 39.4455 38.0807 3.2
    endloop
  endfacet
  facet normal 0 0 1
    outer loop
      vertex 50.2221 37.9573 3.2
      vertex 38.5784 39.3784 3.2
      vertex 39.0759 38.7723 3.2
    endloop
  endfacet
  facet normal 0 0 1
    outer loop
      vertex 51.0866 38.4194 3.2
      vertex 37.9723 39.8759 3.2
      vertex 38.5784 39.3784 3.2
    endloop
  endfacet
  facet normal 0 0 1
    outer loop
      vertex 52.0245 38.7039 3.2
      vertex 37.2807 40.2455 3.2
      vertex 37.9723 39.8759 3.2
    endloop
  endfacet
  facet normal 0 0 1
    outer loop
      vertex 52.0245 38.7039 3.2
      vertex 36.5304 40.4731 3.2
      vertex 37.2807 40.2455 3.2
    endloop
  endfacet
  facet normal 0 0 1
    outer loop
      vertex 81.5 46.8 3.2
      vertex 35.75 40.55 3.2
      vertex 36.5304 40.4731 3.2
    endloop
  endfacet
  facet normal 0 0 1
    outer loop
      vertex -35.75 40.55 3.2
      vertex 35.75 40.55 3.2
      vertex 81.5 46.8 3.2
    endloop
  endfacet
  facet normal 0 0 1
    outer loop
      vertex 36.5304 -31.0269 3.2
      vertex 26.6303 -14.575 3.2
      vertex 35.75 -30.95 3.2
    endloop
  endfacet
  facet normal 0 0 1
    outer loop
      vertex 48 33.8 3.2
      vertex 30.6842 2.81115 3.2
      vertex 30.75 0.799999 3.2
    endloop
  endfacet
  facet normal 0 0 1
    outer loop
      vertex 48 33.8 3.2
      vertex 30.4869 4.81368 3.2
      vertex 30.6842 2.81115 3.2
    endloop
  endfacet
  facet normal 0 0 1
    outer loop
      vertex 48 33.8 3.2
      vertex 30.1591 6.79903 3.2
      vertex 30.4869 4.81368 3.2
    endloop
  endfacet
  facet normal 0 0 1
    outer loop
      vertex 48 33.8 3.2
      vertex 29.7022 8.75869 3.2
      vertex 30.1591 6.79903 3.2
    endloop
  endfacet
  facet normal 0 0 1
    outer loop
      vertex 48 33.8 3.2
      vertex 29.1181 10.6843 3.2
      vertex 29.7022 8.75869 3.2
    endloop
  endfacet
  facet normal 0 0 1
    outer loop
      vertex 15.375 27.4303 3.2
      vertex 31.75 36.55 3.2
      vertex 31.8269 37.3304 3.2
    endloop
  endfacet
  facet normal 0 0 1
    outer loop
      vertex 48 33.8 3.2
      vertex 28.4093 12.5675 3.2
      vertex 29.1181 10.6843 3.2
    endloop
  endfacet
  facet normal 0 0 1
    outer loop
      vertex 36.5304 32.6269 3.2
      vertex 27.5788 14.4004 3.2
      vertex 28.4093 12.5675 3.2
    endloop
  endfacet
  facet normal 0 0 1
    outer loop
      vertex 36.5304 32.6269 3.2
      vertex 26.6303 16.175 3.2
      vertex 27.5788 14.4004 3.2
    endloop
  endfacet
  facet normal 0 0 1
    outer loop
      vertex 35.75 32.55 3.2
      vertex 25.5677 17.8838 3.2
      vertex 26.6303 16.175 3.2
    endloop
  endfacet
  facet normal 0 0 1
    outer loop
      vertex 11.7675 29.2093 3.2
      vertex 31.8269 37.3304 3.2
      vertex 32.0545 38.0807 3.2
    endloop
  endfacet
  facet normal 0 0 1
    outer loop
      vertex 34.9696 32.6269 3.2
      vertex 24.3956 19.5194 3.2
      vertex 25.5677 17.8838 3.2
    endloop
  endfacet
  facet normal 0 0 1
    outer loop
      vertex 34.2193 32.8545 3.2
      vertex 23.1191 21.0749 3.2
      vertex 24.3956 19.5194 3.2
    endloop
  endfacet
  facet normal 0 0 1
    outer loop
      vertex 33.5277 33.2241 3.2
      vertex 21.7435 22.5435 3.2
      vertex 23.1191 21.0749 3.2
    endloop
  endfacet
  facet normal 0 0 1
    outer loop
      vertex 9.88426 29.9181 3.2
      vertex 32.0545 38.0807 3.2
      vertex 32.4241 38.7723 3.2
    endloop
  endfacet
  facet normal 0 0 1
    outer loop
      vertex 32.4241 34.3277 3.2
      vertex 20.2749 23.9191 3.2
      vertex 21.7435 22.5435 3.2
    endloop
  endfacet
  facet normal 0 0 1
    outer loop
      vertex 32.0545 35.0193 3.2
      vertex 18.7194 25.1956 3.2
      vertex 20.2749 23.9191 3.2
    endloop
  endfacet
  facet normal 0 0 1
    outer loop
      vertex 7.95868 30.5022 3.2
      vertex 32.4241 38.7723 3.2
      vertex 32.9216 39.3784 3.2
    endloop
  endfacet
  facet normal 0 0 1
    outer loop
      vertex 31.8269 35.7696 3.2
      vertex 17.0838 26.3677 3.2
      vertex 18.7194 25.1956 3.2
    endloop
  endfacet
  facet normal 0 0 1
    outer loop
      vertex 31.75 36.55 3.2
      vertex 15.375 27.4303 3.2
      vertex 17.0838 26.3677 3.2
    endloop
  endfacet
  facet normal 0 0 1
    outer loop
      vertex 4.01368 31.2869 3.2
      vertex 32.9216 39.3784 3.2
      vertex 33.5277 39.8759 3.2
    endloop
  endfacet
  facet normal 0 0 1
    outer loop
      vertex 31.8269 37.3304 3.2
      vertex 13.6004 28.3788 3.2
      vertex 15.375 27.4303 3.2
    endloop
  endfacet
  facet normal 0 0 1
    outer loop
      vertex 31.8269 37.3304 3.2
      vertex 11.7675 29.2093 3.2
      vertex 13.6004 28.3788 3.2
    endloop
  endfacet
  facet normal 0 0 1
    outer loop
      vertex 0 31.55 3.2
      vertex 33.5277 39.8759 3.2
      vertex 34.2193 40.2455 3.2
    endloop
  endfacet
  facet normal 0 0 1
    outer loop
      vertex 32.0545 38.0807 3.2
      vertex 9.88426 29.9181 3.2
      vertex 11.7675 29.2093 3.2
    endloop
  endfacet
  facet normal 0 0 1
    outer loop
      vertex 32.4241 38.7723 3.2
      vertex 7.95868 30.5022 3.2
      vertex 9.88426 29.9181 3.2
    endloop
  endfacet
  facet normal 0 0 1
    outer loop
      vertex 32.9216 39.3784 3.2
      vertex 5.99903 30.9591 3.2
      vertex 7.95868 30.5022 3.2
    endloop
  endfacet
  facet normal 0 0 1
    outer loop
      vertex 32.9216 39.3784 3.2
      vertex 4.01368 31.2869 3.2
      vertex 5.99903 30.9591 3.2
    endloop
  endfacet
  facet normal 0 0 1
    outer loop
      vertex -34.2193 40.2455 3.2
      vertex 34.2193 40.2455 3.2
      vertex 34.9696 40.4731 3.2
    endloop
  endfacet
  facet normal 0 0 1
    outer loop
      vertex 33.5277 39.8759 3.2
      vertex 2.01115 31.4842 3.2
      vertex 4.01368 31.2869 3.2
    endloop
  endfacet
  facet normal 0 0 1
    outer loop
      vertex 33.5277 39.8759 3.2
      vertex 0 31.55 3.2
      vertex 2.01115 31.4842 3.2
    endloop
  endfacet
  facet normal 0 0 1
    outer loop
      vertex 34.2193 40.2455 3.2
      vertex -33.5277 39.8759 3.2
      vertex 0 31.55 3.2
    endloop
  endfacet
  facet normal 0 0 1
    outer loop
      vertex 0 31.55 3.2
      vertex -33.5277 39.8759 3.2
      vertex -2.01115 31.4842 3.2
    endloop
  endfacet
  facet normal 0 0 1
    outer loop
      vertex -2.01115 31.4842 3.2
      vertex -33.5277 39.8759 3.2
      vertex -4.01368 31.2869 3.2
    endloop
  endfacet
  facet normal 0 0 1
    outer loop
      vertex -25.5677 17.8838 3.2
      vertex -35.75 32.55 3.2
      vertex -26.6303 16.175 3.2
    endloop
  endfacet
  facet normal -0 0 1
    outer loop
      vertex -35.75 32.55 3.2
      vertex -25.5677 17.8838 3.2
      vertex -34.9696 32.6269 3.2
    endloop
  endfacet
  facet normal 0 0 1
    outer loop
      vertex -24.3956 19.5194 3.2
      vertex -34.9696 32.6269 3.2
      vertex -25.5677 17.8838 3.2
    endloop
  endfacet
  facet normal -0 0 1
    outer loop
      vertex -34.9696 32.6269 3.2
      vertex -24.3956 19.5194 3.2
      vertex -34.2193 32.8545 3.2
    endloop
  endfacet
  facet normal 0 0 1
    outer loop
      vertex -23.1191 21.0749 3.2
      vertex -34.2193 32.8545 3.2
      vertex -24.3956 19.5194 3.2
    endloop
  endfacet
  facet normal -0 0 1
    outer loop
      vertex -34.2193 32.8545 3.2
      vertex -23.1191 21.0749 3.2
      vertex -33.5277 33.2241 3.2
    endloop
  endfacet
  facet normal 0 0 1
    outer loop
      vertex -21.7435 22.5435 3.2
      vertex -33.5277 33.2241 3.2
      vertex -23.1191 21.0749 3.2
    endloop
  endfacet
  facet normal -0 0 1
    outer loop
      vertex -33.5277 33.2241 3.2
      vertex -21.7435 22.5435 3.2
      vertex -32.9216 33.7216 3.2
    endloop
  endfacet
  facet normal -0 0 1
    outer loop
      vertex -32.9216 33.7216 3.2
      vertex -21.7435 22.5435 3.2
      vertex -32.4241 34.3277 3.2
    endloop
  endfacet
  facet normal 0 0 1
    outer loop
      vertex -20.2749 23.9191 3.2
      vertex -32.4241 34.3277 3.2
      vertex -21.7435 22.5435 3.2
    endloop
  endfacet
  facet normal -0 0 1
    outer loop
      vertex -32.4241 34.3277 3.2
      vertex -20.2749 23.9191 3.2
      vertex -32.0545 35.0193 3.2
    endloop
  endfacet
  facet normal 0 0 1
    outer loop
      vertex -18.7194 25.1956 3.2
      vertex -32.0545 35.0193 3.2
      vertex -20.2749 23.9191 3.2
    endloop
  endfacet
  facet normal -0 0 1
    outer loop
      vertex -32.0545 35.0193 3.2
      vertex -18.7194 25.1956 3.2
      vertex -31.8269 35.7696 3.2
    endloop
  endfacet
  facet normal 0 0 1
    outer loop
      vertex -17.0838 26.3677 3.2
      vertex -31.8269 35.7696 3.2
      vertex -18.7194 25.1956 3.2
    endloop
  endfacet
  facet normal -0 0 1
    outer loop
      vertex -31.8269 35.7696 3.2
      vertex -17.0838 26.3677 3.2
      vertex -31.75 36.55 3.2
    endloop
  endfacet
  facet normal 0 0 1
    outer loop
      vertex -15.375 27.4303 3.2
      vertex -31.75 36.55 3.2
      vertex -17.0838 26.3677 3.2
    endloop
  endfacet
  facet normal 0 0 1
    outer loop
      vertex -31.8269 37.3304 3.2
      vertex -15.375 27.4303 3.2
      vertex -13.6004 28.3788 3.2
    endloop
  endfacet
  facet normal 0 0 1
    outer loop
      vertex -31.8269 37.3304 3.2
      vertex -13.6004 28.3788 3.2
      vertex -11.7675 29.2093 3.2
    endloop
  endfacet
  facet normal 0 0 1
    outer loop
      vertex -32.0545 38.0807 3.2
      vertex -11.7675 29.2093 3.2
      vertex -9.88426 29.9181 3.2
    endloop
  endfacet
  facet normal 0 0 1
    outer loop
      vertex -32.4241 38.7723 3.2
      vertex -9.88426 29.9181 3.2
      vertex -7.95868 30.5022 3.2
    endloop
  endfacet
  facet normal 0 0 1
    outer loop
      vertex -32.9216 39.3784 3.2
      vertex -7.95868 30.5022 3.2
      vertex -5.99903 30.9591 3.2
    endloop
  endfacet
  facet normal -0 -0 1
    outer loop
      vertex -32.9216 39.3784 3.2
      vertex -4.01368 31.2869 3.2
      vertex -33.5277 39.8759 3.2
    endloop
  endfacet
  facet normal 0 0 1
    outer loop
      vertex 35.75 40.55 3.2
      vertex -35.75 40.55 3.2
      vertex 34.9696 40.4731 3.2
    endloop
  endfacet
  facet normal 0 0 1
    outer loop
      vertex -15.375 27.4303 3.2
      vertex -31.8269 37.3304 3.2
      vertex -31.75 36.55 3.2
    endloop
  endfacet
  facet normal 0 0 1
    outer loop
      vertex -11.7675 29.2093 3.2
      vertex -32.0545 38.0807 3.2
      vertex -31.8269 37.3304 3.2
    endloop
  endfacet
  facet normal 0 0 1
    outer loop
      vertex -9.88426 29.9181 3.2
      vertex -32.4241 38.7723 3.2
      vertex -32.0545 38.0807 3.2
    endloop
  endfacet
  facet normal 0 0 1
    outer loop
      vertex -7.95868 30.5022 3.2
      vertex -32.9216 39.3784 3.2
      vertex -32.4241 38.7723 3.2
    endloop
  endfacet
  facet normal 0 0 1
    outer loop
      vertex -4.01368 31.2869 3.2
      vertex -32.9216 39.3784 3.2
      vertex -5.99903 30.9591 3.2
    endloop
  endfacet
  facet normal 0 0 1
    outer loop
      vertex 34.2193 40.2455 3.2
      vertex -34.2193 40.2455 3.2
      vertex -33.5277 39.8759 3.2
    endloop
  endfacet
  facet normal 0 0 1
    outer loop
      vertex 34.9696 40.4731 3.2
      vertex -34.9696 40.4731 3.2
      vertex -34.2193 40.2455 3.2
    endloop
  endfacet
  facet normal 0 0 1
    outer loop
      vertex 34.9696 40.4731 3.2
      vertex -35.75 40.55 3.2
      vertex -34.9696 40.4731 3.2
    endloop
  endfacet
  facet normal 0 0 1
    outer loop
      vertex -39.4455 -33.4193 3.2
      vertex -48 -33 3.2
      vertex -39.6731 -34.1696 3.2
    endloop
  endfacet
  facet normal 0 0 1
    outer loop
      vertex -48.3806 35.7134 3.2
      vertex -39.75 36.55 3.2
      vertex -39.6731 37.3304 3.2
    endloop
  endfacet
  facet normal 0 0 1
    outer loop
      vertex -48.8427 36.5779 3.2
      vertex -39.6731 37.3304 3.2
      vertex -39.4455 38.0807 3.2
    endloop
  endfacet
  facet normal 0 0 1
    outer loop
      vertex -49.4645 37.3355 3.2
      vertex -39.4455 38.0807 3.2
      vertex -39.0759 38.7723 3.2
    endloop
  endfacet
  facet normal 0 0 1
    outer loop
      vertex -50.2221 37.9573 3.2
      vertex -39.0759 38.7723 3.2
      vertex -38.5784 39.3784 3.2
    endloop
  endfacet
  facet normal 0 0 1
    outer loop
      vertex -51.0866 38.4194 3.2
      vertex -38.5784 39.3784 3.2
      vertex -37.9723 39.8759 3.2
    endloop
  endfacet
  facet normal 0 0 1
    outer loop
      vertex -39.6731 35.7696 3.2
      vertex -48.0961 34.7755 3.2
      vertex -48 33.8 3.2
    endloop
  endfacet
  facet normal 0 0 1
    outer loop
      vertex -52.0245 38.7039 3.2
      vertex -37.9723 39.8759 3.2
      vertex -37.2807 40.2455 3.2
    endloop
  endfacet
  facet normal 0 0 1
    outer loop
      vertex -39.75 36.55 3.2
      vertex -48.3806 35.7134 3.2
      vertex -48.0961 34.7755 3.2
    endloop
  endfacet
  facet normal 0 0 1
    outer loop
      vertex -39.6731 37.3304 3.2
      vertex -48.8427 36.5779 3.2
      vertex -48.3806 35.7134 3.2
    endloop
  endfacet
  facet normal 0 0 1
    outer loop
      vertex -39.4455 38.0807 3.2
      vertex -49.4645 37.3355 3.2
      vertex -48.8427 36.5779 3.2
    endloop
  endfacet
  facet normal 0 0 1
    outer loop
      vertex -52.0245 38.7039 3.2
      vertex -37.2807 40.2455 3.2
      vertex -36.5304 40.4731 3.2
    endloop
  endfacet
  facet normal 0 0 1
    outer loop
      vertex -39.0759 38.7723 3.2
      vertex -50.2221 37.9573 3.2
      vertex -49.4645 37.3355 3.2
    endloop
  endfacet
  facet normal 0 0 1
    outer loop
      vertex -38.5784 39.3784 3.2
      vertex -51.0866 38.4194 3.2
      vertex -50.2221 37.9573 3.2
    endloop
  endfacet
  facet normal 0 0 1
    outer loop
      vertex -37.9723 39.8759 3.2
      vertex -52.0245 38.7039 3.2
      vertex -51.0866 38.4194 3.2
    endloop
  endfacet
  facet normal 0 0 1
    outer loop
      vertex -36.5304 40.4731 3.2
      vertex -53 38.8 3.2
      vertex -52.0245 38.7039 3.2
    endloop
  endfacet
  facet normal 0 0 1
    outer loop
      vertex -81.5 46.8 3.2
      vertex -53 38.8 3.2
      vertex -36.5304 40.4731 3.2
    endloop
  endfacet
  facet normal 0 0 1
    outer loop
      vertex -81.5 46.8 3.2
      vertex -36.5304 40.4731 3.2
      vertex -35.75 40.55 3.2
    endloop
  endfacet
  facet normal -0 0 1
    outer loop
      vertex -77.5 -8 3.2
      vertex -71.5 -33 3.2
      vertex -71.5 33.8 3.2
    endloop
  endfacet
  facet normal 0 0 1
    outer loop
      vertex -81.5 46.8 3.2
      vertex -71.5 33.8 3.2
      vertex -71.4039 34.7755 3.2
    endloop
  endfacet
  facet normal 0 0 1
    outer loop
      vertex -71.5 -33 3.2
      vertex -77.5 -8 3.2
      vertex -77.2651 -19 3.2
    endloop
  endfacet
  facet normal -0 0 1
    outer loop
      vertex -81.5 46.8 3.2
      vertex -35.75 40.55 3.2
      vertex 81.5 46.8 3.2
    endloop
  endfacet
  facet normal 0 0 1
    outer loop
      vertex -53 38.8 3.2
      vertex -81.5 46.8 3.2
      vertex -66.5 38.8 3.2
    endloop
  endfacet
  facet normal 0 0 1
    outer loop
      vertex -81.5 46.8 3.2
      vertex -67.4754 38.7039 3.2
      vertex -66.5 38.8 3.2
    endloop
  endfacet
  facet normal 0 0 1
    outer loop
      vertex -81.5 46.8 3.2
      vertex -68.4134 38.4194 3.2
      vertex -67.4754 38.7039 3.2
    endloop
  endfacet
  facet normal 0 0 1
    outer loop
      vertex -81.5 46.8 3.2
      vertex -69.2778 37.9573 3.2
      vertex -68.4134 38.4194 3.2
    endloop
  endfacet
  facet normal 0 0 1
    outer loop
      vertex -81.5 46.8 3.2
      vertex -70.0355 37.3355 3.2
      vertex -69.2778 37.9573 3.2
    endloop
  endfacet
  facet normal 0 0 1
    outer loop
      vertex -81.5 46.8 3.2
      vertex -70.6573 36.5779 3.2
      vertex -70.0355 37.3355 3.2
    endloop
  endfacet
  facet normal 0 0 1
    outer loop
      vertex -81.5 46.8 3.2
      vertex -71.1194 35.7134 3.2
      vertex -70.6573 36.5779 3.2
    endloop
  endfacet
  facet normal 0 0 1
    outer loop
      vertex -81.5 46.8 3.2
      vertex -71.4039 34.7755 3.2
      vertex -71.1194 35.7134 3.2
    endloop
  endfacet
  facet normal 0 0 1
    outer loop
      vertex -71.5 33.8 3.2
      vertex -81.5 46.8 3.2
      vertex -81.5 -8 3.2
    endloop
  endfacet
  facet normal 0 0 1
    outer loop
      vertex -71.5 33.8 3.2
      vertex -81.5 -8 3.2
      vertex -77.5 -8 3.2
    endloop
  endfacet
  facet normal 0 0 1
    outer loop
      vertex 71.5 -33 3.2
      vertex 81.5 -22 3.2
      vertex 77.2651 -22 3.2
    endloop
  endfacet
  facet normal 0 0 1
    outer loop
      vertex 77.2651 -19 3.2
      vertex 71.5 -33 3.2
      vertex 77.2651 -22 3.2
    endloop
  endfacet
  facet normal 0 0 1
    outer loop
      vertex 81.5 -22 3.2
      vertex 71.5 -33 3.2
      vertex 81.5 -46 3.2
    endloop
  endfacet
  facet normal -0 0 1
    outer loop
      vertex 71.4039 -33.9755 3.2
      vertex 81.5 -46 3.2
      vertex 71.5 -33 3.2
    endloop
  endfacet
  facet normal -0 0 1
    outer loop
      vertex 71.1194 -34.9134 3.2
      vertex 81.5 -46 3.2
      vertex 71.4039 -33.9755 3.2
    endloop
  endfacet
  facet normal -0 0 1
    outer loop
      vertex 70.6573 -35.7779 3.2
      vertex 81.5 -46 3.2
      vertex 71.1194 -34.9134 3.2
    endloop
  endfacet
  facet normal -0 0 1
    outer loop
      vertex 70.0355 -36.5355 3.2
      vertex 81.5 -46 3.2
      vertex 70.6573 -35.7779 3.2
    endloop
  endfacet
  facet normal -0 0 1
    outer loop
      vertex 69.2778 -37.1573 3.2
      vertex 81.5 -46 3.2
      vertex 70.0355 -36.5355 3.2
    endloop
  endfacet
  facet normal -0 0 1
    outer loop
      vertex 68.4134 -37.6194 3.2
      vertex 81.5 -46 3.2
      vertex 69.2778 -37.1573 3.2
    endloop
  endfacet
  facet normal -0 0 1
    outer loop
      vertex 67.4754 -37.9039 3.2
      vertex 81.5 -46 3.2
      vertex 68.4134 -37.6194 3.2
    endloop
  endfacet
  facet normal -0 0 1
    outer loop
      vertex 66.5 -38 3.2
      vertex 81.5 -46 3.2
      vertex 67.4754 -37.9039 3.2
    endloop
  endfacet
  facet normal -0 0 1
    outer loop
      vertex 53 -38 3.2
      vertex 81.5 -46 3.2
      vertex 66.5 -38 3.2
    endloop
  endfacet
  facet normal 0 0 1
    outer loop
      vertex 36.5304 -38.8731 3.2
      vertex 53 -38 3.2
      vertex 52.0245 -37.9039 3.2
    endloop
  endfacet
  facet normal 0 0 1
    outer loop
      vertex 48 33.8 3.2
      vertex 39.75 -34.95 3.2
      vertex 48 -33 3.2
    endloop
  endfacet
  facet normal 0 0 1
    outer loop
      vertex 48 -33 3.2
      vertex 39.75 -34.95 3.2
      vertex 48.0961 -33.9755 3.2
    endloop
  endfacet
  facet normal 0 0 1
    outer loop
      vertex 39.75 -34.95 3.2
      vertex 48.3806 -34.9134 3.2
      vertex 48.0961 -33.9755 3.2
    endloop
  endfacet
  facet normal 0 0 1
    outer loop
      vertex 39.6731 -35.7304 3.2
      vertex 48.3806 -34.9134 3.2
      vertex 39.75 -34.95 3.2
    endloop
  endfacet
  facet normal 0 0 1
    outer loop
      vertex 39.4455 -36.4807 3.2
      vertex 48.3806 -34.9134 3.2
      vertex 39.6731 -35.7304 3.2
    endloop
  endfacet
  facet normal 0 0 1
    outer loop
      vertex 48.3806 -34.9134 3.2
      vertex 39.4455 -36.4807 3.2
      vertex 48.8427 -35.7779 3.2
    endloop
  endfacet
  facet normal 0 0 1
    outer loop
      vertex 39.0759 -37.1723 3.2
      vertex 48.8427 -35.7779 3.2
      vertex 39.4455 -36.4807 3.2
    endloop
  endfacet
  facet normal 0 0 1
    outer loop
      vertex 48.8427 -35.7779 3.2
      vertex 39.0759 -37.1723 3.2
      vertex 49.4645 -36.5355 3.2
    endloop
  endfacet
  facet normal 0 0 1
    outer loop
      vertex 38.5784 -37.7784 3.2
      vertex 49.4645 -36.5355 3.2
      vertex 39.0759 -37.1723 3.2
    endloop
  endfacet
  facet normal 0 0 1
    outer loop
      vertex 49.4645 -36.5355 3.2
      vertex 38.5784 -37.7784 3.2
      vertex 50.2221 -37.1573 3.2
    endloop
  endfacet
  facet normal 0 0 1
    outer loop
      vertex 37.9723 -38.2759 3.2
      vertex 50.2221 -37.1573 3.2
      vertex 38.5784 -37.7784 3.2
    endloop
  endfacet
  facet normal 0 0 1
    outer loop
      vertex 50.2221 -37.1573 3.2
      vertex 37.9723 -38.2759 3.2
      vertex 51.0866 -37.6194 3.2
    endloop
  endfacet
  facet normal 0 0 1
    outer loop
      vertex 37.2807 -38.6455 3.2
      vertex 51.0866 -37.6194 3.2
      vertex 37.9723 -38.2759 3.2
    endloop
  endfacet
  facet normal 0 0 1
    outer loop
      vertex 51.0866 -37.6194 3.2
      vertex 37.2807 -38.6455 3.2
      vertex 52.0245 -37.9039 3.2
    endloop
  endfacet
  facet normal 0 0 1
    outer loop
      vertex 36.5304 -38.8731 3.2
      vertex 52.0245 -37.9039 3.2
      vertex 37.2807 -38.6455 3.2
    endloop
  endfacet
  facet normal 0 0 1
    outer loop
      vertex 53 -38 3.2
      vertex 36.5304 -38.8731 3.2
      vertex 81.5 -46 3.2
    endloop
  endfacet
  facet normal -0 0 1
    outer loop
      vertex 35.75 -38.95 3.2
      vertex 81.5 -46 3.2
      vertex 36.5304 -38.8731 3.2
    endloop
  endfacet
  facet normal 0 0 1
    outer loop
      vertex 34.9696 -38.8731 3.2
      vertex 81.5 -46 3.2
      vertex 35.75 -38.95 3.2
    endloop
  endfacet
  facet normal -0 0 1
    outer loop
      vertex 25.5677 -16.2838 3.2
      vertex 35.75 -30.95 3.2
      vertex 26.6303 -14.575 3.2
    endloop
  endfacet
  facet normal 0 0 1
    outer loop
      vertex 35.75 -30.95 3.2
      vertex 25.5677 -16.2838 3.2
      vertex 34.9696 -31.0269 3.2
    endloop
  endfacet
  facet normal -0 0 1
    outer loop
      vertex 24.3956 -17.9194 3.2
      vertex 34.9696 -31.0269 3.2
      vertex 25.5677 -16.2838 3.2
    endloop
  endfacet
  facet normal 0 0 1
    outer loop
      vertex 34.9696 -31.0269 3.2
      vertex 24.3956 -17.9194 3.2
      vertex 34.2193 -31.2545 3.2
    endloop
  endfacet
  facet normal -0 0 1
    outer loop
      vertex 23.1191 -19.4749 3.2
      vertex 34.2193 -31.2545 3.2
      vertex 24.3956 -17.9194 3.2
    endloop
  endfacet
  facet normal 0 0 1
    outer loop
      vertex 34.2193 -31.2545 3.2
      vertex 23.1191 -19.4749 3.2
      vertex 33.5277 -31.6241 3.2
    endloop
  endfacet
  facet normal -0 0 1
    outer loop
      vertex 21.7435 -20.9435 3.2
      vertex 33.5277 -31.6241 3.2
      vertex 23.1191 -19.4749 3.2
    endloop
  endfacet
  facet normal 0 0 1
    outer loop
      vertex 33.5277 -31.6241 3.2
      vertex 21.7435 -20.9435 3.2
      vertex 32.9216 -32.1216 3.2
    endloop
  endfacet
  facet normal 0 0 1
    outer loop
      vertex 32.9216 -32.1216 3.2
      vertex 21.7435 -20.9435 3.2
      vertex 32.4241 -32.7277 3.2
    endloop
  endfacet
  facet normal -0 0 1
    outer loop
      vertex 20.2749 -22.3191 3.2
      vertex 32.4241 -32.7277 3.2
      vertex 21.7435 -20.9435 3.2
    endloop
  endfacet
  facet normal 0 0 1
    outer loop
      vertex 32.4241 -32.7277 3.2
      vertex 20.2749 -22.3191 3.2
      vertex 32.0545 -33.4193 3.2
    endloop
  endfacet
  facet normal -0 0 1
    outer loop
      vertex 18.7194 -23.5956 3.2
      vertex 32.0545 -33.4193 3.2
      vertex 20.2749 -22.3191 3.2
    endloop
  endfacet
  facet normal 0 0 1
    outer loop
      vertex 32.0545 -33.4193 3.2
      vertex 18.7194 -23.5956 3.2
      vertex 31.8269 -34.1696 3.2
    endloop
  endfacet
  facet normal -0 0 1
    outer loop
      vertex 17.0838 -24.7677 3.2
      vertex 31.8269 -34.1696 3.2
      vertex 18.7194 -23.5956 3.2
    endloop
  endfacet
  facet normal 0 0 1
    outer loop
      vertex 31.8269 -34.1696 3.2
      vertex 17.0838 -24.7677 3.2
      vertex 31.75 -34.95 3.2
    endloop
  endfacet
  facet normal -0 0 1
    outer loop
      vertex 15.375 -25.8303 3.2
      vertex 31.75 -34.95 3.2
      vertex 17.0838 -24.7677 3.2
    endloop
  endfacet
  facet normal 0 0 1
    outer loop
      vertex 31.75 -34.95 3.2
      vertex 15.375 -25.8303 3.2
      vertex 31.8269 -35.7304 3.2
    endloop
  endfacet
  facet normal -0 0 1
    outer loop
      vertex 13.6004 -26.7788 3.2
      vertex 31.8269 -35.7304 3.2
      vertex 15.375 -25.8303 3.2
    endloop
  endfacet
  facet normal -0 0 1
    outer loop
      vertex 11.7675 -27.6093 3.2
      vertex 31.8269 -35.7304 3.2
      vertex 13.6004 -26.7788 3.2
    endloop
  endfacet
  facet normal 0 0 1
    outer loop
      vertex 31.8269 -35.7304 3.2
      vertex 11.7675 -27.6093 3.2
      vertex 32.0545 -36.4807 3.2
    endloop
  endfacet
  facet normal -0 0 1
    outer loop
      vertex 9.88426 -28.3181 3.2
      vertex 32.0545 -36.4807 3.2
      vertex 11.7675 -27.6093 3.2
    endloop
  endfacet
  facet normal 0 0 1
    outer loop
      vertex 32.0545 -36.4807 3.2
      vertex 9.88426 -28.3181 3.2
      vertex 32.4241 -37.1723 3.2
    endloop
  endfacet
  facet normal -0 0 1
    outer loop
      vertex 7.95868 -28.9022 3.2
      vertex 32.4241 -37.1723 3.2
      vertex 9.88426 -28.3181 3.2
    endloop
  endfacet
  facet normal 0 0 1
    outer loop
      vertex 32.4241 -37.1723 3.2
      vertex 7.95868 -28.9022 3.2
      vertex 32.9216 -37.7784 3.2
    endloop
  endfacet
  facet normal -0 0 1
    outer loop
      vertex 5.99903 -29.3591 3.2
      vertex 32.9216 -37.7784 3.2
      vertex 7.95868 -28.9022 3.2
    endloop
  endfacet
  facet normal -0 0 1
    outer loop
      vertex 4.01368 -29.6869 3.2
      vertex 32.9216 -37.7784 3.2
      vertex 5.99903 -29.3591 3.2
    endloop
  endfacet
  facet normal 0 0 1
    outer loop
      vertex 32.9216 -37.7784 3.2
      vertex 4.01368 -29.6869 3.2
      vertex 33.5277 -38.2759 3.2
    endloop
  endfacet
  facet normal -0 0 1
    outer loop
      vertex 2.01115 -29.8842 3.2
      vertex 33.5277 -38.2759 3.2
      vertex 4.01368 -29.6869 3.2
    endloop
  endfacet
  facet normal -0 0 1
    outer loop
      vertex 0 -29.95 3.2
      vertex 33.5277 -38.2759 3.2
      vertex 2.01115 -29.8842 3.2
    endloop
  endfacet
  facet normal 0 0 1
    outer loop
      vertex 33.5277 -38.2759 3.2
      vertex 0 -29.95 3.2
      vertex 34.2193 -38.6455 3.2
    endloop
  endfacet
  facet normal -0 0 1
    outer loop
      vertex -33.5277 -38.2759 3.2
      vertex 34.2193 -38.6455 3.2
      vertex 0 -29.95 3.2
    endloop
  endfacet
  facet normal 0 0 1
    outer loop
      vertex -33.5277 -38.2759 3.2
      vertex 0 -29.95 3.2
      vertex -2.01115 -29.8842 3.2
    endloop
  endfacet
  facet normal 0 0 1
    outer loop
      vertex -33.5277 -38.2759 3.2
      vertex -2.01115 -29.8842 3.2
      vertex -4.01368 -29.6869 3.2
    endloop
  endfacet
  facet normal 0 0 1
    outer loop
      vertex -32.9216 -37.7784 3.2
      vertex -4.01368 -29.6869 3.2
      vertex -5.99903 -29.3591 3.2
    endloop
  endfacet
  facet normal 0 0 1
    outer loop
      vertex -36.5304 32.6269 3.2
      vertex -26.6303 16.175 3.2
      vertex -35.75 32.55 3.2
    endloop
  endfacet
  facet normal 0 0 1
    outer loop
      vertex -31.75 -34.95 3.2
      vertex -30.6842 -1.21115 3.2
      vertex -30.75 0.799999 3.2
    endloop
  endfacet
  facet normal 0 0 1
    outer loop
      vertex -31.75 -34.95 3.2
      vertex -30.4869 -3.21368 3.2
      vertex -30.6842 -1.21115 3.2
    endloop
  endfacet
  facet normal 0 0 1
    outer loop
      vertex -31.75 -34.95 3.2
      vertex -30.1591 -5.19903 3.2
      vertex -30.4869 -3.21368 3.2
    endloop
  endfacet
  facet normal 0 0 1
    outer loop
      vertex -31.75 -34.95 3.2
      vertex -29.7022 -7.15868 3.2
      vertex -30.1591 -5.19903 3.2
    endloop
  endfacet
  facet normal 0 0 1
    outer loop
      vertex -31.75 -34.95 3.2
      vertex -29.1181 -9.08426 3.2
      vertex -29.7022 -7.15868 3.2
    endloop
  endfacet
  facet normal 0 0 1
    outer loop
      vertex -31.75 -34.95 3.2
      vertex -28.4093 -10.9675 3.2
      vertex -29.1181 -9.08426 3.2
    endloop
  endfacet
  facet normal 0 0 1
    outer loop
      vertex -31.75 -34.95 3.2
      vertex -27.5788 -12.8004 3.2
      vertex -28.4093 -10.9675 3.2
    endloop
  endfacet
  facet normal 0 0 1
    outer loop
      vertex -31.75 -34.95 3.2
      vertex -26.6303 -14.575 3.2
      vertex -27.5788 -12.8004 3.2
    endloop
  endfacet
  facet normal 0 0 1
    outer loop
      vertex -31.75 -34.95 3.2
      vertex -25.5677 -16.2838 3.2
      vertex -26.6303 -14.575 3.2
    endloop
  endfacet
  facet normal 0 0 1
    outer loop
      vertex -31.75 -34.95 3.2
      vertex -24.3956 -17.9194 3.2
      vertex -25.5677 -16.2838 3.2
    endloop
  endfacet
  facet normal 0 0 1
    outer loop
      vertex -31.75 -34.95 3.2
      vertex -23.1191 -19.4749 3.2
      vertex -24.3956 -17.9194 3.2
    endloop
  endfacet
  facet normal 0 0 1
    outer loop
      vertex -31.75 -34.95 3.2
      vertex -21.7435 -20.9435 3.2
      vertex -23.1191 -19.4749 3.2
    endloop
  endfacet
  facet normal 0 0 1
    outer loop
      vertex -31.75 -34.95 3.2
      vertex -20.2749 -22.3191 3.2
      vertex -21.7435 -20.9435 3.2
    endloop
  endfacet
  facet normal 0 0 1
    outer loop
      vertex -31.75 -34.95 3.2
      vertex -18.7194 -23.5956 3.2
      vertex -20.2749 -22.3191 3.2
    endloop
  endfacet
  facet normal 0 0 1
    outer loop
      vertex -31.75 -34.95 3.2
      vertex -17.0838 -24.7677 3.2
      vertex -18.7194 -23.5956 3.2
    endloop
  endfacet
  facet normal 0 0 1
    outer loop
      vertex -31.75 -34.95 3.2
      vertex -15.375 -25.8303 3.2
      vertex -17.0838 -24.7677 3.2
    endloop
  endfacet
  facet normal 0 0 1
    outer loop
      vertex -31.8269 -35.7304 3.2
      vertex -15.375 -25.8303 3.2
      vertex -31.75 -34.95 3.2
    endloop
  endfacet
  facet normal 0 0 1
    outer loop
      vertex -15.375 -25.8303 3.2
      vertex -31.8269 -35.7304 3.2
      vertex -13.6004 -26.7788 3.2
    endloop
  endfacet
  facet normal 0 0 1
    outer loop
      vertex -13.6004 -26.7788 3.2
      vertex -31.8269 -35.7304 3.2
      vertex -11.7675 -27.6093 3.2
    endloop
  endfacet
  facet normal 0 0 1
    outer loop
      vertex -32.0545 -36.4807 3.2
      vertex -11.7675 -27.6093 3.2
      vertex -31.8269 -35.7304 3.2
    endloop
  endfacet
  facet normal 0 0 1
    outer loop
      vertex -11.7675 -27.6093 3.2
      vertex -32.0545 -36.4807 3.2
      vertex -9.88426 -28.3181 3.2
    endloop
  endfacet
  facet normal 0 0 1
    outer loop
      vertex -32.4241 -37.1723 3.2
      vertex -9.88426 -28.3181 3.2
      vertex -32.0545 -36.4807 3.2
    endloop
  endfacet
  facet normal 0 0 1
    outer loop
      vertex -9.88426 -28.3181 3.2
      vertex -32.4241 -37.1723 3.2
      vertex -7.95868 -28.9022 3.2
    endloop
  endfacet
  facet normal 0 0 1
    outer loop
      vertex -32.9216 -37.7784 3.2
      vertex -7.95868 -28.9022 3.2
      vertex -32.4241 -37.1723 3.2
    endloop
  endfacet
  facet normal 0 0 1
    outer loop
      vertex -7.95868 -28.9022 3.2
      vertex -32.9216 -37.7784 3.2
      vertex -5.99903 -29.3591 3.2
    endloop
  endfacet
  facet normal 0 0 1
    outer loop
      vertex -4.01368 -29.6869 3.2
      vertex -32.9216 -37.7784 3.2
      vertex -33.5277 -38.2759 3.2
    endloop
  endfacet
  facet normal 0 0 1
    outer loop
      vertex -34.2193 -38.6455 3.2
      vertex 34.2193 -38.6455 3.2
      vertex -33.5277 -38.2759 3.2
    endloop
  endfacet
  facet normal 0 0 1
    outer loop
      vertex 34.2193 -38.6455 3.2
      vertex -34.2193 -38.6455 3.2
      vertex 34.9696 -38.8731 3.2
    endloop
  endfacet
  facet normal 0 0 1
    outer loop
      vertex -34.9696 -38.8731 3.2
      vertex 34.9696 -38.8731 3.2
      vertex -34.2193 -38.6455 3.2
    endloop
  endfacet
  facet normal 0 0 1
    outer loop
      vertex 34.9696 -38.8731 3.2
      vertex -34.9696 -38.8731 3.2
      vertex 81.5 -46 3.2
    endloop
  endfacet
  facet normal -0 0 1
    outer loop
      vertex -35.75 -38.95 3.2
      vertex 81.5 -46 3.2
      vertex -34.9696 -38.8731 3.2
    endloop
  endfacet
  facet normal -0 0 1
    outer loop
      vertex -48.0961 -33.9755 3.2
      vertex -39.6731 -34.1696 3.2
      vertex -48 -33 3.2
    endloop
  endfacet
  facet normal 0 0 1
    outer loop
      vertex -39.6731 -34.1696 3.2
      vertex -48.0961 -33.9755 3.2
      vertex -39.75 -34.95 3.2
    endloop
  endfacet
  facet normal -0 0 1
    outer loop
      vertex -48.3806 -34.9134 3.2
      vertex -39.75 -34.95 3.2
      vertex -48.0961 -33.9755 3.2
    endloop
  endfacet
  facet normal 0 0 1
    outer loop
      vertex -39.75 -34.95 3.2
      vertex -48.3806 -34.9134 3.2
      vertex -39.6731 -35.7304 3.2
    endloop
  endfacet
  facet normal 0 0 1
    outer loop
      vertex -39.6731 -35.7304 3.2
      vertex -48.3806 -34.9134 3.2
      vertex -39.4455 -36.4807 3.2
    endloop
  endfacet
  facet normal -0 0 1
    outer loop
      vertex -48.8427 -35.7779 3.2
      vertex -39.4455 -36.4807 3.2
      vertex -48.3806 -34.9134 3.2
    endloop
  endfacet
  facet normal 0 0 1
    outer loop
      vertex -39.4455 -36.4807 3.2
      vertex -48.8427 -35.7779 3.2
      vertex -39.0759 -37.1723 3.2
    endloop
  endfacet
  facet normal -0 0 1
    outer loop
      vertex -49.4645 -36.5355 3.2
      vertex -39.0759 -37.1723 3.2
      vertex -48.8427 -35.7779 3.2
    endloop
  endfacet
  facet normal 0 0 1
    outer loop
      vertex -39.0759 -37.1723 3.2
      vertex -49.4645 -36.5355 3.2
      vertex -38.5784 -37.7784 3.2
    endloop
  endfacet
  facet normal -0 0 1
    outer loop
      vertex -50.2221 -37.1573 3.2
      vertex -38.5784 -37.7784 3.2
      vertex -49.4645 -36.5355 3.2
    endloop
  endfacet
  facet normal 0 0 1
    outer loop
      vertex -38.5784 -37.7784 3.2
      vertex -50.2221 -37.1573 3.2
      vertex -37.9723 -38.2759 3.2
    endloop
  endfacet
  facet normal -0 0 1
    outer loop
      vertex -51.0866 -37.6194 3.2
      vertex -37.9723 -38.2759 3.2
      vertex -50.2221 -37.1573 3.2
    endloop
  endfacet
  facet normal 0 0 1
    outer loop
      vertex -37.9723 -38.2759 3.2
      vertex -51.0866 -37.6194 3.2
      vertex -37.2807 -38.6455 3.2
    endloop
  endfacet
  facet normal -0 0 1
    outer loop
      vertex -52.0245 -37.9039 3.2
      vertex -37.2807 -38.6455 3.2
      vertex -51.0866 -37.6194 3.2
    endloop
  endfacet
  facet normal 0 0 1
    outer loop
      vertex -37.2807 -38.6455 3.2
      vertex -52.0245 -37.9039 3.2
      vertex -36.5304 -38.8731 3.2
    endloop
  endfacet
  facet normal -0 0 1
    outer loop
      vertex -53 -38 3.2
      vertex -36.5304 -38.8731 3.2
      vertex -52.0245 -37.9039 3.2
    endloop
  endfacet
  facet normal 0 0 1
    outer loop
      vertex -81.5 -46 3.2
      vertex -36.5304 -38.8731 3.2
      vertex -53 -38 3.2
    endloop
  endfacet
  facet normal 0 0 1
    outer loop
      vertex -36.5304 -38.8731 3.2
      vertex -81.5 -46 3.2
      vertex -35.75 -38.95 3.2
    endloop
  endfacet
  facet normal 0 0 1
    outer loop
      vertex -81.5 -46 3.2
      vertex -53 -38 3.2
      vertex -66.5 -38 3.2
    endloop
  endfacet
  facet normal -0 0 1
    outer loop
      vertex -77.2651 -22 3.2
      vertex -71.5 -33 3.2
      vertex -77.2651 -19 3.2
    endloop
  endfacet
  facet normal -0 0 1
    outer loop
      vertex -81.5 -22 3.2
      vertex -71.5 -33 3.2
      vertex -77.2651 -22 3.2
    endloop
  endfacet
  facet normal 0 0 1
    outer loop
      vertex -81.5 -46 3.2
      vertex -71.5 -33 3.2
      vertex -81.5 -22 3.2
    endloop
  endfacet
  facet normal 0 0 1
    outer loop
      vertex -71.5 -33 3.2
      vertex -81.5 -46 3.2
      vertex -71.4039 -33.9755 3.2
    endloop
  endfacet
  facet normal 0 0 1
    outer loop
      vertex -71.4039 -33.9755 3.2
      vertex -81.5 -46 3.2
      vertex -71.1194 -34.9134 3.2
    endloop
  endfacet
  facet normal 0 0 1
    outer loop
      vertex -35.75 -38.95 3.2
      vertex -81.5 -46 3.2
      vertex 81.5 -46 3.2
    endloop
  endfacet
  facet normal 0 0 1
    outer loop
      vertex -67.4754 -37.9039 3.2
      vertex -81.5 -46 3.2
      vertex -66.5 -38 3.2
    endloop
  endfacet
  facet normal 0 0 1
    outer loop
      vertex -68.4134 -37.6194 3.2
      vertex -81.5 -46 3.2
      vertex -67.4754 -37.9039 3.2
    endloop
  endfacet
  facet normal 0 0 1
    outer loop
      vertex -69.2778 -37.1573 3.2
      vertex -81.5 -46 3.2
      vertex -68.4134 -37.6194 3.2
    endloop
  endfacet
  facet normal 0 0 1
    outer loop
      vertex -70.0355 -36.5355 3.2
      vertex -81.5 -46 3.2
      vertex -69.2778 -37.1573 3.2
    endloop
  endfacet
  facet normal 0 0 1
    outer loop
      vertex -70.6573 -35.7779 3.2
      vertex -81.5 -46 3.2
      vertex -70.0355 -36.5355 3.2
    endloop
  endfacet
  facet normal 0 0 1
    outer loop
      vertex -71.1194 -34.9134 3.2
      vertex -81.5 -46 3.2
      vertex -70.6573 -35.7779 3.2
    endloop
  endfacet
  facet normal 0 0 1
    outer loop
      vertex -77.2651 -19 3.2
      vertex -77.5 -8 3.2
      vertex -77.5 -19 3.2
    endloop
  endfacet
  facet normal 0 0 -1
    outer loop
      vertex -85.909 -38.409 0
      vertex -71.5 -33 0
      vertex -85.5514 -38.875 0
    endloop
  endfacet
  facet normal 0 0 -1
    outer loop
      vertex -71.5 33.8 0
      vertex -85.3267 40.2177 0
      vertex -85.25 40.8 0
    endloop
  endfacet
  facet normal 0 0 -1
    outer loop
      vertex -86.375 -38.0514 0
      vertex -71.5 -33 0
      vertex -85.909 -38.409 0
    endloop
  endfacet
  facet normal 0 0 -1
    outer loop
      vertex -71.5 33.8 0
      vertex -85.5514 39.675 0
      vertex -85.3267 40.2177 0
    endloop
  endfacet
  facet normal 0 0 -1
    outer loop
      vertex -86.9177 -37.8267 0
      vertex -71.5 -33 0
      vertex -86.375 -38.0514 0
    endloop
  endfacet
  facet normal 0 0 -1
    outer loop
      vertex -71.5 33.8 0
      vertex -85.909 39.209 0
      vertex -85.5514 39.675 0
    endloop
  endfacet
  facet normal 0 0 -1
    outer loop
      vertex -87.5 -37.75 0
      vertex -71.5 -33 0
      vertex -86.9177 -37.8267 0
    endloop
  endfacet
  facet normal 0 0 -1
    outer loop
      vertex -71.5 33.8 0
      vertex -86.375 38.8514 0
      vertex -85.909 39.209 0
    endloop
  endfacet
  facet normal -0 0 -1
    outer loop
      vertex -71.5 -33 0
      vertex -87.5 -37.75 0
      vertex -71.5 33.8 0
    endloop
  endfacet
  facet normal 0 0 -1
    outer loop
      vertex -71.5 33.8 0
      vertex -86.9177 38.6267 0
      vertex -86.375 38.8514 0
    endloop
  endfacet
  facet normal 0 0 -1
    outer loop
      vertex -87.5 38.55 0
      vertex -71.5 33.8 0
      vertex -87.5 -37.75 0
    endloop
  endfacet
  facet normal 0 0 -1
    outer loop
      vertex -71.5 33.8 0
      vertex -87.5 38.55 0
      vertex -86.9177 38.6267 0
    endloop
  endfacet
  facet normal 0 0 -1
    outer loop
      vertex -88.0823 -37.8267 0
      vertex -87.5 38.55 0
      vertex -87.5 -37.75 0
    endloop
  endfacet
  facet normal 0 0 -1
    outer loop
      vertex -88.0823 -37.8267 0
      vertex -88.0823 38.6267 0
      vertex -87.5 38.55 0
    endloop
  endfacet
  facet normal 0 0 -1
    outer loop
      vertex -88.625 -38.0514 0
      vertex -88.0823 38.6267 0
      vertex -88.0823 -37.8267 0
    endloop
  endfacet
  facet normal 0 0 -1
    outer loop
      vertex -88.625 -38.0514 0
      vertex -88.625 38.8514 0
      vertex -88.0823 38.6267 0
    endloop
  endfacet
  facet normal 0 0 -1
    outer loop
      vertex -89.091 -38.409 0
      vertex -88.625 38.8514 0
      vertex -88.625 -38.0514 0
    endloop
  endfacet
  facet normal 0 0 -1
    outer loop
      vertex -89.091 -38.409 0
      vertex -89.091 39.209 0
      vertex -88.625 38.8514 0
    endloop
  endfacet
  facet normal 0 0 -1
    outer loop
      vertex -89.4486 -38.875 0
      vertex -89.091 39.209 0
      vertex -89.091 -38.409 0
    endloop
  endfacet
  facet normal 0 0 -1
    outer loop
      vertex -89.4486 -38.875 0
      vertex -89.4486 39.675 0
      vertex -89.091 39.209 0
    endloop
  endfacet
  facet normal 0 0 -1
    outer loop
      vertex -93.5 -46 0
      vertex -89.4486 -38.875 0
      vertex -89.6733 -39.4177 0
    endloop
  endfacet
  facet normal -0 0 -1
    outer loop
      vertex -89.4486 -38.875 0
      vertex -93.5 -46 0
      vertex -89.4486 39.675 0
    endloop
  endfacet
  facet normal 0 0 -1
    outer loop
      vertex -93.5 -46 0
      vertex -89.6733 -39.4177 0
      vertex -89.75 -40 0
    endloop
  endfacet
  facet normal 0 0 -1
    outer loop
      vertex -93.5 46.8 0
      vertex -89.4486 39.675 0
      vertex -93.5 -46 0
    endloop
  endfacet
  facet normal 0 0 -1
    outer loop
      vertex 93.5 -46 0
      vertex 89.4486 -38.875 0
      vertex 93.5 46.8 0
    endloop
  endfacet
  facet normal 0 0 -1
    outer loop
      vertex 93.5 46.8 0
      vertex 89.6733 40.2177 0
      vertex 89.75 40.8 0
    endloop
  endfacet
  facet normal 0 0 -1
    outer loop
      vertex 89.4486 39.675 0
      vertex 93.5 46.8 0
      vertex 89.4486 -38.875 0
    endloop
  endfacet
  facet normal 0 0 -1
    outer loop
      vertex 93.5 46.8 0
      vertex 89.4486 39.675 0
      vertex 89.6733 40.2177 0
    endloop
  endfacet
  facet normal 0 0 -1
    outer loop
      vertex 89.091 -38.409 0
      vertex 89.4486 39.675 0
      vertex 89.4486 -38.875 0
    endloop
  endfacet
  facet normal 0 0 -1
    outer loop
      vertex 89.091 -38.409 0
      vertex 89.091 39.209 0
      vertex 89.4486 39.675 0
    endloop
  endfacet
  facet normal 0 0 -1
    outer loop
      vertex 88.625 -38.0514 0
      vertex 89.091 39.209 0
      vertex 89.091 -38.409 0
    endloop
  endfacet
  facet normal 0 0 -1
    outer loop
      vertex 88.625 -38.0514 0
      vertex 88.625 38.8514 0
      vertex 89.091 39.209 0
    endloop
  endfacet
  facet normal 0 0 -1
    outer loop
      vertex 88.0823 -37.8267 0
      vertex 88.625 38.8514 0
      vertex 88.625 -38.0514 0
    endloop
  endfacet
  facet normal 0 0 -1
    outer loop
      vertex 88.0823 -37.8267 0
      vertex 88.0823 38.6267 0
      vertex 88.625 38.8514 0
    endloop
  endfacet
  facet normal 0 0 -1
    outer loop
      vertex 87.5 -37.75 0
      vertex 88.0823 38.6267 0
      vertex 88.0823 -37.8267 0
    endloop
  endfacet
  facet normal 0 0 -1
    outer loop
      vertex 87.5 -37.75 0
      vertex 87.5 38.55 0
      vertex 88.0823 38.6267 0
    endloop
  endfacet
  facet normal 0 0 -1
    outer loop
      vertex 71.5 -33 0
      vertex 87.5 -37.75 0
      vertex 86.9177 -37.8267 0
    endloop
  endfacet
  facet normal 0 0 -1
    outer loop
      vertex 87.5 -37.75 0
      vertex 71.5 -33 0
      vertex 87.5 38.55 0
    endloop
  endfacet
  facet normal 0 0 -1
    outer loop
      vertex 71.5 -33 0
      vertex 86.9177 -37.8267 0
      vertex 86.375 -38.0514 0
    endloop
  endfacet
  facet normal 0 0 -1
    outer loop
      vertex 71.5 33.8 0
      vertex 87.5 38.55 0
      vertex 71.5 -33 0
    endloop
  endfacet
  facet normal 0 0 -1
    outer loop
      vertex 71.5 -33 0
      vertex 86.375 -38.0514 0
      vertex 85.909 -38.409 0
    endloop
  endfacet
  facet normal -0 0 -1
    outer loop
      vertex 87.5 38.55 0
      vertex 71.5 33.8 0
      vertex 86.9177 38.6267 0
    endloop
  endfacet
  facet normal 0 0 -1
    outer loop
      vertex 71.5 -33 0
      vertex 85.909 -38.409 0
      vertex 85.5514 -38.875 0
    endloop
  endfacet
  facet normal -0 0 -1
    outer loop
      vertex 86.9177 38.6267 0
      vertex 71.5 33.8 0
      vertex 86.375 38.8514 0
    endloop
  endfacet
  facet normal 0 0 -1
    outer loop
      vertex 71.4039 -33.9755 0
      vertex 85.5514 -38.875 0
      vertex 85.3267 -39.4177 0
    endloop
  endfacet
  facet normal -0 0 -1
    outer loop
      vertex 86.375 38.8514 0
      vertex 71.5 33.8 0
      vertex 85.909 39.209 0
    endloop
  endfacet
  facet normal 0 0 -1
    outer loop
      vertex 71.1194 -34.9134 0
      vertex 85.3267 -39.4177 0
      vertex 85.25 -40 0
    endloop
  endfacet
  facet normal -0 0 -1
    outer loop
      vertex 85.909 39.209 0
      vertex 71.5 33.8 0
      vertex 85.5514 39.675 0
    endloop
  endfacet
  facet normal 0 0 -1
    outer loop
      vertex 89.6733 -39.4177 0
      vertex 93.5 -46 0
      vertex 89.75 -40 0
    endloop
  endfacet
  facet normal 0 0 -1
    outer loop
      vertex 93.5 -46 0
      vertex 89.6733 -40.5823 0
      vertex 89.75 -40 0
    endloop
  endfacet
  facet normal 0 0 -1
    outer loop
      vertex 93.5 -46 0
      vertex 89.4486 -41.125 0
      vertex 89.6733 -40.5823 0
    endloop
  endfacet
  facet normal 0 0 -1
    outer loop
      vertex 93.5 -46 0
      vertex 89.091 -41.591 0
      vertex 89.4486 -41.125 0
    endloop
  endfacet
  facet normal 0 0 -1
    outer loop
      vertex 93.5 -46 0
      vertex 88.625 -41.9486 0
      vertex 89.091 -41.591 0
    endloop
  endfacet
  facet normal 0 0 -1
    outer loop
      vertex 93.5 -46 0
      vertex 88.0823 -42.1733 0
      vertex 88.625 -41.9486 0
    endloop
  endfacet
  facet normal 0 0 -1
    outer loop
      vertex 93.5 -46 0
      vertex 87.5 -42.25 0
      vertex 88.0823 -42.1733 0
    endloop
  endfacet
  facet normal 0 0 -1
    outer loop
      vertex 93.5 -46 0
      vertex 86.9177 -42.1733 0
      vertex 87.5 -42.25 0
    endloop
  endfacet
  facet normal 0 0 -1
    outer loop
      vertex 93.5 -46 0
      vertex 86.375 -41.9486 0
      vertex 86.9177 -42.1733 0
    endloop
  endfacet
  facet normal 0 0 -1
    outer loop
      vertex 71.4039 34.7755 0
      vertex 85.5514 39.675 0
      vertex 71.5 33.8 0
    endloop
  endfacet
  facet normal 0 0 -1
    outer loop
      vertex 70.6573 -35.7779 0
      vertex 85.25 -40 0
      vertex 85.3267 -40.5823 0
    endloop
  endfacet
  facet normal 0 0 -1
    outer loop
      vertex 70.0355 -36.5355 0
      vertex 85.3267 -40.5823 0
      vertex 85.5514 -41.125 0
    endloop
  endfacet
  facet normal 0 0 -1
    outer loop
      vertex 68.4134 -37.6194 0
      vertex 85.5514 -41.125 0
      vertex 85.909 -41.591 0
    endloop
  endfacet
  facet normal 0 0 -1
    outer loop
      vertex 67.4754 -37.9039 0
      vertex 85.909 -41.591 0
      vertex 86.375 -41.9486 0
    endloop
  endfacet
  facet normal 0 0 -1
    outer loop
      vertex 85.5514 -38.875 0
      vertex 71.4039 -33.9755 0
      vertex 71.5 -33 0
    endloop
  endfacet
  facet normal 0 0 -1
    outer loop
      vertex 66.5 -38 0
      vertex 86.375 -41.9486 0
      vertex 93.5 -46 0
    endloop
  endfacet
  facet normal 0 0 -1
    outer loop
      vertex 85.3267 -39.4177 0
      vertex 71.1194 -34.9134 0
      vertex 71.4039 -33.9755 0
    endloop
  endfacet
  facet normal 0 0 -1
    outer loop
      vertex 85.25 -40 0
      vertex 70.6573 -35.7779 0
      vertex 71.1194 -34.9134 0
    endloop
  endfacet
  facet normal 0 0 -1
    outer loop
      vertex 85.3267 -40.5823 0
      vertex 70.0355 -36.5355 0
      vertex 70.6573 -35.7779 0
    endloop
  endfacet
  facet normal 0 0 -1
    outer loop
      vertex 85.5514 -41.125 0
      vertex 69.2778 -37.1573 0
      vertex 70.0355 -36.5355 0
    endloop
  endfacet
  facet normal 0 0 -1
    outer loop
      vertex 85.5514 -41.125 0
      vertex 68.4134 -37.6194 0
      vertex 69.2778 -37.1573 0
    endloop
  endfacet
  facet normal 0 0 -1
    outer loop
      vertex 85.909 -41.591 0
      vertex 67.4754 -37.9039 0
      vertex 68.4134 -37.6194 0
    endloop
  endfacet
  facet normal 0 0 -1
    outer loop
      vertex 86.375 -41.9486 0
      vertex 66.5 -38 0
      vertex 67.4754 -37.9039 0
    endloop
  endfacet
  facet normal 0 0 -1
    outer loop
      vertex 93.5 -46 0
      vertex 53 -38 0
      vertex 66.5 -38 0
    endloop
  endfacet
  facet normal 0 0 -1
    outer loop
      vertex 93.5 -46 0
      vertex 52.0245 -37.9039 0
      vertex 53 -38 0
    endloop
  endfacet
  facet normal 0 0 -1
    outer loop
      vertex 48 -33 0
      vertex 30.75 0.799999 0
      vertex 48 33.8 0
    endloop
  endfacet
  facet normal 0 0 -1
    outer loop
      vertex 20.2749 -22.3191 0
      vertex 48 -33 0
      vertex 48.0961 -33.9755 0
    endloop
  endfacet
  facet normal 0 0 -1
    outer loop
      vertex 18.7194 -23.5956 0
      vertex 48.0961 -33.9755 0
      vertex 48.3806 -34.9134 0
    endloop
  endfacet
  facet normal 0 0 -1
    outer loop
      vertex 48 -33 0
      vertex 30.6842 -1.21115 0
      vertex 30.75 0.799999 0
    endloop
  endfacet
  facet normal 0 0 -1
    outer loop
      vertex 48 -33 0
      vertex 30.4869 -3.21368 0
      vertex 30.6842 -1.21115 0
    endloop
  endfacet
  facet normal 0 0 -1
    outer loop
      vertex 15.375 -25.8303 0
      vertex 48.3806 -34.9134 0
      vertex 48.8427 -35.7779 0
    endloop
  endfacet
  facet normal 0 0 -1
    outer loop
      vertex 48 -33 0
      vertex 30.1591 -5.19903 0
      vertex 30.4869 -3.21368 0
    endloop
  endfacet
  facet normal 0 0 -1
    outer loop
      vertex 48 -33 0
      vertex 29.7022 -7.15868 0
      vertex 30.1591 -5.19903 0
    endloop
  endfacet
  facet normal 0 0 -1
    outer loop
      vertex 48 -33 0
      vertex 29.1181 -9.08426 0
      vertex 29.7022 -7.15868 0
    endloop
  endfacet
  facet normal 0 0 -1
    outer loop
      vertex 48 -33 0
      vertex 28.4093 -10.9675 0
      vertex 29.1181 -9.08426 0
    endloop
  endfacet
  facet normal 0 0 -1
    outer loop
      vertex 11.7675 -27.6093 0
      vertex 48.8427 -35.7779 0
      vertex 49.4645 -36.5355 0
    endloop
  endfacet
  facet normal 0 0 -1
    outer loop
      vertex 48 -33 0
      vertex 27.5788 -12.8004 0
      vertex 28.4093 -10.9675 0
    endloop
  endfacet
  facet normal 0 0 -1
    outer loop
      vertex 48 -33 0
      vertex 26.6303 -14.575 0
      vertex 27.5788 -12.8004 0
    endloop
  endfacet
  facet normal 0 0 -1
    outer loop
      vertex 48 -33 0
      vertex 25.5677 -16.2838 0
      vertex 26.6303 -14.575 0
    endloop
  endfacet
  facet normal 0 0 -1
    outer loop
      vertex 48 -33 0
      vertex 24.3956 -17.9194 0
      vertex 25.5677 -16.2838 0
    endloop
  endfacet
  facet normal 0 0 -1
    outer loop
      vertex 9.88426 -28.3181 0
      vertex 49.4645 -36.5355 0
      vertex 50.2221 -37.1573 0
    endloop
  endfacet
  facet normal 0 0 -1
    outer loop
      vertex 48 -33 0
      vertex 23.1191 -19.4749 0
      vertex 24.3956 -17.9194 0
    endloop
  endfacet
  facet normal 0 0 -1
    outer loop
      vertex 48 -33 0
      vertex 21.7435 -20.9435 0
      vertex 23.1191 -19.4749 0
    endloop
  endfacet
  facet normal 0 0 -1
    outer loop
      vertex 48 -33 0
      vertex 20.2749 -22.3191 0
      vertex 21.7435 -20.9435 0
    endloop
  endfacet
  facet normal 0 0 -1
    outer loop
      vertex 4.01368 -29.6869 0
      vertex 50.2221 -37.1573 0
      vertex 51.0866 -37.6194 0
    endloop
  endfacet
  facet normal 0 0 -1
    outer loop
      vertex 48.0961 -33.9755 0
      vertex 18.7194 -23.5956 0
      vertex 20.2749 -22.3191 0
    endloop
  endfacet
  facet normal 0 0 -1
    outer loop
      vertex 48.3806 -34.9134 0
      vertex 17.0838 -24.7677 0
      vertex 18.7194 -23.5956 0
    endloop
  endfacet
  facet normal 0 0 -1
    outer loop
      vertex 48.3806 -34.9134 0
      vertex 15.375 -25.8303 0
      vertex 17.0838 -24.7677 0
    endloop
  endfacet
  facet normal 0 0 -1
    outer loop
      vertex 48.8427 -35.7779 0
      vertex 13.6004 -26.7788 0
      vertex 15.375 -25.8303 0
    endloop
  endfacet
  facet normal 0 0 -1
    outer loop
      vertex 0 -29.95 0
      vertex 51.0866 -37.6194 0
      vertex 52.0245 -37.9039 0
    endloop
  endfacet
  facet normal 0 0 -1
    outer loop
      vertex 48.8427 -35.7779 0
      vertex 11.7675 -27.6093 0
      vertex 13.6004 -26.7788 0
    endloop
  endfacet
  facet normal 0 0 -1
    outer loop
      vertex 49.4645 -36.5355 0
      vertex 9.88426 -28.3181 0
      vertex 11.7675 -27.6093 0
    endloop
  endfacet
  facet normal 0 0 -1
    outer loop
      vertex 50.2221 -37.1573 0
      vertex 7.95868 -28.9022 0
      vertex 9.88426 -28.3181 0
    endloop
  endfacet
  facet normal 0 0 -1
    outer loop
      vertex 50.2221 -37.1573 0
      vertex 5.99903 -29.3591 0
      vertex 7.95868 -28.9022 0
    endloop
  endfacet
  facet normal 0 0 -1
    outer loop
      vertex -52.0245 -37.9039 0
      vertex 52.0245 -37.9039 0
      vertex 93.5 -46 0
    endloop
  endfacet
  facet normal 0 0 -1
    outer loop
      vertex 50.2221 -37.1573 0
      vertex 4.01368 -29.6869 0
      vertex 5.99903 -29.3591 0
    endloop
  endfacet
  facet normal 0 0 -1
    outer loop
      vertex 51.0866 -37.6194 0
      vertex 2.01115 -29.8842 0
      vertex 4.01368 -29.6869 0
    endloop
  endfacet
  facet normal 0 0 -1
    outer loop
      vertex 51.0866 -37.6194 0
      vertex 0 -29.95 0
      vertex 2.01115 -29.8842 0
    endloop
  endfacet
  facet normal 0 0 -1
    outer loop
      vertex 52.0245 -37.9039 0
      vertex -52.0245 -37.9039 0
      vertex 0 -29.95 0
    endloop
  endfacet
  facet normal 0 -0 -1
    outer loop
      vertex -51.0866 -37.6194 0
      vertex 0 -29.95 0
      vertex -52.0245 -37.9039 0
    endloop
  endfacet
  facet normal -0 0 -1
    outer loop
      vertex 0 -29.95 0
      vertex -51.0866 -37.6194 0
      vertex -2.01115 -29.8842 0
    endloop
  endfacet
  facet normal -0 0 -1
    outer loop
      vertex -30.6842 -1.21115 0
      vertex -48 -33 0
      vertex -30.75 0.799999 0
    endloop
  endfacet
  facet normal -0 0 -1
    outer loop
      vertex -30.4869 -3.21368 0
      vertex -48 -33 0
      vertex -30.6842 -1.21115 0
    endloop
  endfacet
  facet normal -0 0 -1
    outer loop
      vertex -30.1591 -5.19903 0
      vertex -48 -33 0
      vertex -30.4869 -3.21368 0
    endloop
  endfacet
  facet normal -0 0 -1
    outer loop
      vertex -29.7022 -7.15868 0
      vertex -48 -33 0
      vertex -30.1591 -5.19903 0
    endloop
  endfacet
  facet normal -0 0 -1
    outer loop
      vertex -29.1181 -9.08426 0
      vertex -48 -33 0
      vertex -29.7022 -7.15868 0
    endloop
  endfacet
  facet normal -0 0 -1
    outer loop
      vertex -28.4093 -10.9675 0
      vertex -48 -33 0
      vertex -29.1181 -9.08426 0
    endloop
  endfacet
  facet normal -0 0 -1
    outer loop
      vertex -27.5788 -12.8004 0
      vertex -48 -33 0
      vertex -28.4093 -10.9675 0
    endloop
  endfacet
  facet normal -0 0 -1
    outer loop
      vertex -26.6303 -14.575 0
      vertex -48 -33 0
      vertex -27.5788 -12.8004 0
    endloop
  endfacet
  facet normal -0 0 -1
    outer loop
      vertex -25.5677 -16.2838 0
      vertex -48 -33 0
      vertex -26.6303 -14.575 0
    endloop
  endfacet
  facet normal -0 0 -1
    outer loop
      vertex -24.3956 -17.9194 0
      vertex -48 -33 0
      vertex -25.5677 -16.2838 0
    endloop
  endfacet
  facet normal -0 0 -1
    outer loop
      vertex -23.1191 -19.4749 0
      vertex -48 -33 0
      vertex -24.3956 -17.9194 0
    endloop
  endfacet
  facet normal -0 0 -1
    outer loop
      vertex -21.7435 -20.9435 0
      vertex -48 -33 0
      vertex -23.1191 -19.4749 0
    endloop
  endfacet
  facet normal -0 0 -1
    outer loop
      vertex -20.2749 -22.3191 0
      vertex -48 -33 0
      vertex -21.7435 -20.9435 0
    endloop
  endfacet
  facet normal 0 0 -1
    outer loop
      vertex -48.0961 -33.9755 0
      vertex -20.2749 -22.3191 0
      vertex -18.7194 -23.5956 0
    endloop
  endfacet
  facet normal 0 0 -1
    outer loop
      vertex -48.0961 -33.9755 0
      vertex -18.7194 -23.5956 0
      vertex -17.0838 -24.7677 0
    endloop
  endfacet
  facet normal 0 0 -1
    outer loop
      vertex -48.3806 -34.9134 0
      vertex -17.0838 -24.7677 0
      vertex -15.375 -25.8303 0
    endloop
  endfacet
  facet normal 0 0 -1
    outer loop
      vertex -48.8427 -35.7779 0
      vertex -15.375 -25.8303 0
      vertex -13.6004 -26.7788 0
    endloop
  endfacet
  facet normal 0 0 -1
    outer loop
      vertex -48.8427 -35.7779 0
      vertex -13.6004 -26.7788 0
      vertex -11.7675 -27.6093 0
    endloop
  endfacet
  facet normal 0 0 -1
    outer loop
      vertex -49.4645 -36.5355 0
      vertex -11.7675 -27.6093 0
      vertex -9.88426 -28.3181 0
    endloop
  endfacet
  facet normal 0 0 -1
    outer loop
      vertex -49.4645 -36.5355 0
      vertex -9.88426 -28.3181 0
      vertex -7.95868 -28.9022 0
    endloop
  endfacet
  facet normal 0 0 -1
    outer loop
      vertex -50.2221 -37.1573 0
      vertex -7.95868 -28.9022 0
      vertex -5.99903 -29.3591 0
    endloop
  endfacet
  facet normal 0 -0 -1
    outer loop
      vertex -50.2221 -37.1573 0
      vertex -4.01368 -29.6869 0
      vertex -51.0866 -37.6194 0
    endloop
  endfacet
  facet normal 0 0 -1
    outer loop
      vertex -20.2749 -22.3191 0
      vertex -48.0961 -33.9755 0
      vertex -48 -33 0
    endloop
  endfacet
  facet normal 0 0 -1
    outer loop
      vertex -17.0838 -24.7677 0
      vertex -48.3806 -34.9134 0
      vertex -48.0961 -33.9755 0
    endloop
  endfacet
  facet normal 0 0 -1
    outer loop
      vertex -15.375 -25.8303 0
      vertex -48.8427 -35.7779 0
      vertex -48.3806 -34.9134 0
    endloop
  endfacet
  facet normal 0 0 -1
    outer loop
      vertex -11.7675 -27.6093 0
      vertex -49.4645 -36.5355 0
      vertex -48.8427 -35.7779 0
    endloop
  endfacet
  facet normal 0 0 -1
    outer loop
      vertex -7.95868 -28.9022 0
      vertex -50.2221 -37.1573 0
      vertex -49.4645 -36.5355 0
    endloop
  endfacet
  facet normal -0 0 -1
    outer loop
      vertex -4.01368 -29.6869 0
      vertex -50.2221 -37.1573 0
      vertex -5.99903 -29.3591 0
    endloop
  endfacet
  facet normal -0 0 -1
    outer loop
      vertex -2.01115 -29.8842 0
      vertex -51.0866 -37.6194 0
      vertex -4.01368 -29.6869 0
    endloop
  endfacet
  facet normal 0 0 -1
    outer loop
      vertex -93.5 -46 0
      vertex -52.0245 -37.9039 0
      vertex 93.5 -46 0
    endloop
  endfacet
  facet normal 0 0 -1
    outer loop
      vertex -52.0245 -37.9039 0
      vertex -93.5 -46 0
      vertex -53 -38 0
    endloop
  endfacet
  facet normal 0 0 -1
    outer loop
      vertex -85.5514 -38.875 0
      vertex -71.4039 -33.9755 0
      vertex -85.3267 -39.4177 0
    endloop
  endfacet
  facet normal -0 0 -1
    outer loop
      vertex -71.1194 -34.9134 0
      vertex -85.3267 -39.4177 0
      vertex -71.4039 -33.9755 0
    endloop
  endfacet
  facet normal 0 0 -1
    outer loop
      vertex -85.3267 -39.4177 0
      vertex -71.1194 -34.9134 0
      vertex -85.25 -40 0
    endloop
  endfacet
  facet normal -0 0 -1
    outer loop
      vertex -70.6573 -35.7779 0
      vertex -85.25 -40 0
      vertex -71.1194 -34.9134 0
    endloop
  endfacet
  facet normal 0 0 -1
    outer loop
      vertex -85.3267 -40.5823 0
      vertex -70.6573 -35.7779 0
      vertex -70.0355 -36.5355 0
    endloop
  endfacet
  facet normal 0 0 -1
    outer loop
      vertex -85.3267 -40.5823 0
      vertex -70.0355 -36.5355 0
      vertex -69.2778 -37.1573 0
    endloop
  endfacet
  facet normal 0 0 -1
    outer loop
      vertex -85.5514 -41.125 0
      vertex -69.2778 -37.1573 0
      vertex -68.4134 -37.6194 0
    endloop
  endfacet
  facet normal 0 0 -1
    outer loop
      vertex -85.909 -41.591 0
      vertex -68.4134 -37.6194 0
      vertex -67.4754 -37.9039 0
    endloop
  endfacet
  facet normal 0 0 -1
    outer loop
      vertex -86.375 -41.9486 0
      vertex -67.4754 -37.9039 0
      vertex -66.5 -38 0
    endloop
  endfacet
  facet normal -0 0 -1
    outer loop
      vertex -53 -38 0
      vertex -93.5 -46 0
      vertex -66.5 -38 0
    endloop
  endfacet
  facet normal 0 0 -1
    outer loop
      vertex -70.6573 -35.7779 0
      vertex -85.3267 -40.5823 0
      vertex -85.25 -40 0
    endloop
  endfacet
  facet normal 0 0 -1
    outer loop
      vertex -69.2778 -37.1573 0
      vertex -85.5514 -41.125 0
      vertex -85.3267 -40.5823 0
    endloop
  endfacet
  facet normal 0 0 -1
    outer loop
      vertex -68.4134 -37.6194 0
      vertex -85.909 -41.591 0
      vertex -85.5514 -41.125 0
    endloop
  endfacet
  facet normal 0 0 -1
    outer loop
      vertex -67.4754 -37.9039 0
      vertex -86.375 -41.9486 0
      vertex -85.909 -41.591 0
    endloop
  endfacet
  facet normal 0 0 -1
    outer loop
      vertex -66.5 -38 0
      vertex -93.5 -46 0
      vertex -86.375 -41.9486 0
    endloop
  endfacet
  facet normal 0 0 -1
    outer loop
      vertex -86.375 -41.9486 0
      vertex -93.5 -46 0
      vertex -86.9177 -42.1733 0
    endloop
  endfacet
  facet normal 0 0 -1
    outer loop
      vertex -89.4486 39.675 0
      vertex -93.5 46.8 0
      vertex -89.6733 40.2177 0
    endloop
  endfacet
  facet normal -0 0 -1
    outer loop
      vertex -89.6733 -40.5823 0
      vertex -93.5 -46 0
      vertex -89.75 -40 0
    endloop
  endfacet
  facet normal -0 0 -1
    outer loop
      vertex -89.4486 -41.125 0
      vertex -93.5 -46 0
      vertex -89.6733 -40.5823 0
    endloop
  endfacet
  facet normal -0 0 -1
    outer loop
      vertex -89.091 -41.591 0
      vertex -93.5 -46 0
      vertex -89.4486 -41.125 0
    endloop
  endfacet
  facet normal -0 0 -1
    outer loop
      vertex -88.625 -41.9486 0
      vertex -93.5 -46 0
      vertex -89.091 -41.591 0
    endloop
  endfacet
  facet normal -0 0 -1
    outer loop
      vertex -88.0823 -42.1733 0
      vertex -93.5 -46 0
      vertex -88.625 -41.9486 0
    endloop
  endfacet
  facet normal -0 0 -1
    outer loop
      vertex -87.5 -42.25 0
      vertex -93.5 -46 0
      vertex -88.0823 -42.1733 0
    endloop
  endfacet
  facet normal 0 0 -1
    outer loop
      vertex -86.9177 -42.1733 0
      vertex -93.5 -46 0
      vertex -87.5 -42.25 0
    endloop
  endfacet
  facet normal 0 0 -1
    outer loop
      vertex 89.4486 -38.875 0
      vertex 93.5 -46 0
      vertex 89.6733 -39.4177 0
    endloop
  endfacet
  facet normal 0 0 -1
    outer loop
      vertex 89.6733 41.3823 0
      vertex 93.5 46.8 0
      vertex 89.75 40.8 0
    endloop
  endfacet
  facet normal 0 0 -1
    outer loop
      vertex 89.4486 41.925 0
      vertex 93.5 46.8 0
      vertex 89.6733 41.3823 0
    endloop
  endfacet
  facet normal 0 0 -1
    outer loop
      vertex 89.091 42.391 0
      vertex 93.5 46.8 0
      vertex 89.4486 41.925 0
    endloop
  endfacet
  facet normal 0 0 -1
    outer loop
      vertex 88.625 42.7486 0
      vertex 93.5 46.8 0
      vertex 89.091 42.391 0
    endloop
  endfacet
  facet normal 0 0 -1
    outer loop
      vertex 88.0823 42.9733 0
      vertex 93.5 46.8 0
      vertex 88.625 42.7486 0
    endloop
  endfacet
  facet normal 0 0 -1
    outer loop
      vertex 87.5 43.05 0
      vertex 93.5 46.8 0
      vertex 88.0823 42.9733 0
    endloop
  endfacet
  facet normal 0 0 -1
    outer loop
      vertex 86.9177 42.9733 0
      vertex 93.5 46.8 0
      vertex 87.5 43.05 0
    endloop
  endfacet
  facet normal 0 0 -1
    outer loop
      vertex 86.375 42.7486 0
      vertex 93.5 46.8 0
      vertex 86.9177 42.9733 0
    endloop
  endfacet
  facet normal -0 0 -1
    outer loop
      vertex 85.5514 39.675 0
      vertex 71.4039 34.7755 0
      vertex 85.3267 40.2177 0
    endloop
  endfacet
  facet normal 0 0 -1
    outer loop
      vertex 71.1194 35.7134 0
      vertex 85.3267 40.2177 0
      vertex 71.4039 34.7755 0
    endloop
  endfacet
  facet normal -0 0 -1
    outer loop
      vertex 85.3267 40.2177 0
      vertex 71.1194 35.7134 0
      vertex 85.25 40.8 0
    endloop
  endfacet
  facet normal 0 0 -1
    outer loop
      vertex 70.6573 36.5779 0
      vertex 85.25 40.8 0
      vertex 71.1194 35.7134 0
    endloop
  endfacet
  facet normal -0 0 -1
    outer loop
      vertex 85.25 40.8 0
      vertex 70.6573 36.5779 0
      vertex 85.3267 41.3823 0
    endloop
  endfacet
  facet normal 0 0 -1
    outer loop
      vertex 70.0355 37.3355 0
      vertex 85.3267 41.3823 0
      vertex 70.6573 36.5779 0
    endloop
  endfacet
  facet normal -0 0 -1
    outer loop
      vertex 85.3267 41.3823 0
      vertex 70.0355 37.3355 0
      vertex 85.5514 41.925 0
    endloop
  endfacet
  facet normal 0 0 -1
    outer loop
      vertex 69.2778 37.9573 0
      vertex 85.5514 41.925 0
      vertex 70.0355 37.3355 0
    endloop
  endfacet
  facet normal 0 0 -1
    outer loop
      vertex 68.4134 38.4194 0
      vertex 85.5514 41.925 0
      vertex 69.2778 37.9573 0
    endloop
  endfacet
  facet normal -0 0 -1
    outer loop
      vertex 85.5514 41.925 0
      vertex 68.4134 38.4194 0
      vertex 85.909 42.391 0
    endloop
  endfacet
  facet normal 0 0 -1
    outer loop
      vertex 67.4754 38.7039 0
      vertex 85.909 42.391 0
      vertex 68.4134 38.4194 0
    endloop
  endfacet
  facet normal -0 0 -1
    outer loop
      vertex 85.909 42.391 0
      vertex 67.4754 38.7039 0
      vertex 86.375 42.7486 0
    endloop
  endfacet
  facet normal 0 0 -1
    outer loop
      vertex 66.5 38.8 0
      vertex 86.375 42.7486 0
      vertex 67.4754 38.7039 0
    endloop
  endfacet
  facet normal -0 0 -1
    outer loop
      vertex 86.375 42.7486 0
      vertex 66.5 38.8 0
      vertex 93.5 46.8 0
    endloop
  endfacet
  facet normal 0 0 -1
    outer loop
      vertex 53 38.8 0
      vertex 93.5 46.8 0
      vertex 66.5 38.8 0
    endloop
  endfacet
  facet normal 0 0 -1
    outer loop
      vertex 52.0245 38.7039 0
      vertex 93.5 46.8 0
      vertex 53 38.8 0
    endloop
  endfacet
  facet normal 0 0 -1
    outer loop
      vertex 30.6842 2.81115 0
      vertex 48 33.8 0
      vertex 30.75 0.799999 0
    endloop
  endfacet
  facet normal 0 0 -1
    outer loop
      vertex 30.4869 4.81368 0
      vertex 48 33.8 0
      vertex 30.6842 2.81115 0
    endloop
  endfacet
  facet normal 0 0 -1
    outer loop
      vertex 30.1591 6.79903 0
      vertex 48 33.8 0
      vertex 30.4869 4.81368 0
    endloop
  endfacet
  facet normal 0 0 -1
    outer loop
      vertex 29.7022 8.75869 0
      vertex 48 33.8 0
      vertex 30.1591 6.79903 0
    endloop
  endfacet
  facet normal 0 0 -1
    outer loop
      vertex 29.1181 10.6843 0
      vertex 48 33.8 0
      vertex 29.7022 8.75869 0
    endloop
  endfacet
  facet normal 0 0 -1
    outer loop
      vertex 28.4093 12.5675 0
      vertex 48 33.8 0
      vertex 29.1181 10.6843 0
    endloop
  endfacet
  facet normal 0 0 -1
    outer loop
      vertex 27.5788 14.4004 0
      vertex 48 33.8 0
      vertex 28.4093 12.5675 0
    endloop
  endfacet
  facet normal 0 0 -1
    outer loop
      vertex 26.6303 16.175 0
      vertex 48 33.8 0
      vertex 27.5788 14.4004 0
    endloop
  endfacet
  facet normal 0 0 -1
    outer loop
      vertex 25.5677 17.8838 0
      vertex 48 33.8 0
      vertex 26.6303 16.175 0
    endloop
  endfacet
  facet normal 0 0 -1
    outer loop
      vertex 24.3956 19.5194 0
      vertex 48 33.8 0
      vertex 25.5677 17.8838 0
    endloop
  endfacet
  facet normal 0 0 -1
    outer loop
      vertex 23.1191 21.0749 0
      vertex 48 33.8 0
      vertex 24.3956 19.5194 0
    endloop
  endfacet
  facet normal 0 0 -1
    outer loop
      vertex 21.7435 22.5435 0
      vertex 48 33.8 0
      vertex 23.1191 21.0749 0
    endloop
  endfacet
  facet normal 0 0 -1
    outer loop
      vertex 20.2749 23.9191 0
      vertex 48 33.8 0
      vertex 21.7435 22.5435 0
    endloop
  endfacet
  facet normal -0 0 -1
    outer loop
      vertex 48 33.8 0
      vertex 20.2749 23.9191 0
      vertex 48.0961 34.7755 0
    endloop
  endfacet
  facet normal 0 0 -1
    outer loop
      vertex 18.7194 25.1956 0
      vertex 48.0961 34.7755 0
      vertex 20.2749 23.9191 0
    endloop
  endfacet
  facet normal -0 0 -1
    outer loop
      vertex 48.0961 34.7755 0
      vertex 18.7194 25.1956 0
      vertex 48.3806 35.7134 0
    endloop
  endfacet
  facet normal 0 0 -1
    outer loop
      vertex 17.0838 26.3677 0
      vertex 48.3806 35.7134 0
      vertex 18.7194 25.1956 0
    endloop
  endfacet
  facet normal 0 0 -1
    outer loop
      vertex 15.375 27.4303 0
      vertex 48.3806 35.7134 0
      vertex 17.0838 26.3677 0
    endloop
  endfacet
  facet normal -0 0 -1
    outer loop
      vertex 48.3806 35.7134 0
      vertex 15.375 27.4303 0
      vertex 48.8427 36.5779 0
    endloop
  endfacet
  facet normal 0 0 -1
    outer loop
      vertex 13.6004 28.3788 0
      vertex 48.8427 36.5779 0
      vertex 15.375 27.4303 0
    endloop
  endfacet
  facet normal -0 0 -1
    outer loop
      vertex 48.8427 36.5779 0
      vertex 13.6004 28.3788 0
      vertex 49.4645 37.3355 0
    endloop
  endfacet
  facet normal 0 0 -1
    outer loop
      vertex 11.7675 29.2093 0
      vertex 49.4645 37.3355 0
      vertex 13.6004 28.3788 0
    endloop
  endfacet
  facet normal 0 0 -1
    outer loop
      vertex 9.88426 29.9181 0
      vertex 49.4645 37.3355 0
      vertex 11.7675 29.2093 0
    endloop
  endfacet
  facet normal -0 0 -1
    outer loop
      vertex 49.4645 37.3355 0
      vertex 9.88426 29.9181 0
      vertex 50.2221 37.9573 0
    endloop
  endfacet
  facet normal 0 0 -1
    outer loop
      vertex 7.95868 30.5022 0
      vertex 50.2221 37.9573 0
      vertex 9.88426 29.9181 0
    endloop
  endfacet
  facet normal 0 0 -1
    outer loop
      vertex 5.99903 30.9591 0
      vertex 50.2221 37.9573 0
      vertex 7.95868 30.5022 0
    endloop
  endfacet
  facet normal -0 0 -1
    outer loop
      vertex 50.2221 37.9573 0
      vertex 5.99903 30.9591 0
      vertex 51.0866 38.4194 0
    endloop
  endfacet
  facet normal 0 0 -1
    outer loop
      vertex 4.01368 31.2869 0
      vertex 51.0866 38.4194 0
      vertex 5.99903 30.9591 0
    endloop
  endfacet
  facet normal 0 0 -1
    outer loop
      vertex 2.01115 31.4842 0
      vertex 51.0866 38.4194 0
      vertex 4.01368 31.2869 0
    endloop
  endfacet
  facet normal 0 0 -1
    outer loop
      vertex 0 31.55 0
      vertex 51.0866 38.4194 0
      vertex 2.01115 31.4842 0
    endloop
  endfacet
  facet normal -0 0 -1
    outer loop
      vertex 51.0866 38.4194 0
      vertex 0 31.55 0
      vertex 52.0245 38.7039 0
    endloop
  endfacet
  facet normal 0 0 -1
    outer loop
      vertex -52.0245 38.7039 0
      vertex 52.0245 38.7039 0
      vertex 0 31.55 0
    endloop
  endfacet
  facet normal 0 0 -1
    outer loop
      vertex -51.0866 38.4194 0
      vertex 0 31.55 0
      vertex -2.01115 31.4842 0
    endloop
  endfacet
  facet normal 0 0 -1
    outer loop
      vertex -51.0866 38.4194 0
      vertex -2.01115 31.4842 0
      vertex -4.01368 31.2869 0
    endloop
  endfacet
  facet normal 0 0 -1
    outer loop
      vertex -48 33.8 0
      vertex -30.75 0.799999 0
      vertex -48 -33 0
    endloop
  endfacet
  facet normal 0 0 -1
    outer loop
      vertex -30.75 0.799999 0
      vertex -48 33.8 0
      vertex -30.6842 2.81115 0
    endloop
  endfacet
  facet normal 0 0 -1
    outer loop
      vertex -30.6842 2.81115 0
      vertex -48 33.8 0
      vertex -30.4869 4.81368 0
    endloop
  endfacet
  facet normal 0 0 -1
    outer loop
      vertex -30.4869 4.81368 0
      vertex -48 33.8 0
      vertex -30.1591 6.79903 0
    endloop
  endfacet
  facet normal 0 0 -1
    outer loop
      vertex -30.1591 6.79903 0
      vertex -48 33.8 0
      vertex -29.7022 8.75869 0
    endloop
  endfacet
  facet normal 0 0 -1
    outer loop
      vertex -29.7022 8.75869 0
      vertex -48 33.8 0
      vertex -29.1181 10.6843 0
    endloop
  endfacet
  facet normal 0 0 -1
    outer loop
      vertex -29.1181 10.6843 0
      vertex -48 33.8 0
      vertex -28.4093 12.5675 0
    endloop
  endfacet
  facet normal 0 0 -1
    outer loop
      vertex -48 33.8 0
      vertex -27.5788 14.4004 0
      vertex -28.4093 12.5675 0
    endloop
  endfacet
  facet normal 0 0 -1
    outer loop
      vertex -48 33.8 0
      vertex -26.6303 16.175 0
      vertex -27.5788 14.4004 0
    endloop
  endfacet
  facet normal 0 0 -1
    outer loop
      vertex -48 33.8 0
      vertex -25.5677 17.8838 0
      vertex -26.6303 16.175 0
    endloop
  endfacet
  facet normal 0 0 -1
    outer loop
      vertex -48 33.8 0
      vertex -24.3956 19.5194 0
      vertex -25.5677 17.8838 0
    endloop
  endfacet
  facet normal 0 0 -1
    outer loop
      vertex -48 33.8 0
      vertex -23.1191 21.0749 0
      vertex -24.3956 19.5194 0
    endloop
  endfacet
  facet normal 0 0 -1
    outer loop
      vertex -48 33.8 0
      vertex -21.7435 22.5435 0
      vertex -23.1191 21.0749 0
    endloop
  endfacet
  facet normal 0 0 -1
    outer loop
      vertex -48 33.8 0
      vertex -20.2749 23.9191 0
      vertex -21.7435 22.5435 0
    endloop
  endfacet
  facet normal 0 0 -1
    outer loop
      vertex -48.0961 34.7755 0
      vertex -20.2749 23.9191 0
      vertex -48 33.8 0
    endloop
  endfacet
  facet normal 0 0 -1
    outer loop
      vertex -20.2749 23.9191 0
      vertex -48.0961 34.7755 0
      vertex -18.7194 25.1956 0
    endloop
  endfacet
  facet normal 0 0 -1
    outer loop
      vertex -48.3806 35.7134 0
      vertex -18.7194 25.1956 0
      vertex -48.0961 34.7755 0
    endloop
  endfacet
  facet normal 0 0 -1
    outer loop
      vertex -18.7194 25.1956 0
      vertex -48.3806 35.7134 0
      vertex -17.0838 26.3677 0
    endloop
  endfacet
  facet normal 0 0 -1
    outer loop
      vertex -17.0838 26.3677 0
      vertex -48.3806 35.7134 0
      vertex -15.375 27.4303 0
    endloop
  endfacet
  facet normal 0 0 -1
    outer loop
      vertex -48.8427 36.5779 0
      vertex -15.375 27.4303 0
      vertex -48.3806 35.7134 0
    endloop
  endfacet
  facet normal 0 0 -1
    outer loop
      vertex -15.375 27.4303 0
      vertex -48.8427 36.5779 0
      vertex -13.6004 28.3788 0
    endloop
  endfacet
  facet normal 0 0 -1
    outer loop
      vertex -49.4645 37.3355 0
      vertex -13.6004 28.3788 0
      vertex -48.8427 36.5779 0
    endloop
  endfacet
  facet normal 0 0 -1
    outer loop
      vertex -13.6004 28.3788 0
      vertex -49.4645 37.3355 0
      vertex -11.7675 29.2093 0
    endloop
  endfacet
  facet normal 0 0 -1
    outer loop
      vertex -11.7675 29.2093 0
      vertex -49.4645 37.3355 0
      vertex -9.88426 29.9181 0
    endloop
  endfacet
  facet normal 0 0 -1
    outer loop
      vertex -50.2221 37.9573 0
      vertex -9.88426 29.9181 0
      vertex -49.4645 37.3355 0
    endloop
  endfacet
  facet normal 0 0 -1
    outer loop
      vertex -9.88426 29.9181 0
      vertex -50.2221 37.9573 0
      vertex -7.95868 30.5022 0
    endloop
  endfacet
  facet normal 0 0 -1
    outer loop
      vertex -7.95868 30.5022 0
      vertex -50.2221 37.9573 0
      vertex -5.99903 30.9591 0
    endloop
  endfacet
  facet normal 0 0 -1
    outer loop
      vertex -51.0866 38.4194 0
      vertex -5.99903 30.9591 0
      vertex -50.2221 37.9573 0
    endloop
  endfacet
  facet normal 0 0 -1
    outer loop
      vertex -5.99903 30.9591 0
      vertex -51.0866 38.4194 0
      vertex -4.01368 31.2869 0
    endloop
  endfacet
  facet normal 0 0 -1
    outer loop
      vertex 0 31.55 0
      vertex -51.0866 38.4194 0
      vertex -52.0245 38.7039 0
    endloop
  endfacet
  facet normal 0 0 -1
    outer loop
      vertex 52.0245 38.7039 0
      vertex -52.0245 38.7039 0
      vertex 93.5 46.8 0
    endloop
  endfacet
  facet normal 0 0 -1
    outer loop
      vertex -93.5 46.8 0
      vertex -52.0245 38.7039 0
      vertex -53 38.8 0
    endloop
  endfacet
  facet normal 0 0 -1
    outer loop
      vertex -93.5 46.8 0
      vertex -53 38.8 0
      vertex -66.5 38.8 0
    endloop
  endfacet
  facet normal -0 0 -1
    outer loop
      vertex -71.4039 -33.9755 0
      vertex -85.5514 -38.875 0
      vertex -71.5 -33 0
    endloop
  endfacet
  facet normal 0 0 -1
    outer loop
      vertex -71.5 33.8 0
      vertex -85.25 40.8 0
      vertex -71.4039 34.7755 0
    endloop
  endfacet
  facet normal 0 0 -1
    outer loop
      vertex -85.25 40.8 0
      vertex -71.1194 35.7134 0
      vertex -71.4039 34.7755 0
    endloop
  endfacet
  facet normal 0 0 -1
    outer loop
      vertex -85.25 40.8 0
      vertex -70.6573 36.5779 0
      vertex -71.1194 35.7134 0
    endloop
  endfacet
  facet normal 0 0 -1
    outer loop
      vertex -85.3267 41.3823 0
      vertex -70.6573 36.5779 0
      vertex -85.25 40.8 0
    endloop
  endfacet
  facet normal 0 0 -1
    outer loop
      vertex -70.6573 36.5779 0
      vertex -85.3267 41.3823 0
      vertex -70.0355 37.3355 0
    endloop
  endfacet
  facet normal 0 0 -1
    outer loop
      vertex -70.0355 37.3355 0
      vertex -85.3267 41.3823 0
      vertex -69.2778 37.9573 0
    endloop
  endfacet
  facet normal 0 0 -1
    outer loop
      vertex -85.5514 41.925 0
      vertex -69.2778 37.9573 0
      vertex -85.3267 41.3823 0
    endloop
  endfacet
  facet normal 0 0 -1
    outer loop
      vertex -69.2778 37.9573 0
      vertex -85.5514 41.925 0
      vertex -68.4134 38.4194 0
    endloop
  endfacet
  facet normal 0 0 -1
    outer loop
      vertex -85.909 42.391 0
      vertex -68.4134 38.4194 0
      vertex -85.5514 41.925 0
    endloop
  endfacet
  facet normal 0 0 -1
    outer loop
      vertex -68.4134 38.4194 0
      vertex -85.909 42.391 0
      vertex -67.4754 38.7039 0
    endloop
  endfacet
  facet normal 0 0 -1
    outer loop
      vertex -86.375 42.7486 0
      vertex -67.4754 38.7039 0
      vertex -85.909 42.391 0
    endloop
  endfacet
  facet normal 0 0 -1
    outer loop
      vertex -67.4754 38.7039 0
      vertex -86.375 42.7486 0
      vertex -66.5 38.8 0
    endloop
  endfacet
  facet normal 0 0 -1
    outer loop
      vertex -93.5 46.8 0
      vertex -66.5 38.8 0
      vertex -86.375 42.7486 0
    endloop
  endfacet
  facet normal 0 0 -1
    outer loop
      vertex -93.5 46.8 0
      vertex -86.375 42.7486 0
      vertex -86.9177 42.9733 0
    endloop
  endfacet
  facet normal 0 0 -1
    outer loop
      vertex -93.5 46.8 0
      vertex -86.9177 42.9733 0
      vertex -87.5 43.05 0
    endloop
  endfacet
  facet normal 0 0 -1
    outer loop
      vertex -52.0245 38.7039 0
      vertex -93.5 46.8 0
      vertex 93.5 46.8 0
    endloop
  endfacet
  facet normal 0 0 -1
    outer loop
      vertex -88.0823 42.9733 0
      vertex -93.5 46.8 0
      vertex -87.5 43.05 0
    endloop
  endfacet
  facet normal 0 0 -1
    outer loop
      vertex -88.625 42.7486 0
      vertex -93.5 46.8 0
      vertex -88.0823 42.9733 0
    endloop
  endfacet
  facet normal 0 0 -1
    outer loop
      vertex -89.091 42.391 0
      vertex -93.5 46.8 0
      vertex -88.625 42.7486 0
    endloop
  endfacet
  facet normal 0 0 -1
    outer loop
      vertex -89.4486 41.925 0
      vertex -93.5 46.8 0
      vertex -89.091 42.391 0
    endloop
  endfacet
  facet normal 0 0 -1
    outer loop
      vertex -89.6733 41.3823 0
      vertex -93.5 46.8 0
      vertex -89.4486 41.925 0
    endloop
  endfacet
  facet normal 0 0 -1
    outer loop
      vertex -89.75 40.8 0
      vertex -93.5 46.8 0
      vertex -89.6733 41.3823 0
    endloop
  endfacet
  facet normal 0 0 -1
    outer loop
      vertex -89.6733 40.2177 0
      vertex -93.5 46.8 0
      vertex -89.75 40.8 0
    endloop
  endfacet
  facet normal -1 0 0
    outer loop
      vertex -93.5 -46 0
      vertex -93.5 46.8 3.2
      vertex -93.5 46.8 0
    endloop
  endfacet
  facet normal -1 -0 0
    outer loop
      vertex -93.5 46.8 3.2
      vertex -93.5 -46 0
      vertex -93.5 -46 3.2
    endloop
  endfacet
  facet normal 0 1 -0
    outer loop
      vertex 93.5 46.8 0
      vertex 85.5 46.8 3.2
      vertex 93.5 46.8 3.2
    endloop
  endfacet
  facet normal 0 1 0
    outer loop
      vertex 85.5 46.8 3.2
      vertex 93.5 46.8 0
      vertex 81.5 46.8 3.2
    endloop
  endfacet
  facet normal 0 1 0
    outer loop
      vertex 81.5 46.8 3.2
      vertex 93.5 46.8 0
      vertex -81.5 46.8 3.2
    endloop
  endfacet
  facet normal 0 1 0
    outer loop
      vertex -93.5 46.8 0
      vertex -81.5 46.8 3.2
      vertex 93.5 46.8 0
    endloop
  endfacet
  facet normal 0 1 0
    outer loop
      vertex -81.5 46.8 3.2
      vertex -93.5 46.8 0
      vertex -85.5 46.8 3.2
    endloop
  endfacet
  facet normal 0 1 0
    outer loop
      vertex -85.5 46.8 3.2
      vertex -93.5 46.8 0
      vertex -93.5 46.8 3.2
    endloop
  endfacet
  facet normal 0 -1 0
    outer loop
      vertex -93.5 -46 0
      vertex -85.5 -46 3.2
      vertex -93.5 -46 3.2
    endloop
  endfacet
  facet normal 0 -1 -0
    outer loop
      vertex -85.5 -46 3.2
      vertex -93.5 -46 0
      vertex -81.5 -46 3.2
    endloop
  endfacet
  facet normal 0 -1 -0
    outer loop
      vertex -81.5 -46 3.2
      vertex -93.5 -46 0
      vertex 81.5 -46 3.2
    endloop
  endfacet
  facet normal 0 -1 0
    outer loop
      vertex 93.5 -46 0
      vertex 81.5 -46 3.2
      vertex -93.5 -46 0
    endloop
  endfacet
  facet normal 0 -1 0
    outer loop
      vertex 81.5 -46 3.2
      vertex 93.5 -46 0
      vertex 85.5 -46 3.2
    endloop
  endfacet
  facet normal 0 -1 0
    outer loop
      vertex 85.5 -46 3.2
      vertex 93.5 -46 0
      vertex 93.5 -46 3.2
    endloop
  endfacet
  facet normal 0.729838 -0.68362 0
    outer loop
      vertex -23.1191 21.0749 3.2
      vertex -21.7435 22.5435 0
      vertex -21.7435 22.5435 3.2
    endloop
  endfacet
  facet normal 0.729838 -0.68362 0
    outer loop
      vertex -21.7435 22.5435 0
      vertex -23.1191 21.0749 3.2
      vertex -23.1191 21.0749 0
    endloop
  endfacet
  facet normal -0.995181 -0.0980506 0
    outer loop
      vertex 30.6842 2.81115 0
      vertex 30.4869 4.81368 3.2
      vertex 30.4869 4.81368 0
    endloop
  endfacet
  facet normal -0.995181 -0.0980506 0
    outer loop
      vertex 30.4869 4.81368 3.2
      vertex 30.6842 2.81115 0
      vertex 30.6842 2.81115 3.2
    endloop
  endfacet
  facet normal -0.999465 -0.0327001 0
    outer loop
      vertex 30.75 0.799999 0
      vertex 30.6842 2.81115 3.2
      vertex 30.6842 2.81115 0
    endloop
  endfacet
  facet normal -0.999465 -0.0327001 0
    outer loop
      vertex 30.6842 2.81115 3.2
      vertex 30.75 0.799999 0
      vertex 30.75 0.799999 3.2
    endloop
  endfacet
  facet normal -0.986642 -0.162904 0
    outer loop
      vertex 30.4869 4.81368 0
      vertex 30.1591 6.79903 3.2
      vertex 30.1591 6.79903 0
    endloop
  endfacet
  facet normal -0.986642 -0.162904 0
    outer loop
      vertex 30.1591 6.79903 3.2
      vertex 30.4869 4.81368 0
      vertex 30.4869 4.81368 3.2
    endloop
  endfacet
  facet normal -0.97388 0.227064 0
    outer loop
      vertex 29.7022 -7.15868 0
      vertex 30.1591 -5.19903 3.2
      vertex 30.1591 -5.19903 0
    endloop
  endfacet
  facet normal -0.97388 0.227064 0
    outer loop
      vertex 30.1591 -5.19903 3.2
      vertex 29.7022 -7.15868 0
      vertex 29.7022 -7.15868 3.2
    endloop
  endfacet
  facet normal -0.88193 -0.47138 0
    outer loop
      vertex 27.5788 14.4004 0
      vertex 26.6303 16.175 3.2
      vertex 26.6303 16.175 0
    endloop
  endfacet
  facet normal -0.88193 -0.47138 0
    outer loop
      vertex 26.6303 16.175 3.2
      vertex 27.5788 14.4004 0
      vertex 27.5788 14.4004 3.2
    endloop
  endfacet
  facet normal -0.812836 -0.582493 0
    outer loop
      vertex 25.5677 17.8838 0
      vertex 24.3956 19.5194 3.2
      vertex 24.3956 19.5194 0
    endloop
  endfacet
  facet normal -0.812836 -0.582493 0
    outer loop
      vertex 24.3956 19.5194 3.2
      vertex 25.5677 17.8838 0
      vertex 25.5677 17.8838 3.2
    endloop
  endfacet
  facet normal -0.582493 -0.812836 0
    outer loop
      vertex 17.0838 26.3677 0
      vertex 18.7194 25.1956 3.2
      vertex 17.0838 26.3677 3.2
    endloop
  endfacet
  facet normal -0.582493 -0.812836 -0
    outer loop
      vertex 18.7194 25.1956 3.2
      vertex 17.0838 26.3677 0
      vertex 18.7194 25.1956 0
    endloop
  endfacet
  facet normal -0.412717 -0.910859 0
    outer loop
      vertex 11.7675 29.2093 0
      vertex 13.6004 28.3788 3.2
      vertex 11.7675 29.2093 3.2
    endloop
  endfacet
  facet normal -0.412717 -0.910859 -0
    outer loop
      vertex 13.6004 28.3788 3.2
      vertex 11.7675 29.2093 0
      vertex 13.6004 28.3788 0
    endloop
  endfacet
  facet normal -0.935904 -0.352256 0
    outer loop
      vertex 29.1181 10.6843 0
      vertex 28.4093 12.5675 3.2
      vertex 28.4093 12.5675 0
    endloop
  endfacet
  facet normal -0.935904 -0.352256 0
    outer loop
      vertex 28.4093 12.5675 3.2
      vertex 29.1181 10.6843 0
      vertex 29.1181 10.6843 3.2
    endloop
  endfacet
  facet normal -0.97388 -0.227063 0
    outer loop
      vertex 30.1591 6.79903 0
      vertex 29.7022 8.75869 3.2
      vertex 29.7022 8.75869 0
    endloop
  endfacet
  facet normal -0.97388 -0.227063 0
    outer loop
      vertex 29.7022 8.75869 3.2
      vertex 30.1591 6.79903 0
      vertex 30.1591 6.79903 3.2
    endloop
  endfacet
  facet normal -0.47138 -0.88193 0
    outer loop
      vertex 13.6004 28.3788 0
      vertex 15.375 27.4303 3.2
      vertex 13.6004 28.3788 3.2
    endloop
  endfacet
  facet normal -0.47138 -0.88193 -0
    outer loop
      vertex 15.375 27.4303 3.2
      vertex 13.6004 28.3788 0
      vertex 15.375 27.4303 0
    endloop
  endfacet
  facet normal 0.812836 -0.582493 0
    outer loop
      vertex -25.5677 17.8838 3.2
      vertex -24.3956 19.5194 0
      vertex -24.3956 19.5194 3.2
    endloop
  endfacet
  facet normal 0.812836 -0.582493 0
    outer loop
      vertex -24.3956 19.5194 0
      vertex -25.5677 17.8838 3.2
      vertex -25.5677 17.8838 0
    endloop
  endfacet
  facet normal 0.999465 -0.0327001 0
    outer loop
      vertex -30.75 0.799999 3.2
      vertex -30.6842 2.81115 0
      vertex -30.6842 2.81115 3.2
    endloop
  endfacet
  facet normal 0.999465 -0.0327001 0
    outer loop
      vertex -30.6842 2.81115 0
      vertex -30.75 0.799999 3.2
      vertex -30.75 0.799999 0
    endloop
  endfacet
  facet normal 0.88193 0.47138 0
    outer loop
      vertex -26.6303 -14.575 3.2
      vertex -27.5788 -12.8004 0
      vertex -27.5788 -12.8004 3.2
    endloop
  endfacet
  facet normal 0.88193 0.47138 0
    outer loop
      vertex -27.5788 -12.8004 0
      vertex -26.6303 -14.575 3.2
      vertex -26.6303 -14.575 0
    endloop
  endfacet
  facet normal 0.773027 -0.634374 0
    outer loop
      vertex -24.3956 19.5194 3.2
      vertex -23.1191 21.0749 0
      vertex -23.1191 21.0749 3.2
    endloop
  endfacet
  facet normal 0.773027 -0.634374 0
    outer loop
      vertex -23.1191 21.0749 0
      vertex -24.3956 19.5194 3.2
      vertex -24.3956 19.5194 0
    endloop
  endfacet
  facet normal 0.812836 0.582493 0
    outer loop
      vertex -24.3956 -17.9194 3.2
      vertex -25.5677 -16.2838 0
      vertex -25.5677 -16.2838 3.2
    endloop
  endfacet
  facet normal 0.812836 0.582493 0
    outer loop
      vertex -25.5677 -16.2838 0
      vertex -24.3956 -17.9194 3.2
      vertex -24.3956 -17.9194 0
    endloop
  endfacet
  facet normal -0.986642 0.162904 0
    outer loop
      vertex 30.1591 -5.19903 0
      vertex 30.4869 -3.21368 3.2
      vertex 30.4869 -3.21368 0
    endloop
  endfacet
  facet normal -0.986642 0.162904 0
    outer loop
      vertex 30.4869 -3.21368 3.2
      vertex 30.1591 -5.19903 0
      vertex 30.1591 -5.19903 3.2
    endloop
  endfacet
  facet normal 0.582493 -0.812836 0
    outer loop
      vertex -18.7194 25.1956 0
      vertex -17.0838 26.3677 3.2
      vertex -18.7194 25.1956 3.2
    endloop
  endfacet
  facet normal 0.582493 -0.812836 0
    outer loop
      vertex -17.0838 26.3677 3.2
      vertex -18.7194 25.1956 0
      vertex -17.0838 26.3677 0
    endloop
  endfacet
  facet normal -0.956944 -0.290272 0
    outer loop
      vertex 29.7022 8.75869 0
      vertex 29.1181 10.6843 3.2
      vertex 29.1181 10.6843 0
    endloop
  endfacet
  facet normal -0.956944 -0.290272 0
    outer loop
      vertex 29.1181 10.6843 3.2
      vertex 29.7022 8.75869 0
      vertex 29.7022 8.75869 3.2
    endloop
  endfacet
  facet normal -0.773027 0.634374 0
    outer loop
      vertex 23.1191 -19.4749 0
      vertex 24.3956 -17.9194 3.2
      vertex 24.3956 -17.9194 0
    endloop
  endfacet
  facet normal -0.773027 0.634374 0
    outer loop
      vertex 24.3956 -17.9194 3.2
      vertex 23.1191 -19.4749 0
      vertex 23.1191 -19.4749 3.2
    endloop
  endfacet
  facet normal 0.528068 0.849202 -0
    outer loop
      vertex -15.375 -25.8303 0
      vertex -17.0838 -24.7677 3.2
      vertex -15.375 -25.8303 3.2
    endloop
  endfacet
  facet normal 0.528068 0.849202 0
    outer loop
      vertex -17.0838 -24.7677 3.2
      vertex -15.375 -25.8303 0
      vertex -17.0838 -24.7677 0
    endloop
  endfacet
  facet normal -0.0327001 0.999465 0
    outer loop
      vertex 2.01115 -29.8842 0
      vertex 0 -29.95 3.2
      vertex 2.01115 -29.8842 3.2
    endloop
  endfacet
  facet normal -0.0327001 0.999465 0
    outer loop
      vertex 0 -29.95 3.2
      vertex 2.01115 -29.8842 0
      vertex 0 -29.95 0
    endloop
  endfacet
  facet normal 0.935906 0.352249 0
    outer loop
      vertex -28.4093 -10.9675 3.2
      vertex -29.1181 -9.08426 0
      vertex -29.1181 -9.08426 3.2
    endloop
  endfacet
  facet normal 0.935906 0.352249 0
    outer loop
      vertex -29.1181 -9.08426 0
      vertex -28.4093 -10.9675 3.2
      vertex -28.4093 -10.9675 0
    endloop
  endfacet
  facet normal -0.634374 -0.773027 0
    outer loop
      vertex 18.7194 25.1956 0
      vertex 20.2749 23.9191 3.2
      vertex 18.7194 25.1956 3.2
    endloop
  endfacet
  facet normal -0.634374 -0.773027 -0
    outer loop
      vertex 20.2749 23.9191 3.2
      vertex 18.7194 25.1956 0
      vertex 20.2749 23.9191 0
    endloop
  endfacet
  facet normal 0.97388 0.227064 0
    outer loop
      vertex -29.7022 -7.15868 3.2
      vertex -30.1591 -5.19903 0
      vertex -30.1591 -5.19903 3.2
    endloop
  endfacet
  facet normal 0.97388 0.227064 0
    outer loop
      vertex -30.1591 -5.19903 0
      vertex -29.7022 -7.15868 3.2
      vertex -29.7022 -7.15868 0
    endloop
  endfacet
  facet normal -0.290276 -0.956943 0
    outer loop
      vertex 7.95868 30.5022 0
      vertex 9.88426 29.9181 3.2
      vertex 7.95868 30.5022 3.2
    endloop
  endfacet
  facet normal -0.290276 -0.956943 -0
    outer loop
      vertex 9.88426 29.9181 3.2
      vertex 7.95868 30.5022 0
      vertex 9.88426 29.9181 0
    endloop
  endfacet
  facet normal -0.47138 0.88193 0
    outer loop
      vertex 15.375 -25.8303 0
      vertex 13.6004 -26.7788 3.2
      vertex 15.375 -25.8303 3.2
    endloop
  endfacet
  facet normal -0.47138 0.88193 0
    outer loop
      vertex 13.6004 -26.7788 3.2
      vertex 15.375 -25.8303 0
      vertex 13.6004 -26.7788 0
    endloop
  endfacet
  facet normal 0.88193 -0.47138 0
    outer loop
      vertex -27.5788 14.4004 3.2
      vertex -26.6303 16.175 0
      vertex -26.6303 16.175 3.2
    endloop
  endfacet
  facet normal 0.88193 -0.47138 0
    outer loop
      vertex -26.6303 16.175 0
      vertex -27.5788 14.4004 3.2
      vertex -27.5788 14.4004 0
    endloop
  endfacet
  facet normal 0.290276 -0.956943 0
    outer loop
      vertex -9.88426 29.9181 0
      vertex -7.95868 30.5022 3.2
      vertex -9.88426 29.9181 3.2
    endloop
  endfacet
  facet normal 0.290276 -0.956943 0
    outer loop
      vertex -7.95868 30.5022 3.2
      vertex -9.88426 29.9181 0
      vertex -7.95868 30.5022 0
    endloop
  endfacet
  facet normal -0.0980506 -0.995181 0
    outer loop
      vertex 2.01115 31.4842 0
      vertex 4.01368 31.2869 3.2
      vertex 2.01115 31.4842 3.2
    endloop
  endfacet
  facet normal -0.0980506 -0.995181 -0
    outer loop
      vertex 4.01368 31.2869 3.2
      vertex 2.01115 31.4842 0
      vertex 4.01368 31.2869 0
    endloop
  endfacet
  facet normal 0.935904 -0.352256 0
    outer loop
      vertex -29.1181 10.6843 3.2
      vertex -28.4093 12.5675 0
      vertex -28.4093 12.5675 3.2
    endloop
  endfacet
  facet normal 0.935904 -0.352256 0
    outer loop
      vertex -28.4093 12.5675 0
      vertex -29.1181 10.6843 3.2
      vertex -29.1181 10.6843 0
    endloop
  endfacet
  facet normal 0.729838 0.68362 0
    outer loop
      vertex -21.7435 -20.9435 3.2
      vertex -23.1191 -19.4749 0
      vertex -23.1191 -19.4749 3.2
    endloop
  endfacet
  facet normal 0.729838 0.68362 0
    outer loop
      vertex -23.1191 -19.4749 0
      vertex -21.7435 -20.9435 3.2
      vertex -21.7435 -20.9435 0
    endloop
  endfacet
  facet normal 0.773027 0.634374 0
    outer loop
      vertex -23.1191 -19.4749 3.2
      vertex -24.3956 -17.9194 0
      vertex -24.3956 -17.9194 3.2
    endloop
  endfacet
  facet normal 0.773027 0.634374 0
    outer loop
      vertex -24.3956 -17.9194 0
      vertex -23.1191 -19.4749 3.2
      vertex -23.1191 -19.4749 0
    endloop
  endfacet
  facet normal -0.162904 0.986642 0
    outer loop
      vertex 5.99903 -29.3591 0
      vertex 4.01368 -29.6869 3.2
      vertex 5.99903 -29.3591 3.2
    endloop
  endfacet
  facet normal -0.162904 0.986642 0
    outer loop
      vertex 4.01368 -29.6869 3.2
      vertex 5.99903 -29.3591 0
      vertex 4.01368 -29.6869 0
    endloop
  endfacet
  facet normal 0.986642 0.162904 0
    outer loop
      vertex -30.1591 -5.19903 3.2
      vertex -30.4869 -3.21368 0
      vertex -30.4869 -3.21368 3.2
    endloop
  endfacet
  facet normal 0.986642 0.162904 0
    outer loop
      vertex -30.4869 -3.21368 0
      vertex -30.1591 -5.19903 3.2
      vertex -30.1591 -5.19903 0
    endloop
  endfacet
  facet normal -0.849202 0.528068 0
    outer loop
      vertex 25.5677 -16.2838 0
      vertex 26.6303 -14.575 3.2
      vertex 26.6303 -14.575 0
    endloop
  endfacet
  facet normal -0.849202 0.528068 0
    outer loop
      vertex 26.6303 -14.575 3.2
      vertex 25.5677 -16.2838 0
      vertex 25.5677 -16.2838 3.2
    endloop
  endfacet
  facet normal -0.910859 -0.412717 0
    outer loop
      vertex 28.4093 12.5675 0
      vertex 27.5788 14.4004 3.2
      vertex 27.5788 14.4004 0
    endloop
  endfacet
  facet normal -0.910859 -0.412717 0
    outer loop
      vertex 27.5788 14.4004 3.2
      vertex 28.4093 12.5675 0
      vertex 28.4093 12.5675 3.2
    endloop
  endfacet
  facet normal -0.773027 -0.634374 0
    outer loop
      vertex 24.3956 19.5194 0
      vertex 23.1191 21.0749 3.2
      vertex 23.1191 21.0749 0
    endloop
  endfacet
  facet normal -0.773027 -0.634374 0
    outer loop
      vertex 23.1191 21.0749 3.2
      vertex 24.3956 19.5194 0
      vertex 24.3956 19.5194 3.2
    endloop
  endfacet
  facet normal 0.97388 -0.227063 0
    outer loop
      vertex -30.1591 6.79903 3.2
      vertex -29.7022 8.75869 0
      vertex -29.7022 8.75869 3.2
    endloop
  endfacet
  facet normal 0.97388 -0.227063 0
    outer loop
      vertex -29.7022 8.75869 0
      vertex -30.1591 6.79903 3.2
      vertex -30.1591 6.79903 0
    endloop
  endfacet
  facet normal -0.68362 0.729838 0
    outer loop
      vertex 21.7435 -20.9435 0
      vertex 20.2749 -22.3191 3.2
      vertex 21.7435 -20.9435 3.2
    endloop
  endfacet
  facet normal -0.68362 0.729838 0
    outer loop
      vertex 20.2749 -22.3191 3.2
      vertex 21.7435 -20.9435 0
      vertex 20.2749 -22.3191 0
    endloop
  endfacet
  facet normal 0.849202 -0.528068 0
    outer loop
      vertex -26.6303 16.175 3.2
      vertex -25.5677 17.8838 0
      vertex -25.5677 17.8838 3.2
    endloop
  endfacet
  facet normal 0.849202 -0.528068 0
    outer loop
      vertex -25.5677 17.8838 0
      vertex -26.6303 16.175 3.2
      vertex -26.6303 16.175 0
    endloop
  endfacet
  facet normal 0.634374 -0.773027 0
    outer loop
      vertex -20.2749 23.9191 0
      vertex -18.7194 25.1956 3.2
      vertex -20.2749 23.9191 3.2
    endloop
  endfacet
  facet normal 0.634374 -0.773027 0
    outer loop
      vertex -18.7194 25.1956 3.2
      vertex -20.2749 23.9191 0
      vertex -18.7194 25.1956 0
    endloop
  endfacet
  facet normal 0.995181 0.0980506 0
    outer loop
      vertex -30.4869 -3.21368 3.2
      vertex -30.6842 -1.21115 0
      vertex -30.6842 -1.21115 3.2
    endloop
  endfacet
  facet normal 0.995181 0.0980506 0
    outer loop
      vertex -30.6842 -1.21115 0
      vertex -30.4869 -3.21368 3.2
      vertex -30.4869 -3.21368 0
    endloop
  endfacet
  facet normal -0.227064 0.97388 0
    outer loop
      vertex 7.95868 -28.9022 0
      vertex 5.99903 -29.3591 3.2
      vertex 7.95868 -28.9022 3.2
    endloop
  endfacet
  facet normal -0.227064 0.97388 0
    outer loop
      vertex 5.99903 -29.3591 3.2
      vertex 7.95868 -28.9022 0
      vertex 5.99903 -29.3591 0
    endloop
  endfacet
  facet normal -0.68362 -0.729838 0
    outer loop
      vertex 20.2749 23.9191 0
      vertex 21.7435 22.5435 3.2
      vertex 20.2749 23.9191 3.2
    endloop
  endfacet
  facet normal -0.68362 -0.729838 -0
    outer loop
      vertex 21.7435 22.5435 3.2
      vertex 20.2749 23.9191 0
      vertex 21.7435 22.5435 0
    endloop
  endfacet
  facet normal 0.634374 0.773027 -0
    outer loop
      vertex -18.7194 -23.5956 0
      vertex -20.2749 -22.3191 3.2
      vertex -18.7194 -23.5956 3.2
    endloop
  endfacet
  facet normal 0.634374 0.773027 0
    outer loop
      vertex -20.2749 -22.3191 3.2
      vertex -18.7194 -23.5956 0
      vertex -20.2749 -22.3191 0
    endloop
  endfacet
  facet normal -0.290276 0.956943 0
    outer loop
      vertex 9.88426 -28.3181 0
      vertex 7.95868 -28.9022 3.2
      vertex 9.88426 -28.3181 3.2
    endloop
  endfacet
  facet normal -0.290276 0.956943 0
    outer loop
      vertex 7.95868 -28.9022 3.2
      vertex 9.88426 -28.3181 0
      vertex 7.95868 -28.9022 0
    endloop
  endfacet
  facet normal -0.528068 0.849202 0
    outer loop
      vertex 17.0838 -24.7677 0
      vertex 15.375 -25.8303 3.2
      vertex 17.0838 -24.7677 3.2
    endloop
  endfacet
  facet normal -0.528068 0.849202 0
    outer loop
      vertex 15.375 -25.8303 3.2
      vertex 17.0838 -24.7677 0
      vertex 15.375 -25.8303 0
    endloop
  endfacet
  facet normal 0.910859 0.412717 0
    outer loop
      vertex -27.5788 -12.8004 3.2
      vertex -28.4093 -10.9675 0
      vertex -28.4093 -10.9675 3.2
    endloop
  endfacet
  facet normal 0.910859 0.412717 0
    outer loop
      vertex -28.4093 -10.9675 0
      vertex -27.5788 -12.8004 3.2
      vertex -27.5788 -12.8004 0
    endloop
  endfacet
  facet normal 0.352249 0.935906 -0
    outer loop
      vertex -9.88426 -28.3181 0
      vertex -11.7675 -27.6093 3.2
      vertex -9.88426 -28.3181 3.2
    endloop
  endfacet
  facet normal 0.352249 0.935906 0
    outer loop
      vertex -11.7675 -27.6093 3.2
      vertex -9.88426 -28.3181 0
      vertex -11.7675 -27.6093 0
    endloop
  endfacet
  facet normal 0.68362 0.729838 -0
    outer loop
      vertex -20.2749 -22.3191 0
      vertex -21.7435 -20.9435 3.2
      vertex -20.2749 -22.3191 3.2
    endloop
  endfacet
  facet normal 0.68362 0.729838 0
    outer loop
      vertex -21.7435 -20.9435 3.2
      vertex -20.2749 -22.3191 0
      vertex -21.7435 -20.9435 0
    endloop
  endfacet
  facet normal 0.290276 0.956943 -0
    outer loop
      vertex -7.95868 -28.9022 0
      vertex -9.88426 -28.3181 3.2
      vertex -7.95868 -28.9022 3.2
    endloop
  endfacet
  facet normal 0.290276 0.956943 0
    outer loop
      vertex -9.88426 -28.3181 3.2
      vertex -7.95868 -28.9022 0
      vertex -9.88426 -28.3181 0
    endloop
  endfacet
  facet normal 0.0980506 -0.995181 0
    outer loop
      vertex -4.01368 31.2869 0
      vertex -2.01115 31.4842 3.2
      vertex -4.01368 31.2869 3.2
    endloop
  endfacet
  facet normal 0.0980506 -0.995181 0
    outer loop
      vertex -2.01115 31.4842 3.2
      vertex -4.01368 31.2869 0
      vertex -2.01115 31.4842 0
    endloop
  endfacet
  facet normal 0.47138 -0.88193 0
    outer loop
      vertex -15.375 27.4303 0
      vertex -13.6004 28.3788 3.2
      vertex -15.375 27.4303 3.2
    endloop
  endfacet
  facet normal 0.47138 -0.88193 0
    outer loop
      vertex -13.6004 28.3788 3.2
      vertex -15.375 27.4303 0
      vertex -13.6004 28.3788 0
    endloop
  endfacet
  facet normal 0.956944 -0.290272 0
    outer loop
      vertex -29.7022 8.75869 3.2
      vertex -29.1181 10.6843 0
      vertex -29.1181 10.6843 3.2
    endloop
  endfacet
  facet normal 0.956944 -0.290272 0
    outer loop
      vertex -29.1181 10.6843 0
      vertex -29.7022 8.75869 3.2
      vertex -29.7022 8.75869 0
    endloop
  endfacet
  facet normal 0.352249 -0.935906 0
    outer loop
      vertex -11.7675 29.2093 0
      vertex -9.88426 29.9181 3.2
      vertex -11.7675 29.2093 3.2
    endloop
  endfacet
  facet normal 0.352249 -0.935906 0
    outer loop
      vertex -9.88426 29.9181 3.2
      vertex -11.7675 29.2093 0
      vertex -9.88426 29.9181 0
    endloop
  endfacet
  facet normal -0.352249 0.935906 0
    outer loop
      vertex 11.7675 -27.6093 0
      vertex 9.88426 -28.3181 3.2
      vertex 11.7675 -27.6093 3.2
    endloop
  endfacet
  facet normal -0.352249 0.935906 0
    outer loop
      vertex 9.88426 -28.3181 3.2
      vertex 11.7675 -27.6093 0
      vertex 9.88426 -28.3181 0
    endloop
  endfacet
  facet normal -0.352249 -0.935906 0
    outer loop
      vertex 9.88426 29.9181 0
      vertex 11.7675 29.2093 3.2
      vertex 9.88426 29.9181 3.2
    endloop
  endfacet
  facet normal -0.352249 -0.935906 -0
    outer loop
      vertex 11.7675 29.2093 3.2
      vertex 9.88426 29.9181 0
      vertex 11.7675 29.2093 0
    endloop
  endfacet
  facet normal -0.227064 -0.97388 0
    outer loop
      vertex 5.99903 30.9591 0
      vertex 7.95868 30.5022 3.2
      vertex 5.99903 30.9591 3.2
    endloop
  endfacet
  facet normal -0.227064 -0.97388 -0
    outer loop
      vertex 7.95868 30.5022 3.2
      vertex 5.99903 30.9591 0
      vertex 7.95868 30.5022 0
    endloop
  endfacet
  facet normal -0.0327001 -0.999465 0
    outer loop
      vertex 0 31.55 0
      vertex 2.01115 31.4842 3.2
      vertex 0 31.55 3.2
    endloop
  endfacet
  facet normal -0.0327001 -0.999465 -0
    outer loop
      vertex 2.01115 31.4842 3.2
      vertex 0 31.55 0
      vertex 2.01115 31.4842 0
    endloop
  endfacet
  facet normal -0.999465 0.0327001 0
    outer loop
      vertex 30.6842 -1.21115 0
      vertex 30.75 0.799999 3.2
      vertex 30.75 0.799999 0
    endloop
  endfacet
  facet normal -0.999465 0.0327001 0
    outer loop
      vertex 30.75 0.799999 3.2
      vertex 30.6842 -1.21115 0
      vertex 30.6842 -1.21115 3.2
    endloop
  endfacet
  facet normal -0.0980506 0.995181 0
    outer loop
      vertex 4.01368 -29.6869 0
      vertex 2.01115 -29.8842 3.2
      vertex 4.01368 -29.6869 3.2
    endloop
  endfacet
  facet normal -0.0980506 0.995181 0
    outer loop
      vertex 2.01115 -29.8842 3.2
      vertex 4.01368 -29.6869 0
      vertex 2.01115 -29.8842 0
    endloop
  endfacet
  facet normal -0.910859 0.412717 0
    outer loop
      vertex 27.5788 -12.8004 0
      vertex 28.4093 -10.9675 3.2
      vertex 28.4093 -10.9675 0
    endloop
  endfacet
  facet normal -0.910859 0.412717 0
    outer loop
      vertex 28.4093 -10.9675 3.2
      vertex 27.5788 -12.8004 0
      vertex 27.5788 -12.8004 3.2
    endloop
  endfacet
  facet normal -0.849202 -0.528068 0
    outer loop
      vertex 26.6303 16.175 0
      vertex 25.5677 17.8838 3.2
      vertex 25.5677 17.8838 0
    endloop
  endfacet
  facet normal -0.849202 -0.528068 0
    outer loop
      vertex 25.5677 17.8838 3.2
      vertex 26.6303 16.175 0
      vertex 26.6303 16.175 3.2
    endloop
  endfacet
  facet normal -0.412717 0.910859 0
    outer loop
      vertex 13.6004 -26.7788 0
      vertex 11.7675 -27.6093 3.2
      vertex 13.6004 -26.7788 3.2
    endloop
  endfacet
  facet normal -0.412717 0.910859 0
    outer loop
      vertex 11.7675 -27.6093 3.2
      vertex 13.6004 -26.7788 0
      vertex 11.7675 -27.6093 0
    endloop
  endfacet
  facet normal 0.68362 -0.729838 0
    outer loop
      vertex -21.7435 22.5435 0
      vertex -20.2749 23.9191 3.2
      vertex -21.7435 22.5435 3.2
    endloop
  endfacet
  facet normal 0.68362 -0.729838 0
    outer loop
      vertex -20.2749 23.9191 3.2
      vertex -21.7435 22.5435 0
      vertex -20.2749 23.9191 0
    endloop
  endfacet
  facet normal -0.88193 0.47138 0
    outer loop
      vertex 26.6303 -14.575 0
      vertex 27.5788 -12.8004 3.2
      vertex 27.5788 -12.8004 0
    endloop
  endfacet
  facet normal -0.88193 0.47138 0
    outer loop
      vertex 27.5788 -12.8004 3.2
      vertex 26.6303 -14.575 0
      vertex 26.6303 -14.575 3.2
    endloop
  endfacet
  facet normal 0.849202 0.528068 0
    outer loop
      vertex -25.5677 -16.2838 3.2
      vertex -26.6303 -14.575 0
      vertex -26.6303 -14.575 3.2
    endloop
  endfacet
  facet normal 0.849202 0.528068 0
    outer loop
      vertex -26.6303 -14.575 0
      vertex -25.5677 -16.2838 3.2
      vertex -25.5677 -16.2838 0
    endloop
  endfacet
  facet normal -0.528068 -0.849202 0
    outer loop
      vertex 15.375 27.4303 0
      vertex 17.0838 26.3677 3.2
      vertex 15.375 27.4303 3.2
    endloop
  endfacet
  facet normal -0.528068 -0.849202 -0
    outer loop
      vertex 17.0838 26.3677 3.2
      vertex 15.375 27.4303 0
      vertex 17.0838 26.3677 0
    endloop
  endfacet
  facet normal -0.956943 0.290276 0
    outer loop
      vertex 29.1181 -9.08426 0
      vertex 29.7022 -7.15868 3.2
      vertex 29.7022 -7.15868 0
    endloop
  endfacet
  facet normal -0.956943 0.290276 0
    outer loop
      vertex 29.7022 -7.15868 3.2
      vertex 29.1181 -9.08426 0
      vertex 29.1181 -9.08426 3.2
    endloop
  endfacet
  facet normal 0.0327001 0.999465 -0
    outer loop
      vertex 0 -29.95 0
      vertex -2.01115 -29.8842 3.2
      vertex 0 -29.95 3.2
    endloop
  endfacet
  facet normal 0.0327001 0.999465 0
    outer loop
      vertex -2.01115 -29.8842 3.2
      vertex 0 -29.95 0
      vertex -2.01115 -29.8842 0
    endloop
  endfacet
  facet normal -0.995181 0.0980506 0
    outer loop
      vertex 30.4869 -3.21368 0
      vertex 30.6842 -1.21115 3.2
      vertex 30.6842 -1.21115 0
    endloop
  endfacet
  facet normal -0.995181 0.0980506 0
    outer loop
      vertex 30.6842 -1.21115 3.2
      vertex 30.4869 -3.21368 0
      vertex 30.4869 -3.21368 3.2
    endloop
  endfacet
  facet normal -0.729838 -0.68362 0
    outer loop
      vertex 23.1191 21.0749 0
      vertex 21.7435 22.5435 3.2
      vertex 21.7435 22.5435 0
    endloop
  endfacet
  facet normal -0.729838 -0.68362 0
    outer loop
      vertex 21.7435 22.5435 3.2
      vertex 23.1191 21.0749 0
      vertex 23.1191 21.0749 3.2
    endloop
  endfacet
  facet normal 0.995181 -0.0980506 0
    outer loop
      vertex -30.6842 2.81115 3.2
      vertex -30.4869 4.81368 0
      vertex -30.4869 4.81368 3.2
    endloop
  endfacet
  facet normal 0.995181 -0.0980506 0
    outer loop
      vertex -30.4869 4.81368 0
      vertex -30.6842 2.81115 3.2
      vertex -30.6842 2.81115 0
    endloop
  endfacet
  facet normal 0.162904 0.986642 -0
    outer loop
      vertex -4.01368 -29.6869 0
      vertex -5.99903 -29.3591 3.2
      vertex -4.01368 -29.6869 3.2
    endloop
  endfacet
  facet normal 0.162904 0.986642 0
    outer loop
      vertex -5.99903 -29.3591 3.2
      vertex -4.01368 -29.6869 0
      vertex -5.99903 -29.3591 0
    endloop
  endfacet
  facet normal 0.227064 0.97388 -0
    outer loop
      vertex -5.99903 -29.3591 0
      vertex -7.95868 -28.9022 3.2
      vertex -5.99903 -29.3591 3.2
    endloop
  endfacet
  facet normal 0.227064 0.97388 0
    outer loop
      vertex -7.95868 -28.9022 3.2
      vertex -5.99903 -29.3591 0
      vertex -7.95868 -28.9022 0
    endloop
  endfacet
  facet normal 0.956943 0.290276 0
    outer loop
      vertex -29.1181 -9.08426 3.2
      vertex -29.7022 -7.15868 0
      vertex -29.7022 -7.15868 3.2
    endloop
  endfacet
  facet normal 0.956943 0.290276 0
    outer loop
      vertex -29.7022 -7.15868 0
      vertex -29.1181 -9.08426 3.2
      vertex -29.1181 -9.08426 0
    endloop
  endfacet
  facet normal 0.0327001 -0.999465 0
    outer loop
      vertex -2.01115 31.4842 0
      vertex 0 31.55 3.2
      vertex -2.01115 31.4842 3.2
    endloop
  endfacet
  facet normal 0.0327001 -0.999465 0
    outer loop
      vertex 0 31.55 3.2
      vertex -2.01115 31.4842 0
      vertex 0 31.55 0
    endloop
  endfacet
  facet normal 0.227064 -0.97388 0
    outer loop
      vertex -7.95868 30.5022 0
      vertex -5.99903 30.9591 3.2
      vertex -7.95868 30.5022 3.2
    endloop
  endfacet
  facet normal 0.227064 -0.97388 0
    outer loop
      vertex -5.99903 30.9591 3.2
      vertex -7.95868 30.5022 0
      vertex -5.99903 30.9591 0
    endloop
  endfacet
  facet normal 0.412717 -0.910859 0
    outer loop
      vertex -13.6004 28.3788 0
      vertex -11.7675 29.2093 3.2
      vertex -13.6004 28.3788 3.2
    endloop
  endfacet
  facet normal 0.412717 -0.910859 0
    outer loop
      vertex -11.7675 29.2093 3.2
      vertex -13.6004 28.3788 0
      vertex -11.7675 29.2093 0
    endloop
  endfacet
  facet normal 0.162904 -0.986642 0
    outer loop
      vertex -5.99903 30.9591 0
      vertex -4.01368 31.2869 3.2
      vertex -5.99903 30.9591 3.2
    endloop
  endfacet
  facet normal 0.162904 -0.986642 0
    outer loop
      vertex -4.01368 31.2869 3.2
      vertex -5.99903 30.9591 0
      vertex -4.01368 31.2869 0
    endloop
  endfacet
  facet normal 0.986642 -0.162904 0
    outer loop
      vertex -30.4869 4.81368 3.2
      vertex -30.1591 6.79903 0
      vertex -30.1591 6.79903 3.2
    endloop
  endfacet
  facet normal 0.986642 -0.162904 0
    outer loop
      vertex -30.1591 6.79903 0
      vertex -30.4869 4.81368 3.2
      vertex -30.4869 4.81368 0
    endloop
  endfacet
  facet normal -0.935906 0.352249 0
    outer loop
      vertex 28.4093 -10.9675 0
      vertex 29.1181 -9.08426 3.2
      vertex 29.1181 -9.08426 0
    endloop
  endfacet
  facet normal -0.935906 0.352249 0
    outer loop
      vertex 29.1181 -9.08426 3.2
      vertex 28.4093 -10.9675 0
      vertex 28.4093 -10.9675 3.2
    endloop
  endfacet
  facet normal 0.528068 -0.849202 0
    outer loop
      vertex -17.0838 26.3677 0
      vertex -15.375 27.4303 3.2
      vertex -17.0838 26.3677 3.2
    endloop
  endfacet
  facet normal 0.528068 -0.849202 0
    outer loop
      vertex -15.375 27.4303 3.2
      vertex -17.0838 26.3677 0
      vertex -15.375 27.4303 0
    endloop
  endfacet
  facet normal -0.582493 0.812836 0
    outer loop
      vertex 18.7194 -23.5956 0
      vertex 17.0838 -24.7677 3.2
      vertex 18.7194 -23.5956 3.2
    endloop
  endfacet
  facet normal -0.582493 0.812836 0
    outer loop
      vertex 17.0838 -24.7677 3.2
      vertex 18.7194 -23.5956 0
      vertex 17.0838 -24.7677 0
    endloop
  endfacet
  facet normal -0.812836 0.582493 0
    outer loop
      vertex 24.3956 -17.9194 0
      vertex 25.5677 -16.2838 3.2
      vertex 25.5677 -16.2838 0
    endloop
  endfacet
  facet normal -0.812836 0.582493 0
    outer loop
      vertex 25.5677 -16.2838 3.2
      vertex 24.3956 -17.9194 0
      vertex 24.3956 -17.9194 3.2
    endloop
  endfacet
  facet normal 0.0980506 0.995181 -0
    outer loop
      vertex -2.01115 -29.8842 0
      vertex -4.01368 -29.6869 3.2
      vertex -2.01115 -29.8842 3.2
    endloop
  endfacet
  facet normal 0.0980506 0.995181 0
    outer loop
      vertex -4.01368 -29.6869 3.2
      vertex -2.01115 -29.8842 0
      vertex -4.01368 -29.6869 0
    endloop
  endfacet
  facet normal 0.999465 0.0327001 0
    outer loop
      vertex -30.6842 -1.21115 3.2
      vertex -30.75 0.799999 0
      vertex -30.75 0.799999 3.2
    endloop
  endfacet
  facet normal 0.999465 0.0327001 0
    outer loop
      vertex -30.75 0.799999 0
      vertex -30.6842 -1.21115 3.2
      vertex -30.6842 -1.21115 0
    endloop
  endfacet
  facet normal -0.634374 0.773027 0
    outer loop
      vertex 20.2749 -22.3191 0
      vertex 18.7194 -23.5956 3.2
      vertex 20.2749 -22.3191 3.2
    endloop
  endfacet
  facet normal -0.634374 0.773027 0
    outer loop
      vertex 18.7194 -23.5956 3.2
      vertex 20.2749 -22.3191 0
      vertex 18.7194 -23.5956 0
    endloop
  endfacet
  facet normal 0.47138 0.88193 -0
    outer loop
      vertex -13.6004 -26.7788 0
      vertex -15.375 -25.8303 3.2
      vertex -13.6004 -26.7788 3.2
    endloop
  endfacet
  facet normal 0.47138 0.88193 0
    outer loop
      vertex -15.375 -25.8303 3.2
      vertex -13.6004 -26.7788 0
      vertex -15.375 -25.8303 0
    endloop
  endfacet
  facet normal 0.582493 0.812836 -0
    outer loop
      vertex -17.0838 -24.7677 0
      vertex -18.7194 -23.5956 3.2
      vertex -17.0838 -24.7677 3.2
    endloop
  endfacet
  facet normal 0.582493 0.812836 0
    outer loop
      vertex -18.7194 -23.5956 3.2
      vertex -17.0838 -24.7677 0
      vertex -18.7194 -23.5956 0
    endloop
  endfacet
  facet normal -0.729838 0.68362 0
    outer loop
      vertex 21.7435 -20.9435 0
      vertex 23.1191 -19.4749 3.2
      vertex 23.1191 -19.4749 0
    endloop
  endfacet
  facet normal -0.729838 0.68362 0
    outer loop
      vertex 23.1191 -19.4749 3.2
      vertex 21.7435 -20.9435 0
      vertex 21.7435 -20.9435 3.2
    endloop
  endfacet
  facet normal -0.162904 -0.986642 0
    outer loop
      vertex 4.01368 31.2869 0
      vertex 5.99903 30.9591 3.2
      vertex 4.01368 31.2869 3.2
    endloop
  endfacet
  facet normal -0.162904 -0.986642 -0
    outer loop
      vertex 5.99903 30.9591 3.2
      vertex 4.01368 31.2869 0
      vertex 5.99903 30.9591 0
    endloop
  endfacet
  facet normal 0.412717 0.910859 -0
    outer loop
      vertex -11.7675 -27.6093 0
      vertex -13.6004 -26.7788 3.2
      vertex -11.7675 -27.6093 3.2
    endloop
  endfacet
  facet normal 0.412717 0.910859 0
    outer loop
      vertex -13.6004 -26.7788 3.2
      vertex -11.7675 -27.6093 0
      vertex -13.6004 -26.7788 0
    endloop
  endfacet
  facet normal 0.910859 -0.412717 0
    outer loop
      vertex -28.4093 12.5675 3.2
      vertex -27.5788 14.4004 0
      vertex -27.5788 14.4004 3.2
    endloop
  endfacet
  facet normal 0.910859 -0.412717 0
    outer loop
      vertex -27.5788 14.4004 0
      vertex -28.4093 12.5675 3.2
      vertex -28.4093 12.5675 0
    endloop
  endfacet
  facet normal -0.290181 0 0.956972
    outer loop
      vertex -84.8394 0 51.4336
      vertex -84.1828 -8 51.6327
      vertex -84.1828 0 51.6327
    endloop
  endfacet
  facet normal -0.290181 0 0.956972
    outer loop
      vertex -84.1828 -8 51.6327
      vertex -84.8394 0 51.4336
      vertex -84.8394 -8 51.4336
    endloop
  endfacet
  facet normal 0.888397 0.371726 -0.269388
    outer loop
      vertex -80 -8 36.7
      vertex -80.2664 0 46.8606
      vertex -80.0673 0 47.5172
    endloop
  endfacet
  facet normal -1 -0 0
    outer loop
      vertex -87 0 48.2
      vertex -87 -8 36.7
      vertex -87 -8 48.2
    endloop
  endfacet
  facet normal 0.0980894 0 0.995178
    outer loop
      vertex -83.5 0 51.7
      vertex -82.8172 -8 51.6327
      vertex -82.8172 0 51.6327
    endloop
  endfacet
  facet normal 0.0980894 0 0.995178
    outer loop
      vertex -82.8172 -8 51.6327
      vertex -83.5 0 51.7
      vertex -83.5 -8 51.7
    endloop
  endfacet
  facet normal -0.634317 0 0.773073
    outer loop
      vertex -85.9749 0 50.6749
      vertex -85.4445 -8 51.1101
      vertex -85.4445 0 51.1101
    endloop
  endfacet
  facet normal -0.634317 0 0.773073
    outer loop
      vertex -85.4445 -8 51.1101
      vertex -85.9749 0 50.6749
      vertex -85.9749 -8 50.6749
    endloop
  endfacet
  facet normal -0.956972 0 0.290181
    outer loop
      vertex -86.9327 -8 48.8828
      vertex -86.7336 0 49.5394
      vertex -86.9327 0 48.8828
    endloop
  endfacet
  facet normal -0.956972 0 0.290181
    outer loop
      vertex -86.7336 0 49.5394
      vertex -86.9327 -8 48.8828
      vertex -86.7336 -8 49.5394
    endloop
  endfacet
  facet normal -0.773073 0 0.634317
    outer loop
      vertex -86.4101 -8 50.1445
      vertex -85.9749 0 50.6749
      vertex -86.4101 0 50.1445
    endloop
  endfacet
  facet normal -0.773073 0 0.634317
    outer loop
      vertex -85.9749 0 50.6749
      vertex -86.4101 -8 50.1445
      vertex -85.9749 -8 50.6749
    endloop
  endfacet
  facet normal -0.0680515 0.720197 -0.690424
    outer loop
      vertex -83.5 0 44.7
      vertex -87 -8 36.7
      vertex -84.1828 0 44.7673
    endloop
  endfacet
  facet normal -0.471473 0 0.88188
    outer loop
      vertex -85.4445 0 51.1101
      vertex -84.8394 -8 51.4336
      vertex -84.8394 0 51.4336
    endloop
  endfacet
  facet normal -0.471473 0 0.88188
    outer loop
      vertex -84.8394 -8 51.4336
      vertex -85.4445 0 51.1101
      vertex -85.4445 -8 51.1101
    endloop
  endfacet
  facet normal -0.459096 0.690047 -0.559523
    outer loop
      vertex -85.4445 0 45.2899
      vertex -87 -8 36.7
      vertex -85.9749 0 45.7251
    endloop
  endfacet
  facet normal -0.198413 0.729711 -0.654335
    outer loop
      vertex -84.1828 0 44.7673
      vertex -87 -8 36.7
      vertex -84.8394 0 44.9664
    endloop
  endfacet
  facet normal 0.746766 0.53193 -0.399238
    outer loop
      vertex -80 -8 36.7
      vertex -80.5899 0 46.2555
      vertex -80.2664 0 46.8606
    endloop
  endfacet
  facet normal 4.44526e-05 0.707117 -0.707097
    outer loop
      vertex -80 -8 36.7
      vertex -81.5 -6.02576 38.6742
      vertex -83.5 0 44.7
    endloop
  endfacet
  facet normal 0 0.7071 -0.707114
    outer loop
      vertex -81.5 -6.02576 38.6742
      vertex -80 -8 36.7
      vertex -81.5 -8 36.7
    endloop
  endfacet
  facet normal 0 0.707109 -0.707104
    outer loop
      vertex -85.5 -6.02576 38.6742
      vertex -83.5 0 44.7
      vertex -81.5 -6.02576 38.6742
    endloop
  endfacet
  facet normal -4.44526e-05 0.707117 -0.707097
    outer loop
      vertex -85.5 -6.02576 38.6742
      vertex -87 -8 36.7
      vertex -83.5 0 44.7
    endloop
  endfacet
  facet normal 0 0.7071 -0.707114
    outer loop
      vertex -87 -8 36.7
      vertex -85.5 -6.02576 38.6742
      vertex -85.5 -8 36.7
    endloop
  endfacet
  facet normal 0.956972 -0 0.290181
    outer loop
      vertex -80.2664 -8 49.5394
      vertex -80.0673 0 48.8828
      vertex -80.2664 0 49.5394
    endloop
  endfacet
  facet normal 0.956972 0 0.290181
    outer loop
      vertex -80.0673 0 48.8828
      vertex -80.2664 -8 49.5394
      vertex -80.0673 -8 48.8828
    endloop
  endfacet
  facet normal -0.888397 0.371726 -0.269388
    outer loop
      vertex -86.7336 0 46.8606
      vertex -87 -8 36.7
      vertex -86.9327 0 47.5172
    endloop
  endfacet
  facet normal -0.98543 0.139622 -0.0971286
    outer loop
      vertex -86.9327 0 47.5172
      vertex -87 -8 36.7
      vertex -87 0 48.2
    endloop
  endfacet
  facet normal -0.995178 0 0.0980894
    outer loop
      vertex -87 -8 48.2
      vertex -86.9327 0 48.8828
      vertex -87 0 48.2
    endloop
  endfacet
  facet normal -0.995178 0 0.0980894
    outer loop
      vertex -86.9327 0 48.8828
      vertex -87 -8 48.2
      vertex -86.9327 -8 48.8828
    endloop
  endfacet
  facet normal 0.773073 -0 0.634317
    outer loop
      vertex -81.0251 -8 50.6749
      vertex -80.5899 0 50.1445
      vertex -81.0251 0 50.6749
    endloop
  endfacet
  facet normal 0.773073 0 0.634317
    outer loop
      vertex -80.5899 0 50.1445
      vertex -81.0251 -8 50.6749
      vertex -80.5899 -8 50.1445
    endloop
  endfacet
  facet normal 0.0680515 0.720197 -0.690424
    outer loop
      vertex -80 -8 36.7
      vertex -83.5 0 44.7
      vertex -82.8172 0 44.7673
    endloop
  endfacet
  facet normal 0.459096 0.690047 -0.559523
    outer loop
      vertex -80 -8 36.7
      vertex -81.5555 0 45.2899
      vertex -81.0251 0 45.7251
    endloop
  endfacet
  facet normal 0.290181 0 0.956972
    outer loop
      vertex -82.8172 0 51.6327
      vertex -82.1606 -8 51.4336
      vertex -82.1606 0 51.4336
    endloop
  endfacet
  facet normal 0.290181 0 0.956972
    outer loop
      vertex -82.1606 -8 51.4336
      vertex -82.8172 0 51.6327
      vertex -82.8172 -8 51.6327
    endloop
  endfacet
  facet normal 1 -0 0
    outer loop
      vertex -80 -8 48.2
      vertex -80 -8 36.7
      vertex -80 0 48.2
    endloop
  endfacet
  facet normal 0.634317 0 0.773073
    outer loop
      vertex -81.5555 0 51.1101
      vertex -81.0251 -8 50.6749
      vertex -81.0251 0 50.6749
    endloop
  endfacet
  facet normal 0.634317 0 0.773073
    outer loop
      vertex -81.0251 -8 50.6749
      vertex -81.5555 0 51.1101
      vertex -81.5555 -8 51.1101
    endloop
  endfacet
  facet normal -0.746766 0.53193 -0.399238
    outer loop
      vertex -86.4101 0 46.2555
      vertex -87 -8 36.7
      vertex -86.7336 0 46.8606
    endloop
  endfacet
  facet normal -0.0980894 0 0.995178
    outer loop
      vertex -84.1828 0 51.6327
      vertex -83.5 -8 51.7
      vertex -83.5 0 51.7
    endloop
  endfacet
  facet normal -0.0980894 0 0.995178
    outer loop
      vertex -83.5 -8 51.7
      vertex -84.1828 0 51.6327
      vertex -84.1828 -8 51.6327
    endloop
  endfacet
  facet normal 0.59936 0.631599 -0.491783
    outer loop
      vertex -80 -8 36.7
      vertex -81.0251 0 45.7251
      vertex -80.5899 0 46.2555
    endloop
  endfacet
  facet normal 0.98543 0.139622 -0.0971286
    outer loop
      vertex -80 -8 36.7
      vertex -80.0673 0 47.5172
      vertex -80 0 48.2
    endloop
  endfacet
  facet normal -0.327014 0.72036 -0.611673
    outer loop
      vertex -84.8394 0 44.9664
      vertex -87 -8 36.7
      vertex -85.4445 0 45.2899
    endloop
  endfacet
  facet normal 0.995178 -0 0.0980894
    outer loop
      vertex -80.0673 -8 48.8828
      vertex -80 0 48.2
      vertex -80.0673 0 48.8828
    endloop
  endfacet
  facet normal 0.995178 0 0.0980894
    outer loop
      vertex -80 0 48.2
      vertex -80.0673 -8 48.8828
      vertex -80 -8 48.2
    endloop
  endfacet
  facet normal -0.59936 0.631599 -0.491783
    outer loop
      vertex -85.9749 0 45.7251
      vertex -87 -8 36.7
      vertex -86.4101 0 46.2555
    endloop
  endfacet
  facet normal -0.88188 0 0.471473
    outer loop
      vertex -86.7336 -8 49.5394
      vertex -86.4101 0 50.1445
      vertex -86.7336 0 49.5394
    endloop
  endfacet
  facet normal -0.88188 0 0.471473
    outer loop
      vertex -86.4101 0 50.1445
      vertex -86.7336 -8 49.5394
      vertex -86.4101 -8 50.1445
    endloop
  endfacet
  facet normal 0.327014 0.72036 -0.611673
    outer loop
      vertex -80 -8 36.7
      vertex -82.1606 0 44.9664
      vertex -81.5555 0 45.2899
    endloop
  endfacet
  facet normal 0.471473 0 0.88188
    outer loop
      vertex -82.1606 0 51.4336
      vertex -81.5555 -8 51.1101
      vertex -81.5555 0 51.1101
    endloop
  endfacet
  facet normal 0.471473 0 0.88188
    outer loop
      vertex -81.5555 -8 51.1101
      vertex -82.1606 0 51.4336
      vertex -82.1606 -8 51.4336
    endloop
  endfacet
  facet normal 0.88188 -0 0.471473
    outer loop
      vertex -80.5899 -8 50.1445
      vertex -80.2664 0 49.5394
      vertex -80.5899 0 50.1445
    endloop
  endfacet
  facet normal 0.88188 0 0.471473
    outer loop
      vertex -80.2664 0 49.5394
      vertex -80.5899 -8 50.1445
      vertex -80.2664 -8 49.5394
    endloop
  endfacet
  facet normal 0.198413 0.729711 -0.654335
    outer loop
      vertex -80 -8 36.7
      vertex -82.8172 0 44.7673
      vertex -82.1606 0 44.9664
    endloop
  endfacet
  facet normal 0 1 0
    outer loop
      vertex -83.5 0 49.6121
      vertex -83.5 0 51.7
      vertex -82.8172 0 51.6327
    endloop
  endfacet
  facet normal 0 1 0
    outer loop
      vertex -83.1345 0 49.564
      vertex -82.8172 0 51.6327
      vertex -82.1606 0 51.4336
    endloop
  endfacet
  facet normal 0 1 0
    outer loop
      vertex -83.5 0 51.7
      vertex -83.5 0 49.6121
      vertex -84.1828 0 51.6327
    endloop
  endfacet
  facet normal 0 1 0
    outer loop
      vertex -82.794 0 49.4229
      vertex -82.1606 0 51.4336
      vertex -81.5555 0 51.1101
    endloop
  endfacet
  facet normal 0 1 -0
    outer loop
      vertex -83.8655 0 49.564
      vertex -84.1828 0 51.6327
      vertex -83.5 0 49.6121
    endloop
  endfacet
  facet normal 0 1 0
    outer loop
      vertex -82.5015 0 49.1985
      vertex -81.5555 0 51.1101
      vertex -81.0251 0 50.6749
    endloop
  endfacet
  facet normal 0 1 0
    outer loop
      vertex -84.1828 0 51.6327
      vertex -83.8655 0 49.564
      vertex -84.8394 0 51.4336
    endloop
  endfacet
  facet normal 0 1 0
    outer loop
      vertex -82.5015 0 49.1985
      vertex -81.0251 0 50.6749
      vertex -80.5899 0 50.1445
    endloop
  endfacet
  facet normal 0 1 -0
    outer loop
      vertex -84.206 0 49.4229
      vertex -84.8394 0 51.4336
      vertex -83.8655 0 49.564
    endloop
  endfacet
  facet normal 0 1 0
    outer loop
      vertex -84.8394 0 51.4336
      vertex -84.206 0 49.4229
      vertex -85.4445 0 51.1101
    endloop
  endfacet
  facet normal 0 1 0
    outer loop
      vertex -82.8172 0 51.6327
      vertex -83.1345 0 49.564
      vertex -83.5 0 49.6121
    endloop
  endfacet
  facet normal 0 1 0
    outer loop
      vertex -82.2771 0 48.906
      vertex -80.5899 0 50.1445
      vertex -80.2664 0 49.5394
    endloop
  endfacet
  facet normal 0 1 0
    outer loop
      vertex -82.1606 0 51.4336
      vertex -82.794 0 49.4229
      vertex -83.1345 0 49.564
    endloop
  endfacet
  facet normal 0 1 0
    outer loop
      vertex -81.5555 0 51.1101
      vertex -82.5015 0 49.1985
      vertex -82.794 0 49.4229
    endloop
  endfacet
  facet normal 0 1 0
    outer loop
      vertex -80.5899 0 50.1445
      vertex -82.2771 0 48.906
      vertex -82.5015 0 49.1985
    endloop
  endfacet
  facet normal 0 1 0
    outer loop
      vertex -82.136 0 48.5655
      vertex -80.2664 0 49.5394
      vertex -80.0673 0 48.8828
    endloop
  endfacet
  facet normal 0 1 0
    outer loop
      vertex -80.2664 0 49.5394
      vertex -82.136 0 48.5655
      vertex -82.2771 0 48.906
    endloop
  endfacet
  facet normal 0 1 0
    outer loop
      vertex -82.0879 0 48.2
      vertex -80.0673 0 48.8828
      vertex -80 0 48.2
    endloop
  endfacet
  facet normal 0 1 0
    outer loop
      vertex -80.0673 0 48.8828
      vertex -82.0879 0 48.2
      vertex -82.136 0 48.5655
    endloop
  endfacet
  facet normal 0 1 -0
    outer loop
      vertex -80.0673 0 47.5172
      vertex -82.0879 0 48.2
      vertex -80 0 48.2
    endloop
  endfacet
  facet normal 0 1 0
    outer loop
      vertex -82.0879 0 48.2
      vertex -80.0673 0 47.5172
      vertex -82.136 0 47.8345
    endloop
  endfacet
  facet normal 0 1 -0
    outer loop
      vertex -80.2664 0 46.8606
      vertex -82.136 0 47.8345
      vertex -80.0673 0 47.5172
    endloop
  endfacet
  facet normal 0 1 0
    outer loop
      vertex -82.136 0 47.8345
      vertex -80.2664 0 46.8606
      vertex -82.2771 0 47.494
    endloop
  endfacet
  facet normal 0 1 -0
    outer loop
      vertex -80.5899 0 46.2555
      vertex -82.2771 0 47.494
      vertex -80.2664 0 46.8606
    endloop
  endfacet
  facet normal 0 1 0
    outer loop
      vertex -82.2771 0 47.494
      vertex -80.5899 0 46.2555
      vertex -82.5015 0 47.2015
    endloop
  endfacet
  facet normal 0 1 -0
    outer loop
      vertex -81.0251 0 45.7251
      vertex -82.5015 0 47.2015
      vertex -80.5899 0 46.2555
    endloop
  endfacet
  facet normal 0 1 -0
    outer loop
      vertex -81.5555 0 45.2899
      vertex -82.5015 0 47.2015
      vertex -81.0251 0 45.7251
    endloop
  endfacet
  facet normal 0 1 0
    outer loop
      vertex -82.5015 0 47.2015
      vertex -81.5555 0 45.2899
      vertex -82.794 0 46.9771
    endloop
  endfacet
  facet normal 0 1 -0
    outer loop
      vertex -84.4985 0 49.1985
      vertex -85.4445 0 51.1101
      vertex -84.206 0 49.4229
    endloop
  endfacet
  facet normal 0 1 0
    outer loop
      vertex -85.4445 0 51.1101
      vertex -84.4985 0 49.1985
      vertex -85.9749 0 50.6749
    endloop
  endfacet
  facet normal 0 1 0
    outer loop
      vertex -85.9749 0 50.6749
      vertex -84.4985 0 49.1985
      vertex -86.4101 0 50.1445
    endloop
  endfacet
  facet normal 0 1 -0
    outer loop
      vertex -84.7229 0 48.906
      vertex -86.4101 0 50.1445
      vertex -84.4985 0 49.1985
    endloop
  endfacet
  facet normal 0 1 0
    outer loop
      vertex -86.4101 0 50.1445
      vertex -84.7229 0 48.906
      vertex -86.7336 0 49.5394
    endloop
  endfacet
  facet normal 0 1 -0
    outer loop
      vertex -84.864 0 48.5655
      vertex -86.7336 0 49.5394
      vertex -84.7229 0 48.906
    endloop
  endfacet
  facet normal 0 1 0
    outer loop
      vertex -86.7336 0 49.5394
      vertex -84.864 0 48.5655
      vertex -86.9327 0 48.8828
    endloop
  endfacet
  facet normal 0 1 -0
    outer loop
      vertex -84.9121 0 48.2
      vertex -86.9327 0 48.8828
      vertex -84.864 0 48.5655
    endloop
  endfacet
  facet normal 0 1 0
    outer loop
      vertex -84.9121 0 48.2
      vertex -87 0 48.2
      vertex -86.9327 0 48.8828
    endloop
  endfacet
  facet normal 0 1 0
    outer loop
      vertex -86.9327 0 47.5172
      vertex -84.9121 0 48.2
      vertex -84.864 0 47.8345
    endloop
  endfacet
  facet normal 0 1 0
    outer loop
      vertex -84.9121 0 48.2
      vertex -86.9327 0 47.5172
      vertex -87 0 48.2
    endloop
  endfacet
  facet normal 0 1 0
    outer loop
      vertex -86.7336 0 46.8606
      vertex -84.864 0 47.8345
      vertex -84.7229 0 47.494
    endloop
  endfacet
  facet normal 0 1 0
    outer loop
      vertex -86.4101 0 46.2555
      vertex -84.7229 0 47.494
      vertex -84.4985 0 47.2015
    endloop
  endfacet
  facet normal 0 1 0
    outer loop
      vertex -85.4445 0 45.2899
      vertex -84.4985 0 47.2015
      vertex -84.206 0 46.9771
    endloop
  endfacet
  facet normal 0 1 0
    outer loop
      vertex -84.864 0 47.8345
      vertex -86.7336 0 46.8606
      vertex -86.9327 0 47.5172
    endloop
  endfacet
  facet normal 0 1 0
    outer loop
      vertex -84.8394 0 44.9664
      vertex -84.206 0 46.9771
      vertex -83.8655 0 46.836
    endloop
  endfacet
  facet normal 0 1 0
    outer loop
      vertex -84.1828 0 44.7673
      vertex -83.8655 0 46.836
      vertex -83.5 0 46.7879
    endloop
  endfacet
  facet normal 0 1 -0
    outer loop
      vertex -82.1606 0 44.9664
      vertex -82.794 0 46.9771
      vertex -81.5555 0 45.2899
    endloop
  endfacet
  facet normal 0 1 0
    outer loop
      vertex -84.7229 0 47.494
      vertex -86.4101 0 46.2555
      vertex -86.7336 0 46.8606
    endloop
  endfacet
  facet normal 0 1 0
    outer loop
      vertex -82.794 0 46.9771
      vertex -82.1606 0 44.9664
      vertex -83.1345 0 46.836
    endloop
  endfacet
  facet normal 0 1 0
    outer loop
      vertex -84.4985 0 47.2015
      vertex -85.9749 0 45.7251
      vertex -86.4101 0 46.2555
    endloop
  endfacet
  facet normal 0 1 -0
    outer loop
      vertex -82.8172 0 44.7673
      vertex -83.1345 0 46.836
      vertex -82.1606 0 44.9664
    endloop
  endfacet
  facet normal 0 1 0
    outer loop
      vertex -84.4985 0 47.2015
      vertex -85.4445 0 45.2899
      vertex -85.9749 0 45.7251
    endloop
  endfacet
  facet normal 0 1 0
    outer loop
      vertex -83.1345 0 46.836
      vertex -82.8172 0 44.7673
      vertex -83.5 0 46.7879
    endloop
  endfacet
  facet normal 0 1 0
    outer loop
      vertex -84.206 0 46.9771
      vertex -84.8394 0 44.9664
      vertex -85.4445 0 45.2899
    endloop
  endfacet
  facet normal 0 1 0
    outer loop
      vertex -83.5 0 44.7
      vertex -83.5 0 46.7879
      vertex -82.8172 0 44.7673
    endloop
  endfacet
  facet normal 0 1 0
    outer loop
      vertex -83.8655 0 46.836
      vertex -84.1828 0 44.7673
      vertex -84.8394 0 44.9664
    endloop
  endfacet
  facet normal 0 1 0
    outer loop
      vertex -83.5 0 46.7879
      vertex -83.5 0 44.7
      vertex -84.1828 0 44.7673
    endloop
  endfacet
  facet normal 0 0.707107 -0.707107
    outer loop
      vertex -80 -8 153.7
      vertex -87 -8 153.7
      vertex -83.5 0 161.7
    endloop
  endfacet
  facet normal -0.0976563 0 0.99522
    outer loop
      vertex -84.1828 0 168.633
      vertex -83.5 -8 168.7
      vertex -83.5 0 168.7
    endloop
  endfacet
  facet normal -0.0976563 0 0.99522
    outer loop
      vertex -83.5 -8 168.7
      vertex -84.1828 0 168.633
      vertex -84.1828 -8 168.633
    endloop
  endfacet
  facet normal -0.99518 0 0.098061
    outer loop
      vertex -87 -8 165.2
      vertex -86.9327 0 165.883
      vertex -87 0 165.2
    endloop
  endfacet
  facet normal -0.99518 0 0.098061
    outer loop
      vertex -86.9327 0 165.883
      vertex -87 -8 165.2
      vertex -86.9327 -8 165.883
    endloop
  endfacet
  facet normal -0.290048 0 0.957012
    outer loop
      vertex -84.8394 0 168.434
      vertex -84.1828 -8 168.633
      vertex -84.1828 0 168.633
    endloop
  endfacet
  facet normal -0.290048 0 0.957012
    outer loop
      vertex -84.1828 -8 168.633
      vertex -84.8394 0 168.434
      vertex -84.8394 -8 168.434
    endloop
  endfacet
  facet normal 0.290048 0 0.957012
    outer loop
      vertex -82.8172 0 168.633
      vertex -82.1606 -8 168.434
      vertex -82.1606 0 168.434
    endloop
  endfacet
  facet normal 0.290048 0 0.957012
    outer loop
      vertex -82.1606 -8 168.434
      vertex -82.8172 0 168.633
      vertex -82.8172 -8 168.633
    endloop
  endfacet
  facet normal 0.45894 0.690096 -0.559591
    outer loop
      vertex -80 -8 153.7
      vertex -81.5555 0 162.29
      vertex -81.0251 0 162.725
    endloop
  endfacet
  facet normal -1 -0 0
    outer loop
      vertex -87 0 165.2
      vertex -87 -8 153.7
      vertex -87 -8 165.2
    endloop
  endfacet
  facet normal 0.956898 -0 0.290424
    outer loop
      vertex -80.2664 -8 166.539
      vertex -80.0673 0 165.883
      vertex -80.2664 0 166.539
    endloop
  endfacet
  facet normal 0.956898 0 0.290424
    outer loop
      vertex -80.0673 0 165.883
      vertex -80.2664 -8 166.539
      vertex -80.0673 -8 165.883
    endloop
  endfacet
  facet normal 0.599764 0.631391 -0.491558
    outer loop
      vertex -80 -8 153.7
      vertex -81.0251 0 162.725
      vertex -80.5899 0 163.256
    endloop
  endfacet
  facet normal -0.772839 0 0.634603
    outer loop
      vertex -86.4101 -8 167.145
      vertex -85.9749 0 167.675
      vertex -86.4101 0 167.145
    endloop
  endfacet
  facet normal -0.772839 0 0.634603
    outer loop
      vertex -85.9749 0 167.675
      vertex -86.4101 -8 167.145
      vertex -85.9749 -8 167.675
    endloop
  endfacet
  facet normal -0.472039 0 0.881577
    outer loop
      vertex -85.4445 0 168.11
      vertex -84.8394 -8 168.434
      vertex -84.8394 0 168.434
    endloop
  endfacet
  facet normal -0.472039 0 0.881577
    outer loop
      vertex -84.8394 -8 168.434
      vertex -85.4445 0 168.11
      vertex -85.4445 -8 168.11
    endloop
  endfacet
  facet normal 0.882172 -0 0.470928
    outer loop
      vertex -80.5899 -8 167.145
      vertex -80.2664 0 166.539
      vertex -80.5899 0 167.145
    endloop
  endfacet
  facet normal 0.882172 0 0.470928
    outer loop
      vertex -80.2664 0 166.539
      vertex -80.5899 -8 167.145
      vertex -80.2664 -8 166.539
    endloop
  endfacet
  facet normal -0.956898 0 0.290424
    outer loop
      vertex -86.9327 -8 165.883
      vertex -86.7336 0 166.539
      vertex -86.9327 0 165.883
    endloop
  endfacet
  facet normal -0.956898 0 0.290424
    outer loop
      vertex -86.7336 0 166.539
      vertex -86.9327 -8 165.883
      vertex -86.7336 -8 166.539
    endloop
  endfacet
  facet normal 0.0976563 0 0.99522
    outer loop
      vertex -83.5 0 168.7
      vertex -82.8172 -8 168.633
      vertex -82.8172 0 168.633
    endloop
  endfacet
  facet normal 0.0976563 0 0.99522
    outer loop
      vertex -82.8172 -8 168.633
      vertex -83.5 0 168.7
      vertex -83.5 -8 168.7
    endloop
  endfacet
  facet normal 0.772839 -0 0.634603
    outer loop
      vertex -81.0251 -8 167.675
      vertex -80.5899 0 167.145
      vertex -81.0251 0 167.675
    endloop
  endfacet
  facet normal 0.772839 0 0.634603
    outer loop
      vertex -80.5899 0 167.145
      vertex -81.0251 -8 167.675
      vertex -80.5899 -8 167.145
    endloop
  endfacet
  facet normal -0.882172 0 0.470928
    outer loop
      vertex -86.7336 -8 166.539
      vertex -86.4101 0 167.145
      vertex -86.7336 0 166.539
    endloop
  endfacet
  facet normal -0.882172 0 0.470928
    outer loop
      vertex -86.4101 0 167.145
      vertex -86.7336 -8 166.539
      vertex -86.4101 -8 167.145
    endloop
  endfacet
  facet normal -0.45894 0.690096 -0.559591
    outer loop
      vertex -85.4445 0 162.29
      vertex -87 -8 153.7
      vertex -85.9749 0 162.725
    endloop
  endfacet
  facet normal 0.067756 0.720148 -0.690504
    outer loop
      vertex -80 -8 153.7
      vertex -83.5 0 161.7
      vertex -82.8172 0 161.767
    endloop
  endfacet
  facet normal -0.634142 0 0.773216
    outer loop
      vertex -85.9749 0 167.675
      vertex -85.4445 -8 168.11
      vertex -85.4445 0 168.11
    endloop
  endfacet
  facet normal -0.634142 0 0.773216
    outer loop
      vertex -85.4445 -8 168.11
      vertex -85.9749 0 167.675
      vertex -85.9749 -8 167.675
    endloop
  endfacet
  facet normal -0.888231 0.371983 -0.269583
    outer loop
      vertex -86.7336 0 163.861
      vertex -87 -8 153.7
      vertex -86.9327 0 164.517
    endloop
  endfacet
  facet normal -0.746705 0.53199 -0.399271
    outer loop
      vertex -86.4101 0 163.256
      vertex -87 -8 153.7
      vertex -86.7336 0 163.861
    endloop
  endfacet
  facet normal 0.888231 0.371983 -0.269583
    outer loop
      vertex -80 -8 153.7
      vertex -80.2664 0 163.861
      vertex -80.0673 0 164.517
    endloop
  endfacet
  facet normal 0.99518 -0 0.098061
    outer loop
      vertex -80.0673 -8 165.883
      vertex -80 0 165.2
      vertex -80.0673 0 165.883
    endloop
  endfacet
  facet normal 0.99518 0 0.098061
    outer loop
      vertex -80 0 165.2
      vertex -80.0673 -8 165.883
      vertex -80 -8 165.2
    endloop
  endfacet
  facet normal 0.985438 0.139583 -0.097101
    outer loop
      vertex -80 -8 153.7
      vertex -80.0673 0 164.517
      vertex -80 0 165.2
    endloop
  endfacet
  facet normal 0.472039 0 0.881577
    outer loop
      vertex -82.1606 0 168.434
      vertex -81.5555 -8 168.11
      vertex -81.5555 0 168.11
    endloop
  endfacet
  facet normal 0.472039 0 0.881577
    outer loop
      vertex -81.5555 -8 168.11
      vertex -82.1606 0 168.434
      vertex -82.1606 -8 168.434
    endloop
  endfacet
  facet normal 0.198326 0.729697 -0.654376
    outer loop
      vertex -80 -8 153.7
      vertex -82.8172 0 161.767
      vertex -82.1606 0 161.966
    endloop
  endfacet
  facet normal 1 -0 0
    outer loop
      vertex -80 -8 165.2
      vertex -80 -8 153.7
      vertex -80 0 165.2
    endloop
  endfacet
  facet normal 0.746705 0.53199 -0.399271
    outer loop
      vertex -80 -8 153.7
      vertex -80.5899 0 163.256
      vertex -80.2664 0 163.861
    endloop
  endfacet
  facet normal 0.32744 0.720292 -0.611525
    outer loop
      vertex -80 -8 153.7
      vertex -82.1606 0 161.966
      vertex -81.5555 0 162.29
    endloop
  endfacet
  facet normal -0.32744 0.720292 -0.611525
    outer loop
      vertex -84.8394 0 161.966
      vertex -87 -8 153.7
      vertex -85.4445 0 162.29
    endloop
  endfacet
  facet normal -0.599764 0.631391 -0.491558
    outer loop
      vertex -85.9749 0 162.725
      vertex -87 -8 153.7
      vertex -86.4101 0 163.256
    endloop
  endfacet
  facet normal -0.198326 0.729697 -0.654376
    outer loop
      vertex -84.1828 0 161.767
      vertex -87 -8 153.7
      vertex -84.8394 0 161.966
    endloop
  endfacet
  facet normal -0.067756 0.720148 -0.690504
    outer loop
      vertex -83.5 0 161.7
      vertex -87 -8 153.7
      vertex -84.1828 0 161.767
    endloop
  endfacet
  facet normal 0.634142 0 0.773216
    outer loop
      vertex -81.5555 0 168.11
      vertex -81.0251 -8 167.675
      vertex -81.0251 0 167.675
    endloop
  endfacet
  facet normal 0.634142 0 0.773216
    outer loop
      vertex -81.0251 -8 167.675
      vertex -81.5555 0 168.11
      vertex -81.5555 -8 168.11
    endloop
  endfacet
  facet normal -0.985438 0.139583 -0.097101
    outer loop
      vertex -86.9327 0 164.517
      vertex -87 -8 153.7
      vertex -87 0 165.2
    endloop
  endfacet
  facet normal 0 1 0
    outer loop
      vertex -83.5 0 166.612
      vertex -83.5 0 168.7
      vertex -82.8172 0 168.633
    endloop
  endfacet
  facet normal 0 1 0
    outer loop
      vertex -83.1345 0 166.564
      vertex -82.8172 0 168.633
      vertex -82.1606 0 168.434
    endloop
  endfacet
  facet normal 0 1 0
    outer loop
      vertex -83.5 0 168.7
      vertex -83.5 0 166.612
      vertex -84.1828 0 168.633
    endloop
  endfacet
  facet normal 0 1 0
    outer loop
      vertex -82.794 0 166.423
      vertex -82.1606 0 168.434
      vertex -81.5555 0 168.11
    endloop
  endfacet
  facet normal 0 1 -0
    outer loop
      vertex -83.8655 0 166.564
      vertex -84.1828 0 168.633
      vertex -83.5 0 166.612
    endloop
  endfacet
  facet normal 0 1 0
    outer loop
      vertex -82.5015 0 166.198
      vertex -81.5555 0 168.11
      vertex -81.0251 0 167.675
    endloop
  endfacet
  facet normal 0 1 0
    outer loop
      vertex -84.1828 0 168.633
      vertex -83.8655 0 166.564
      vertex -84.8394 0 168.434
    endloop
  endfacet
  facet normal 0 1 0
    outer loop
      vertex -82.5015 0 166.198
      vertex -81.0251 0 167.675
      vertex -80.5899 0 167.145
    endloop
  endfacet
  facet normal 0 1 -0
    outer loop
      vertex -84.206 0 166.423
      vertex -84.8394 0 168.434
      vertex -83.8655 0 166.564
    endloop
  endfacet
  facet normal 0 1 0
    outer loop
      vertex -84.8394 0 168.434
      vertex -84.206 0 166.423
      vertex -85.4445 0 168.11
    endloop
  endfacet
  facet normal 0 1 0
    outer loop
      vertex -82.8172 0 168.633
      vertex -83.1345 0 166.564
      vertex -83.5 0 166.612
    endloop
  endfacet
  facet normal 0 1 0
    outer loop
      vertex -82.2771 0 165.906
      vertex -80.5899 0 167.145
      vertex -80.2664 0 166.539
    endloop
  endfacet
  facet normal 0 1 0
    outer loop
      vertex -82.1606 0 168.434
      vertex -82.794 0 166.423
      vertex -83.1345 0 166.564
    endloop
  endfacet
  facet normal 0 1 0
    outer loop
      vertex -81.5555 0 168.11
      vertex -82.5015 0 166.198
      vertex -82.794 0 166.423
    endloop
  endfacet
  facet normal 0 1 0
    outer loop
      vertex -80.5899 0 167.145
      vertex -82.2771 0 165.906
      vertex -82.5015 0 166.198
    endloop
  endfacet
  facet normal 0 1 0
    outer loop
      vertex -82.136 0 165.565
      vertex -80.2664 0 166.539
      vertex -80.0673 0 165.883
    endloop
  endfacet
  facet normal 0 1 0
    outer loop
      vertex -80.2664 0 166.539
      vertex -82.136 0 165.565
      vertex -82.2771 0 165.906
    endloop
  endfacet
  facet normal 0 1 0
    outer loop
      vertex -82.0879 0 165.2
      vertex -80.0673 0 165.883
      vertex -80 0 165.2
    endloop
  endfacet
  facet normal 0 1 0
    outer loop
      vertex -80.0673 0 165.883
      vertex -82.0879 0 165.2
      vertex -82.136 0 165.565
    endloop
  endfacet
  facet normal 0 1 -0
    outer loop
      vertex -80.0673 0 164.517
      vertex -82.0879 0 165.2
      vertex -80 0 165.2
    endloop
  endfacet
  facet normal 0 1 0
    outer loop
      vertex -82.0879 0 165.2
      vertex -80.0673 0 164.517
      vertex -82.136 0 164.835
    endloop
  endfacet
  facet normal 0 1 -0
    outer loop
      vertex -80.2664 0 163.861
      vertex -82.136 0 164.835
      vertex -80.0673 0 164.517
    endloop
  endfacet
  facet normal 0 1 0
    outer loop
      vertex -82.136 0 164.835
      vertex -80.2664 0 163.861
      vertex -82.2771 0 164.494
    endloop
  endfacet
  facet normal 0 1 -0
    outer loop
      vertex -80.5899 0 163.256
      vertex -82.2771 0 164.494
      vertex -80.2664 0 163.861
    endloop
  endfacet
  facet normal 0 1 0
    outer loop
      vertex -82.2771 0 164.494
      vertex -80.5899 0 163.256
      vertex -82.5015 0 164.202
    endloop
  endfacet
  facet normal 0 1 -0
    outer loop
      vertex -81.0251 0 162.725
      vertex -82.5015 0 164.202
      vertex -80.5899 0 163.256
    endloop
  endfacet
  facet normal 0 1 -0
    outer loop
      vertex -81.5555 0 162.29
      vertex -82.5015 0 164.202
      vertex -81.0251 0 162.725
    endloop
  endfacet
  facet normal 0 1 0
    outer loop
      vertex -82.5015 0 164.202
      vertex -81.5555 0 162.29
      vertex -82.794 0 163.977
    endloop
  endfacet
  facet normal 0 1 -0
    outer loop
      vertex -84.4985 0 166.198
      vertex -85.4445 0 168.11
      vertex -84.206 0 166.423
    endloop
  endfacet
  facet normal 0 1 0
    outer loop
      vertex -85.4445 0 168.11
      vertex -84.4985 0 166.198
      vertex -85.9749 0 167.675
    endloop
  endfacet
  facet normal 0 1 0
    outer loop
      vertex -85.9749 0 167.675
      vertex -84.4985 0 166.198
      vertex -86.4101 0 167.145
    endloop
  endfacet
  facet normal 0 1 -0
    outer loop
      vertex -84.7229 0 165.906
      vertex -86.4101 0 167.145
      vertex -84.4985 0 166.198
    endloop
  endfacet
  facet normal 0 1 0
    outer loop
      vertex -86.4101 0 167.145
      vertex -84.7229 0 165.906
      vertex -86.7336 0 166.539
    endloop
  endfacet
  facet normal 0 1 -0
    outer loop
      vertex -84.864 0 165.565
      vertex -86.7336 0 166.539
      vertex -84.7229 0 165.906
    endloop
  endfacet
  facet normal 0 1 0
    outer loop
      vertex -86.7336 0 166.539
      vertex -84.864 0 165.565
      vertex -86.9327 0 165.883
    endloop
  endfacet
  facet normal 0 1 -0
    outer loop
      vertex -84.9121 0 165.2
      vertex -86.9327 0 165.883
      vertex -84.864 0 165.565
    endloop
  endfacet
  facet normal 0 1 0
    outer loop
      vertex -84.9121 0 165.2
      vertex -87 0 165.2
      vertex -86.9327 0 165.883
    endloop
  endfacet
  facet normal 0 1 0
    outer loop
      vertex -86.9327 0 164.517
      vertex -84.9121 0 165.2
      vertex -84.864 0 164.835
    endloop
  endfacet
  facet normal 0 1 0
    outer loop
      vertex -84.9121 0 165.2
      vertex -86.9327 0 164.517
      vertex -87 0 165.2
    endloop
  endfacet
  facet normal 0 1 0
    outer loop
      vertex -86.7336 0 163.861
      vertex -84.864 0 164.835
      vertex -84.7229 0 164.494
    endloop
  endfacet
  facet normal 0 1 0
    outer loop
      vertex -86.4101 0 163.256
      vertex -84.7229 0 164.494
      vertex -84.4985 0 164.202
    endloop
  endfacet
  facet normal 0 1 0
    outer loop
      vertex -85.4445 0 162.29
      vertex -84.4985 0 164.202
      vertex -84.206 0 163.977
    endloop
  endfacet
  facet normal 0 1 0
    outer loop
      vertex -84.864 0 164.835
      vertex -86.7336 0 163.861
      vertex -86.9327 0 164.517
    endloop
  endfacet
  facet normal 0 1 0
    outer loop
      vertex -84.8394 0 161.966
      vertex -84.206 0 163.977
      vertex -83.8655 0 163.836
    endloop
  endfacet
  facet normal 0 1 0
    outer loop
      vertex -84.1828 0 161.767
      vertex -83.8655 0 163.836
      vertex -83.5 0 163.788
    endloop
  endfacet
  facet normal 0 1 -0
    outer loop
      vertex -82.1606 0 161.966
      vertex -82.794 0 163.977
      vertex -81.5555 0 162.29
    endloop
  endfacet
  facet normal 0 1 0
    outer loop
      vertex -84.7229 0 164.494
      vertex -86.4101 0 163.256
      vertex -86.7336 0 163.861
    endloop
  endfacet
  facet normal 0 1 0
    outer loop
      vertex -82.794 0 163.977
      vertex -82.1606 0 161.966
      vertex -83.1345 0 163.836
    endloop
  endfacet
  facet normal 0 1 0
    outer loop
      vertex -84.4985 0 164.202
      vertex -85.9749 0 162.725
      vertex -86.4101 0 163.256
    endloop
  endfacet
  facet normal 0 1 -0
    outer loop
      vertex -82.8172 0 161.767
      vertex -83.1345 0 163.836
      vertex -82.1606 0 161.966
    endloop
  endfacet
  facet normal 0 1 0
    outer loop
      vertex -84.4985 0 164.202
      vertex -85.4445 0 162.29
      vertex -85.9749 0 162.725
    endloop
  endfacet
  facet normal 0 1 0
    outer loop
      vertex -83.1345 0 163.836
      vertex -82.8172 0 161.767
      vertex -83.5 0 163.788
    endloop
  endfacet
  facet normal 0 1 0
    outer loop
      vertex -84.206 0 163.977
      vertex -84.8394 0 161.966
      vertex -85.4445 0 162.29
    endloop
  endfacet
  facet normal 0 1 0
    outer loop
      vertex -83.5 0 161.7
      vertex -83.5 0 163.788
      vertex -82.8172 0 161.767
    endloop
  endfacet
  facet normal 0 1 0
    outer loop
      vertex -83.8655 0 163.836
      vertex -84.1828 0 161.767
      vertex -84.8394 0 161.966
    endloop
  endfacet
  facet normal 0 1 0
    outer loop
      vertex -83.5 0 163.788
      vertex -83.5 0 161.7
      vertex -84.1828 0 161.767
    endloop
  endfacet
  facet normal -0.290181 0 0.956972
    outer loop
      vertex 82.1606 0 51.4336
      vertex 82.8172 -8 51.6327
      vertex 82.8172 0 51.6327
    endloop
  endfacet
  facet normal -0.290181 0 0.956972
    outer loop
      vertex 82.8172 -8 51.6327
      vertex 82.1606 0 51.4336
      vertex 82.1606 -8 51.4336
    endloop
  endfacet
  facet normal 0.888397 0.371726 -0.269388
    outer loop
      vertex 87 -8 36.7
      vertex 86.7336 0 46.8606
      vertex 86.9327 0 47.5172
    endloop
  endfacet
  facet normal -1 -0 0
    outer loop
      vertex 80 0 48.2
      vertex 80 -8 36.7
      vertex 80 -8 48.2
    endloop
  endfacet
  facet normal 0.0980894 0 0.995178
    outer loop
      vertex 83.5 0 51.7
      vertex 84.1828 -8 51.6327
      vertex 84.1828 0 51.6327
    endloop
  endfacet
  facet normal 0.0980894 0 0.995178
    outer loop
      vertex 84.1828 -8 51.6327
      vertex 83.5 0 51.7
      vertex 83.5 -8 51.7
    endloop
  endfacet
  facet normal -0.634317 0 0.773073
    outer loop
      vertex 81.0251 0 50.6749
      vertex 81.5555 -8 51.1101
      vertex 81.5555 0 51.1101
    endloop
  endfacet
  facet normal -0.634317 0 0.773073
    outer loop
      vertex 81.5555 -8 51.1101
      vertex 81.0251 0 50.6749
      vertex 81.0251 -8 50.6749
    endloop
  endfacet
  facet normal -0.956972 0 0.290181
    outer loop
      vertex 80.0673 -8 48.8828
      vertex 80.2664 0 49.5394
      vertex 80.0673 0 48.8828
    endloop
  endfacet
  facet normal -0.956972 0 0.290181
    outer loop
      vertex 80.2664 0 49.5394
      vertex 80.0673 -8 48.8828
      vertex 80.2664 -8 49.5394
    endloop
  endfacet
  facet normal -0.773073 0 0.634317
    outer loop
      vertex 80.5899 -8 50.1445
      vertex 81.0251 0 50.6749
      vertex 80.5899 0 50.1445
    endloop
  endfacet
  facet normal -0.773073 0 0.634317
    outer loop
      vertex 81.0251 0 50.6749
      vertex 80.5899 -8 50.1445
      vertex 81.0251 -8 50.6749
    endloop
  endfacet
  facet normal -0.0680515 0.720197 -0.690424
    outer loop
      vertex 83.5 0 44.7
      vertex 80 -8 36.7
      vertex 82.8172 0 44.7673
    endloop
  endfacet
  facet normal 0.88188 -0 0.471473
    outer loop
      vertex 86.4101 -8 50.1445
      vertex 86.7336 0 49.5394
      vertex 86.4101 0 50.1445
    endloop
  endfacet
  facet normal 0.88188 0 0.471473
    outer loop
      vertex 86.7336 0 49.5394
      vertex 86.4101 -8 50.1445
      vertex 86.7336 -8 49.5394
    endloop
  endfacet
  facet normal -0.471473 0 0.88188
    outer loop
      vertex 81.5555 0 51.1101
      vertex 82.1606 -8 51.4336
      vertex 82.1606 0 51.4336
    endloop
  endfacet
  facet normal -0.471473 0 0.88188
    outer loop
      vertex 82.1606 -8 51.4336
      vertex 81.5555 0 51.1101
      vertex 81.5555 -8 51.1101
    endloop
  endfacet
  facet normal -0.459096 0.690047 -0.559523
    outer loop
      vertex 81.5555 0 45.2899
      vertex 80 -8 36.7
      vertex 81.0251 0 45.7251
    endloop
  endfacet
  facet normal -0.198413 0.729711 -0.654335
    outer loop
      vertex 82.8172 0 44.7673
      vertex 80 -8 36.7
      vertex 82.1606 0 44.9664
    endloop
  endfacet
  facet normal 0.746766 0.53193 -0.399238
    outer loop
      vertex 87 -8 36.7
      vertex 86.4101 0 46.2555
      vertex 86.7336 0 46.8606
    endloop
  endfacet
  facet normal 4.44526e-05 0.707117 -0.707097
    outer loop
      vertex 87 -8 36.7
      vertex 85.5 -6.02576 38.6742
      vertex 83.5 0 44.7
    endloop
  endfacet
  facet normal 0 0.7071 -0.707114
    outer loop
      vertex 85.5 -6.02576 38.6742
      vertex 87 -8 36.7
      vertex 85.5 -8 36.7
    endloop
  endfacet
  facet normal 0 0.707109 -0.707104
    outer loop
      vertex 81.5 -6.02576 38.6742
      vertex 83.5 0 44.7
      vertex 85.5 -6.02576 38.6742
    endloop
  endfacet
  facet normal -4.44526e-05 0.707117 -0.707097
    outer loop
      vertex 81.5 -6.02576 38.6742
      vertex 80 -8 36.7
      vertex 83.5 0 44.7
    endloop
  endfacet
  facet normal 0 0.7071 -0.707114
    outer loop
      vertex 80 -8 36.7
      vertex 81.5 -6.02576 38.6742
      vertex 81.5 -8 36.7
    endloop
  endfacet
  facet normal 0.956972 -0 0.290181
    outer loop
      vertex 86.7336 -8 49.5394
      vertex 86.9327 0 48.8828
      vertex 86.7336 0 49.5394
    endloop
  endfacet
  facet normal 0.956972 0 0.290181
    outer loop
      vertex 86.9327 0 48.8828
      vertex 86.7336 -8 49.5394
      vertex 86.9327 -8 48.8828
    endloop
  endfacet
  facet normal -0.888397 0.371726 -0.269388
    outer loop
      vertex 80.2664 0 46.8606
      vertex 80 -8 36.7
      vertex 80.0673 0 47.5172
    endloop
  endfacet
  facet normal -0.98543 0.139622 -0.0971286
    outer loop
      vertex 80.0673 0 47.5172
      vertex 80 -8 36.7
      vertex 80 0 48.2
    endloop
  endfacet
  facet normal -0.995178 0 0.0980894
    outer loop
      vertex 80 -8 48.2
      vertex 80.0673 0 48.8828
      vertex 80 0 48.2
    endloop
  endfacet
  facet normal -0.995178 0 0.0980894
    outer loop
      vertex 80.0673 0 48.8828
      vertex 80 -8 48.2
      vertex 80.0673 -8 48.8828
    endloop
  endfacet
  facet normal 0.773073 -0 0.634317
    outer loop
      vertex 85.9749 -8 50.6749
      vertex 86.4101 0 50.1445
      vertex 85.9749 0 50.6749
    endloop
  endfacet
  facet normal 0.773073 0 0.634317
    outer loop
      vertex 86.4101 0 50.1445
      vertex 85.9749 -8 50.6749
      vertex 86.4101 -8 50.1445
    endloop
  endfacet
  facet normal 0.459096 0.690047 -0.559523
    outer loop
      vertex 87 -8 36.7
      vertex 85.4445 0 45.2899
      vertex 85.9749 0 45.7251
    endloop
  endfacet
  facet normal 0.290181 0 0.956972
    outer loop
      vertex 84.1828 0 51.6327
      vertex 84.8394 -8 51.4336
      vertex 84.8394 0 51.4336
    endloop
  endfacet
  facet normal 0.290181 0 0.956972
    outer loop
      vertex 84.8394 -8 51.4336
      vertex 84.1828 0 51.6327
      vertex 84.1828 -8 51.6327
    endloop
  endfacet
  facet normal 1 -0 0
    outer loop
      vertex 87 -8 48.2
      vertex 87 -8 36.7
      vertex 87 0 48.2
    endloop
  endfacet
  facet normal 0.634317 0 0.773073
    outer loop
      vertex 85.4445 0 51.1101
      vertex 85.9749 -8 50.6749
      vertex 85.9749 0 50.6749
    endloop
  endfacet
  facet normal 0.634317 0 0.773073
    outer loop
      vertex 85.9749 -8 50.6749
      vertex 85.4445 0 51.1101
      vertex 85.4445 -8 51.1101
    endloop
  endfacet
  facet normal -0.746766 0.53193 -0.399238
    outer loop
      vertex 80.5899 0 46.2555
      vertex 80 -8 36.7
      vertex 80.2664 0 46.8606
    endloop
  endfacet
  facet normal -0.0980894 0 0.995178
    outer loop
      vertex 82.8172 0 51.6327
      vertex 83.5 -8 51.7
      vertex 83.5 0 51.7
    endloop
  endfacet
  facet normal -0.0980894 0 0.995178
    outer loop
      vertex 83.5 -8 51.7
      vertex 82.8172 0 51.6327
      vertex 82.8172 -8 51.6327
    endloop
  endfacet
  facet normal 0 1 0
    outer loop
      vertex 83.5 0 49.6121
      vertex 83.5 0 51.7
      vertex 84.1828 0 51.6327
    endloop
  endfacet
  facet normal 0 1 0
    outer loop
      vertex 83.8655 0 49.564
      vertex 84.1828 0 51.6327
      vertex 84.8394 0 51.4336
    endloop
  endfacet
  facet normal 0 1 0
    outer loop
      vertex 83.5 0 51.7
      vertex 83.5 0 49.6121
      vertex 82.8172 0 51.6327
    endloop
  endfacet
  facet normal 0 1 0
    outer loop
      vertex 84.206 0 49.4229
      vertex 84.8394 0 51.4336
      vertex 85.4445 0 51.1101
    endloop
  endfacet
  facet normal 0 1 -0
    outer loop
      vertex 83.1345 0 49.564
      vertex 82.8172 0 51.6327
      vertex 83.5 0 49.6121
    endloop
  endfacet
  facet normal 0 1 0
    outer loop
      vertex 84.4985 0 49.1985
      vertex 85.4445 0 51.1101
      vertex 85.9749 0 50.6749
    endloop
  endfacet
  facet normal 0 1 0
    outer loop
      vertex 82.8172 0 51.6327
      vertex 83.1345 0 49.564
      vertex 82.1606 0 51.4336
    endloop
  endfacet
  facet normal 0 1 0
    outer loop
      vertex 84.4985 0 49.1985
      vertex 85.9749 0 50.6749
      vertex 86.4101 0 50.1445
    endloop
  endfacet
  facet normal 0 1 -0
    outer loop
      vertex 82.794 0 49.4229
      vertex 82.1606 0 51.4336
      vertex 83.1345 0 49.564
    endloop
  endfacet
  facet normal 0 1 0
    outer loop
      vertex 82.1606 0 51.4336
      vertex 82.794 0 49.4229
      vertex 81.5555 0 51.1101
    endloop
  endfacet
  facet normal 0 1 0
    outer loop
      vertex 84.1828 0 51.6327
      vertex 83.8655 0 49.564
      vertex 83.5 0 49.6121
    endloop
  endfacet
  facet normal 0 1 0
    outer loop
      vertex 84.7229 0 48.906
      vertex 86.4101 0 50.1445
      vertex 86.7336 0 49.5394
    endloop
  endfacet
  facet normal 0 1 0
    outer loop
      vertex 84.8394 0 51.4336
      vertex 84.206 0 49.4229
      vertex 83.8655 0 49.564
    endloop
  endfacet
  facet normal 0 1 0
    outer loop
      vertex 85.4445 0 51.1101
      vertex 84.4985 0 49.1985
      vertex 84.206 0 49.4229
    endloop
  endfacet
  facet normal 0 1 0
    outer loop
      vertex 86.4101 0 50.1445
      vertex 84.7229 0 48.906
      vertex 84.4985 0 49.1985
    endloop
  endfacet
  facet normal 0 1 0
    outer loop
      vertex 84.864 0 48.5655
      vertex 86.7336 0 49.5394
      vertex 86.9327 0 48.8828
    endloop
  endfacet
  facet normal 0 1 0
    outer loop
      vertex 86.7336 0 49.5394
      vertex 84.864 0 48.5655
      vertex 84.7229 0 48.906
    endloop
  endfacet
  facet normal 0 1 0
    outer loop
      vertex 84.9121 0 48.2
      vertex 86.9327 0 48.8828
      vertex 87 0 48.2
    endloop
  endfacet
  facet normal 0 1 0
    outer loop
      vertex 86.9327 0 48.8828
      vertex 84.9121 0 48.2
      vertex 84.864 0 48.5655
    endloop
  endfacet
  facet normal 0 1 -0
    outer loop
      vertex 86.9327 0 47.5172
      vertex 84.9121 0 48.2
      vertex 87 0 48.2
    endloop
  endfacet
  facet normal 0 1 0
    outer loop
      vertex 84.9121 0 48.2
      vertex 86.9327 0 47.5172
      vertex 84.864 0 47.8345
    endloop
  endfacet
  facet normal 0 1 -0
    outer loop
      vertex 86.7336 0 46.8606
      vertex 84.864 0 47.8345
      vertex 86.9327 0 47.5172
    endloop
  endfacet
  facet normal 0 1 0
    outer loop
      vertex 84.864 0 47.8345
      vertex 86.7336 0 46.8606
      vertex 84.7229 0 47.494
    endloop
  endfacet
  facet normal 0 1 -0
    outer loop
      vertex 86.4101 0 46.2555
      vertex 84.7229 0 47.494
      vertex 86.7336 0 46.8606
    endloop
  endfacet
  facet normal 0 1 0
    outer loop
      vertex 84.7229 0 47.494
      vertex 86.4101 0 46.2555
      vertex 84.4985 0 47.2015
    endloop
  endfacet
  facet normal 0 1 -0
    outer loop
      vertex 85.9749 0 45.7251
      vertex 84.4985 0 47.2015
      vertex 86.4101 0 46.2555
    endloop
  endfacet
  facet normal 0 1 -0
    outer loop
      vertex 85.4445 0 45.2899
      vertex 84.4985 0 47.2015
      vertex 85.9749 0 45.7251
    endloop
  endfacet
  facet normal 0 1 0
    outer loop
      vertex 84.4985 0 47.2015
      vertex 85.4445 0 45.2899
      vertex 84.206 0 46.9771
    endloop
  endfacet
  facet normal 0 1 -0
    outer loop
      vertex 82.5015 0 49.1985
      vertex 81.5555 0 51.1101
      vertex 82.794 0 49.4229
    endloop
  endfacet
  facet normal 0 1 0
    outer loop
      vertex 81.5555 0 51.1101
      vertex 82.5015 0 49.1985
      vertex 81.0251 0 50.6749
    endloop
  endfacet
  facet normal 0 1 0
    outer loop
      vertex 81.0251 0 50.6749
      vertex 82.5015 0 49.1985
      vertex 80.5899 0 50.1445
    endloop
  endfacet
  facet normal 0 1 -0
    outer loop
      vertex 82.2771 0 48.906
      vertex 80.5899 0 50.1445
      vertex 82.5015 0 49.1985
    endloop
  endfacet
  facet normal 0 1 0
    outer loop
      vertex 80.5899 0 50.1445
      vertex 82.2771 0 48.906
      vertex 80.2664 0 49.5394
    endloop
  endfacet
  facet normal 0 1 -0
    outer loop
      vertex 82.136 0 48.5655
      vertex 80.2664 0 49.5394
      vertex 82.2771 0 48.906
    endloop
  endfacet
  facet normal 0 1 0
    outer loop
      vertex 80.2664 0 49.5394
      vertex 82.136 0 48.5655
      vertex 80.0673 0 48.8828
    endloop
  endfacet
  facet normal 0 1 -0
    outer loop
      vertex 82.0879 0 48.2
      vertex 80.0673 0 48.8828
      vertex 82.136 0 48.5655
    endloop
  endfacet
  facet normal 0 1 0
    outer loop
      vertex 82.0879 0 48.2
      vertex 80 0 48.2
      vertex 80.0673 0 48.8828
    endloop
  endfacet
  facet normal 0 1 0
    outer loop
      vertex 80.0673 0 47.5172
      vertex 82.0879 0 48.2
      vertex 82.136 0 47.8345
    endloop
  endfacet
  facet normal 0 1 0
    outer loop
      vertex 82.0879 0 48.2
      vertex 80.0673 0 47.5172
      vertex 80 0 48.2
    endloop
  endfacet
  facet normal 0 1 0
    outer loop
      vertex 80.2664 0 46.8606
      vertex 82.136 0 47.8345
      vertex 82.2771 0 47.494
    endloop
  endfacet
  facet normal 0 1 0
    outer loop
      vertex 80.5899 0 46.2555
      vertex 82.2771 0 47.494
      vertex 82.5015 0 47.2015
    endloop
  endfacet
  facet normal 0 1 0
    outer loop
      vertex 81.5555 0 45.2899
      vertex 82.5015 0 47.2015
      vertex 82.794 0 46.9771
    endloop
  endfacet
  facet normal 0 1 0
    outer loop
      vertex 82.136 0 47.8345
      vertex 80.2664 0 46.8606
      vertex 80.0673 0 47.5172
    endloop
  endfacet
  facet normal 0 1 0
    outer loop
      vertex 82.1606 0 44.9664
      vertex 82.794 0 46.9771
      vertex 83.1345 0 46.836
    endloop
  endfacet
  facet normal 0 1 0
    outer loop
      vertex 82.8172 0 44.7673
      vertex 83.1345 0 46.836
      vertex 83.5 0 46.7879
    endloop
  endfacet
  facet normal 0 1 -0
    outer loop
      vertex 84.8394 0 44.9664
      vertex 84.206 0 46.9771
      vertex 85.4445 0 45.2899
    endloop
  endfacet
  facet normal 0 1 0
    outer loop
      vertex 82.2771 0 47.494
      vertex 80.5899 0 46.2555
      vertex 80.2664 0 46.8606
    endloop
  endfacet
  facet normal 0 1 0
    outer loop
      vertex 84.206 0 46.9771
      vertex 84.8394 0 44.9664
      vertex 83.8655 0 46.836
    endloop
  endfacet
  facet normal 0 1 0
    outer loop
      vertex 82.5015 0 47.2015
      vertex 81.0251 0 45.7251
      vertex 80.5899 0 46.2555
    endloop
  endfacet
  facet normal 0 1 -0
    outer loop
      vertex 84.1828 0 44.7673
      vertex 83.8655 0 46.836
      vertex 84.8394 0 44.9664
    endloop
  endfacet
  facet normal 0 1 0
    outer loop
      vertex 82.5015 0 47.2015
      vertex 81.5555 0 45.2899
      vertex 81.0251 0 45.7251
    endloop
  endfacet
  facet normal 0 1 0
    outer loop
      vertex 83.8655 0 46.836
      vertex 84.1828 0 44.7673
      vertex 83.5 0 46.7879
    endloop
  endfacet
  facet normal 0 1 0
    outer loop
      vertex 82.794 0 46.9771
      vertex 82.1606 0 44.9664
      vertex 81.5555 0 45.2899
    endloop
  endfacet
  facet normal 0 1 0
    outer loop
      vertex 83.5 0 44.7
      vertex 83.5 0 46.7879
      vertex 84.1828 0 44.7673
    endloop
  endfacet
  facet normal 0 1 0
    outer loop
      vertex 83.1345 0 46.836
      vertex 82.8172 0 44.7673
      vertex 82.1606 0 44.9664
    endloop
  endfacet
  facet normal 0 1 0
    outer loop
      vertex 83.5 0 46.7879
      vertex 83.5 0 44.7
      vertex 82.8172 0 44.7673
    endloop
  endfacet
  facet normal 0.59936 0.631599 -0.491783
    outer loop
      vertex 87 -8 36.7
      vertex 85.9749 0 45.7251
      vertex 86.4101 0 46.2555
    endloop
  endfacet
  facet normal 0.98543 0.139622 -0.0971286
    outer loop
      vertex 87 -8 36.7
      vertex 86.9327 0 47.5172
      vertex 87 0 48.2
    endloop
  endfacet
  facet normal -0.327014 0.72036 -0.611673
    outer loop
      vertex 82.1606 0 44.9664
      vertex 80 -8 36.7
      vertex 81.5555 0 45.2899
    endloop
  endfacet
  facet normal 0.995178 -0 0.0980894
    outer loop
      vertex 86.9327 -8 48.8828
      vertex 87 0 48.2
      vertex 86.9327 0 48.8828
    endloop
  endfacet
  facet normal 0.995178 0 0.0980894
    outer loop
      vertex 87 0 48.2
      vertex 86.9327 -8 48.8828
      vertex 87 -8 48.2
    endloop
  endfacet
  facet normal -0.59936 0.631599 -0.491783
    outer loop
      vertex 81.0251 0 45.7251
      vertex 80 -8 36.7
      vertex 80.5899 0 46.2555
    endloop
  endfacet
  facet normal -0.88188 0 0.471473
    outer loop
      vertex 80.2664 -8 49.5394
      vertex 80.5899 0 50.1445
      vertex 80.2664 0 49.5394
    endloop
  endfacet
  facet normal -0.88188 0 0.471473
    outer loop
      vertex 80.5899 0 50.1445
      vertex 80.2664 -8 49.5394
      vertex 80.5899 -8 50.1445
    endloop
  endfacet
  facet normal 0.327014 0.72036 -0.611673
    outer loop
      vertex 87 -8 36.7
      vertex 84.8394 0 44.9664
      vertex 85.4445 0 45.2899
    endloop
  endfacet
  facet normal 0.0680515 0.720197 -0.690424
    outer loop
      vertex 87 -8 36.7
      vertex 83.5 0 44.7
      vertex 84.1828 0 44.7673
    endloop
  endfacet
  facet normal 0.471473 0 0.88188
    outer loop
      vertex 84.8394 0 51.4336
      vertex 85.4445 -8 51.1101
      vertex 85.4445 0 51.1101
    endloop
  endfacet
  facet normal 0.471473 0 0.88188
    outer loop
      vertex 85.4445 -8 51.1101
      vertex 84.8394 0 51.4336
      vertex 84.8394 -8 51.4336
    endloop
  endfacet
  facet normal 0.198413 0.729711 -0.654335
    outer loop
      vertex 87 -8 36.7
      vertex 84.1828 0 44.7673
      vertex 84.8394 0 44.9664
    endloop
  endfacet
  facet normal 0 0.707107 -0.707107
    outer loop
      vertex 87 -8 153.7
      vertex 80 -8 153.7
      vertex 83.5 0 161.7
    endloop
  endfacet
  facet normal -0.0976563 0 0.99522
    outer loop
      vertex 82.8172 0 168.633
      vertex 83.5 -8 168.7
      vertex 83.5 0 168.7
    endloop
  endfacet
  facet normal -0.0976563 0 0.99522
    outer loop
      vertex 83.5 -8 168.7
      vertex 82.8172 0 168.633
      vertex 82.8172 -8 168.633
    endloop
  endfacet
  facet normal -0.99518 0 0.098061
    outer loop
      vertex 80 -8 165.2
      vertex 80.0673 0 165.883
      vertex 80 0 165.2
    endloop
  endfacet
  facet normal -0.99518 0 0.098061
    outer loop
      vertex 80.0673 0 165.883
      vertex 80 -8 165.2
      vertex 80.0673 -8 165.883
    endloop
  endfacet
  facet normal -0.290048 0 0.957012
    outer loop
      vertex 82.1606 0 168.434
      vertex 82.8172 -8 168.633
      vertex 82.8172 0 168.633
    endloop
  endfacet
  facet normal -0.290048 0 0.957012
    outer loop
      vertex 82.8172 -8 168.633
      vertex 82.1606 0 168.434
      vertex 82.1606 -8 168.434
    endloop
  endfacet
  facet normal 0.290048 0 0.957012
    outer loop
      vertex 84.1828 0 168.633
      vertex 84.8394 -8 168.434
      vertex 84.8394 0 168.434
    endloop
  endfacet
  facet normal 0.290048 0 0.957012
    outer loop
      vertex 84.8394 -8 168.434
      vertex 84.1828 0 168.633
      vertex 84.1828 -8 168.633
    endloop
  endfacet
  facet normal 0.45894 0.690096 -0.559591
    outer loop
      vertex 87 -8 153.7
      vertex 85.4445 0 162.29
      vertex 85.9749 0 162.725
    endloop
  endfacet
  facet normal -1 -0 0
    outer loop
      vertex 80 0 165.2
      vertex 80 -8 153.7
      vertex 80 -8 165.2
    endloop
  endfacet
  facet normal 0.956898 -0 0.290424
    outer loop
      vertex 86.7336 -8 166.539
      vertex 86.9327 0 165.883
      vertex 86.7336 0 166.539
    endloop
  endfacet
  facet normal 0.956898 0 0.290424
    outer loop
      vertex 86.9327 0 165.883
      vertex 86.7336 -8 166.539
      vertex 86.9327 -8 165.883
    endloop
  endfacet
  facet normal 0.599764 0.631391 -0.491558
    outer loop
      vertex 87 -8 153.7
      vertex 85.9749 0 162.725
      vertex 86.4101 0 163.256
    endloop
  endfacet
  facet normal -0.772839 0 0.634603
    outer loop
      vertex 80.5899 -8 167.145
      vertex 81.0251 0 167.675
      vertex 80.5899 0 167.145
    endloop
  endfacet
  facet normal -0.772839 0 0.634603
    outer loop
      vertex 81.0251 0 167.675
      vertex 80.5899 -8 167.145
      vertex 81.0251 -8 167.675
    endloop
  endfacet
  facet normal -0.472039 0 0.881577
    outer loop
      vertex 81.5555 0 168.11
      vertex 82.1606 -8 168.434
      vertex 82.1606 0 168.434
    endloop
  endfacet
  facet normal -0.472039 0 0.881577
    outer loop
      vertex 82.1606 -8 168.434
      vertex 81.5555 0 168.11
      vertex 81.5555 -8 168.11
    endloop
  endfacet
  facet normal 0.882172 -0 0.470928
    outer loop
      vertex 86.4101 -8 167.145
      vertex 86.7336 0 166.539
      vertex 86.4101 0 167.145
    endloop
  endfacet
  facet normal 0.882172 0 0.470928
    outer loop
      vertex 86.7336 0 166.539
      vertex 86.4101 -8 167.145
      vertex 86.7336 -8 166.539
    endloop
  endfacet
  facet normal -0.956898 0 0.290424
    outer loop
      vertex 80.0673 -8 165.883
      vertex 80.2664 0 166.539
      vertex 80.0673 0 165.883
    endloop
  endfacet
  facet normal -0.956898 0 0.290424
    outer loop
      vertex 80.2664 0 166.539
      vertex 80.0673 -8 165.883
      vertex 80.2664 -8 166.539
    endloop
  endfacet
  facet normal 0.0976563 0 0.99522
    outer loop
      vertex 83.5 0 168.7
      vertex 84.1828 -8 168.633
      vertex 84.1828 0 168.633
    endloop
  endfacet
  facet normal 0.0976563 0 0.99522
    outer loop
      vertex 84.1828 -8 168.633
      vertex 83.5 0 168.7
      vertex 83.5 -8 168.7
    endloop
  endfacet
  facet normal 0.772839 -0 0.634603
    outer loop
      vertex 85.9749 -8 167.675
      vertex 86.4101 0 167.145
      vertex 85.9749 0 167.675
    endloop
  endfacet
  facet normal 0.772839 0 0.634603
    outer loop
      vertex 86.4101 0 167.145
      vertex 85.9749 -8 167.675
      vertex 86.4101 -8 167.145
    endloop
  endfacet
  facet normal -0.882172 0 0.470928
    outer loop
      vertex 80.2664 -8 166.539
      vertex 80.5899 0 167.145
      vertex 80.2664 0 166.539
    endloop
  endfacet
  facet normal -0.882172 0 0.470928
    outer loop
      vertex 80.5899 0 167.145
      vertex 80.2664 -8 166.539
      vertex 80.5899 -8 167.145
    endloop
  endfacet
  facet normal -0.45894 0.690096 -0.559591
    outer loop
      vertex 81.5555 0 162.29
      vertex 80 -8 153.7
      vertex 81.0251 0 162.725
    endloop
  endfacet
  facet normal 0.067756 0.720148 -0.690504
    outer loop
      vertex 87 -8 153.7
      vertex 83.5 0 161.7
      vertex 84.1828 0 161.767
    endloop
  endfacet
  facet normal -0.634142 0 0.773216
    outer loop
      vertex 81.0251 0 167.675
      vertex 81.5555 -8 168.11
      vertex 81.5555 0 168.11
    endloop
  endfacet
  facet normal -0.634142 0 0.773216
    outer loop
      vertex 81.5555 -8 168.11
      vertex 81.0251 0 167.675
      vertex 81.0251 -8 167.675
    endloop
  endfacet
  facet normal -0.888231 0.371983 -0.269583
    outer loop
      vertex 80.2664 0 163.861
      vertex 80 -8 153.7
      vertex 80.0673 0 164.517
    endloop
  endfacet
  facet normal -0.746705 0.53199 -0.399271
    outer loop
      vertex 80.5899 0 163.256
      vertex 80 -8 153.7
      vertex 80.2664 0 163.861
    endloop
  endfacet
  facet normal 0.888231 0.371983 -0.269583
    outer loop
      vertex 87 -8 153.7
      vertex 86.7336 0 163.861
      vertex 86.9327 0 164.517
    endloop
  endfacet
  facet normal 0.99518 -0 0.098061
    outer loop
      vertex 86.9327 -8 165.883
      vertex 87 0 165.2
      vertex 86.9327 0 165.883
    endloop
  endfacet
  facet normal 0.99518 0 0.098061
    outer loop
      vertex 87 0 165.2
      vertex 86.9327 -8 165.883
      vertex 87 -8 165.2
    endloop
  endfacet
  facet normal 0.985438 0.139583 -0.097101
    outer loop
      vertex 87 -8 153.7
      vertex 86.9327 0 164.517
      vertex 87 0 165.2
    endloop
  endfacet
  facet normal 0.472039 0 0.881577
    outer loop
      vertex 84.8394 0 168.434
      vertex 85.4445 -8 168.11
      vertex 85.4445 0 168.11
    endloop
  endfacet
  facet normal 0.472039 0 0.881577
    outer loop
      vertex 85.4445 -8 168.11
      vertex 84.8394 0 168.434
      vertex 84.8394 -8 168.434
    endloop
  endfacet
  facet normal 0.198326 0.729697 -0.654376
    outer loop
      vertex 87 -8 153.7
      vertex 84.1828 0 161.767
      vertex 84.8394 0 161.966
    endloop
  endfacet
  facet normal 1 -0 0
    outer loop
      vertex 87 -8 165.2
      vertex 87 -8 153.7
      vertex 87 0 165.2
    endloop
  endfacet
  facet normal 0.746705 0.53199 -0.399271
    outer loop
      vertex 87 -8 153.7
      vertex 86.4101 0 163.256
      vertex 86.7336 0 163.861
    endloop
  endfacet
  facet normal 0.32744 0.720292 -0.611525
    outer loop
      vertex 87 -8 153.7
      vertex 84.8394 0 161.966
      vertex 85.4445 0 162.29
    endloop
  endfacet
  facet normal -0.32744 0.720292 -0.611525
    outer loop
      vertex 82.1606 0 161.966
      vertex 80 -8 153.7
      vertex 81.5555 0 162.29
    endloop
  endfacet
  facet normal -0.599764 0.631391 -0.491558
    outer loop
      vertex 81.0251 0 162.725
      vertex 80 -8 153.7
      vertex 80.5899 0 163.256
    endloop
  endfacet
  facet normal -0.198326 0.729697 -0.654376
    outer loop
      vertex 82.8172 0 161.767
      vertex 80 -8 153.7
      vertex 82.1606 0 161.966
    endloop
  endfacet
  facet normal -0.067756 0.720148 -0.690504
    outer loop
      vertex 83.5 0 161.7
      vertex 80 -8 153.7
      vertex 82.8172 0 161.767
    endloop
  endfacet
  facet normal 0.634142 0 0.773216
    outer loop
      vertex 85.4445 0 168.11
      vertex 85.9749 -8 167.675
      vertex 85.9749 0 167.675
    endloop
  endfacet
  facet normal 0.634142 0 0.773216
    outer loop
      vertex 85.9749 -8 167.675
      vertex 85.4445 0 168.11
      vertex 85.4445 -8 168.11
    endloop
  endfacet
  facet normal -0.985438 0.139583 -0.097101
    outer loop
      vertex 80.0673 0 164.517
      vertex 80 -8 153.7
      vertex 80 0 165.2
    endloop
  endfacet
  facet normal 0 1 0
    outer loop
      vertex 83.5 0 166.612
      vertex 83.5 0 168.7
      vertex 84.1828 0 168.633
    endloop
  endfacet
  facet normal 0 1 0
    outer loop
      vertex 83.8655 0 166.564
      vertex 84.1828 0 168.633
      vertex 84.8394 0 168.434
    endloop
  endfacet
  facet normal 0 1 0
    outer loop
      vertex 83.5 0 168.7
      vertex 83.5 0 166.612
      vertex 82.8172 0 168.633
    endloop
  endfacet
  facet normal 0 1 0
    outer loop
      vertex 84.206 0 166.423
      vertex 84.8394 0 168.434
      vertex 85.4445 0 168.11
    endloop
  endfacet
  facet normal 0 1 -0
    outer loop
      vertex 83.1345 0 166.564
      vertex 82.8172 0 168.633
      vertex 83.5 0 166.612
    endloop
  endfacet
  facet normal 0 1 0
    outer loop
      vertex 84.4985 0 166.198
      vertex 85.4445 0 168.11
      vertex 85.9749 0 167.675
    endloop
  endfacet
  facet normal 0 1 0
    outer loop
      vertex 82.8172 0 168.633
      vertex 83.1345 0 166.564
      vertex 82.1606 0 168.434
    endloop
  endfacet
  facet normal 0 1 0
    outer loop
      vertex 84.4985 0 166.198
      vertex 85.9749 0 167.675
      vertex 86.4101 0 167.145
    endloop
  endfacet
  facet normal 0 1 -0
    outer loop
      vertex 82.794 0 166.423
      vertex 82.1606 0 168.434
      vertex 83.1345 0 166.564
    endloop
  endfacet
  facet normal 0 1 0
    outer loop
      vertex 82.1606 0 168.434
      vertex 82.794 0 166.423
      vertex 81.5555 0 168.11
    endloop
  endfacet
  facet normal 0 1 0
    outer loop
      vertex 84.1828 0 168.633
      vertex 83.8655 0 166.564
      vertex 83.5 0 166.612
    endloop
  endfacet
  facet normal 0 1 0
    outer loop
      vertex 84.7229 0 165.906
      vertex 86.4101 0 167.145
      vertex 86.7336 0 166.539
    endloop
  endfacet
  facet normal 0 1 0
    outer loop
      vertex 84.8394 0 168.434
      vertex 84.206 0 166.423
      vertex 83.8655 0 166.564
    endloop
  endfacet
  facet normal 0 1 0
    outer loop
      vertex 85.4445 0 168.11
      vertex 84.4985 0 166.198
      vertex 84.206 0 166.423
    endloop
  endfacet
  facet normal 0 1 0
    outer loop
      vertex 86.4101 0 167.145
      vertex 84.7229 0 165.906
      vertex 84.4985 0 166.198
    endloop
  endfacet
  facet normal 0 1 0
    outer loop
      vertex 84.864 0 165.565
      vertex 86.7336 0 166.539
      vertex 86.9327 0 165.883
    endloop
  endfacet
  facet normal 0 1 0
    outer loop
      vertex 86.7336 0 166.539
      vertex 84.864 0 165.565
      vertex 84.7229 0 165.906
    endloop
  endfacet
  facet normal 0 1 0
    outer loop
      vertex 84.9121 0 165.2
      vertex 86.9327 0 165.883
      vertex 87 0 165.2
    endloop
  endfacet
  facet normal 0 1 0
    outer loop
      vertex 86.9327 0 165.883
      vertex 84.9121 0 165.2
      vertex 84.864 0 165.565
    endloop
  endfacet
  facet normal 0 1 -0
    outer loop
      vertex 86.9327 0 164.517
      vertex 84.9121 0 165.2
      vertex 87 0 165.2
    endloop
  endfacet
  facet normal 0 1 0
    outer loop
      vertex 84.9121 0 165.2
      vertex 86.9327 0 164.517
      vertex 84.864 0 164.835
    endloop
  endfacet
  facet normal 0 1 -0
    outer loop
      vertex 86.7336 0 163.861
      vertex 84.864 0 164.835
      vertex 86.9327 0 164.517
    endloop
  endfacet
  facet normal 0 1 0
    outer loop
      vertex 84.864 0 164.835
      vertex 86.7336 0 163.861
      vertex 84.7229 0 164.494
    endloop
  endfacet
  facet normal 0 1 -0
    outer loop
      vertex 86.4101 0 163.256
      vertex 84.7229 0 164.494
      vertex 86.7336 0 163.861
    endloop
  endfacet
  facet normal 0 1 0
    outer loop
      vertex 84.7229 0 164.494
      vertex 86.4101 0 163.256
      vertex 84.4985 0 164.202
    endloop
  endfacet
  facet normal 0 1 -0
    outer loop
      vertex 85.9749 0 162.725
      vertex 84.4985 0 164.202
      vertex 86.4101 0 163.256
    endloop
  endfacet
  facet normal 0 1 -0
    outer loop
      vertex 85.4445 0 162.29
      vertex 84.4985 0 164.202
      vertex 85.9749 0 162.725
    endloop
  endfacet
  facet normal 0 1 0
    outer loop
      vertex 84.4985 0 164.202
      vertex 85.4445 0 162.29
      vertex 84.206 0 163.977
    endloop
  endfacet
  facet normal 0 1 -0
    outer loop
      vertex 82.5015 0 166.198
      vertex 81.5555 0 168.11
      vertex 82.794 0 166.423
    endloop
  endfacet
  facet normal 0 1 0
    outer loop
      vertex 81.5555 0 168.11
      vertex 82.5015 0 166.198
      vertex 81.0251 0 167.675
    endloop
  endfacet
  facet normal 0 1 0
    outer loop
      vertex 81.0251 0 167.675
      vertex 82.5015 0 166.198
      vertex 80.5899 0 167.145
    endloop
  endfacet
  facet normal 0 1 -0
    outer loop
      vertex 82.2771 0 165.906
      vertex 80.5899 0 167.145
      vertex 82.5015 0 166.198
    endloop
  endfacet
  facet normal 0 1 0
    outer loop
      vertex 80.5899 0 167.145
      vertex 82.2771 0 165.906
      vertex 80.2664 0 166.539
    endloop
  endfacet
  facet normal 0 1 -0
    outer loop
      vertex 82.136 0 165.565
      vertex 80.2664 0 166.539
      vertex 82.2771 0 165.906
    endloop
  endfacet
  facet normal 0 1 0
    outer loop
      vertex 80.2664 0 166.539
      vertex 82.136 0 165.565
      vertex 80.0673 0 165.883
    endloop
  endfacet
  facet normal 0 1 -0
    outer loop
      vertex 82.0879 0 165.2
      vertex 80.0673 0 165.883
      vertex 82.136 0 165.565
    endloop
  endfacet
  facet normal 0 1 0
    outer loop
      vertex 82.0879 0 165.2
      vertex 80 0 165.2
      vertex 80.0673 0 165.883
    endloop
  endfacet
  facet normal 0 1 0
    outer loop
      vertex 80.0673 0 164.517
      vertex 82.0879 0 165.2
      vertex 82.136 0 164.835
    endloop
  endfacet
  facet normal 0 1 0
    outer loop
      vertex 82.0879 0 165.2
      vertex 80.0673 0 164.517
      vertex 80 0 165.2
    endloop
  endfacet
  facet normal 0 1 0
    outer loop
      vertex 80.2664 0 163.861
      vertex 82.136 0 164.835
      vertex 82.2771 0 164.494
    endloop
  endfacet
  facet normal 0 1 0
    outer loop
      vertex 80.5899 0 163.256
      vertex 82.2771 0 164.494
      vertex 82.5015 0 164.202
    endloop
  endfacet
  facet normal 0 1 0
    outer loop
      vertex 81.5555 0 162.29
      vertex 82.5015 0 164.202
      vertex 82.794 0 163.977
    endloop
  endfacet
  facet normal 0 1 0
    outer loop
      vertex 82.136 0 164.835
      vertex 80.2664 0 163.861
      vertex 80.0673 0 164.517
    endloop
  endfacet
  facet normal 0 1 0
    outer loop
      vertex 82.1606 0 161.966
      vertex 82.794 0 163.977
      vertex 83.1345 0 163.836
    endloop
  endfacet
  facet normal 0 1 0
    outer loop
      vertex 82.8172 0 161.767
      vertex 83.1345 0 163.836
      vertex 83.5 0 163.788
    endloop
  endfacet
  facet normal 0 1 -0
    outer loop
      vertex 84.8394 0 161.966
      vertex 84.206 0 163.977
      vertex 85.4445 0 162.29
    endloop
  endfacet
  facet normal 0 1 0
    outer loop
      vertex 82.2771 0 164.494
      vertex 80.5899 0 163.256
      vertex 80.2664 0 163.861
    endloop
  endfacet
  facet normal 0 1 0
    outer loop
      vertex 84.206 0 163.977
      vertex 84.8394 0 161.966
      vertex 83.8655 0 163.836
    endloop
  endfacet
  facet normal 0 1 0
    outer loop
      vertex 82.5015 0 164.202
      vertex 81.0251 0 162.725
      vertex 80.5899 0 163.256
    endloop
  endfacet
  facet normal 0 1 -0
    outer loop
      vertex 84.1828 0 161.767
      vertex 83.8655 0 163.836
      vertex 84.8394 0 161.966
    endloop
  endfacet
  facet normal 0 1 0
    outer loop
      vertex 82.5015 0 164.202
      vertex 81.5555 0 162.29
      vertex 81.0251 0 162.725
    endloop
  endfacet
  facet normal 0 1 0
    outer loop
      vertex 83.8655 0 163.836
      vertex 84.1828 0 161.767
      vertex 83.5 0 163.788
    endloop
  endfacet
  facet normal 0 1 0
    outer loop
      vertex 82.794 0 163.977
      vertex 82.1606 0 161.966
      vertex 81.5555 0 162.29
    endloop
  endfacet
  facet normal 0 1 0
    outer loop
      vertex 83.5 0 161.7
      vertex 83.5 0 163.788
      vertex 84.1828 0 161.767
    endloop
  endfacet
  facet normal 0 1 0
    outer loop
      vertex 83.1345 0 163.836
      vertex 82.8172 0 161.767
      vertex 82.1606 0 161.966
    endloop
  endfacet
  facet normal 0 1 0
    outer loop
      vertex 83.5 0 163.788
      vertex 83.5 0 161.7
      vertex 82.8172 0 161.767
    endloop
  endfacet
  facet normal 1 -0 0
    outer loop
      vertex -77.5 -22 156.297
      vertex -77.5 -19 14.903
      vertex -77.5 -19 156.297
    endloop
  endfacet
  facet normal 1 0 0
    outer loop
      vertex -77.5 -19 14.903
      vertex -77.5 -22 156.297
      vertex -77.5 -22 14.903
    endloop
  endfacet
  facet normal 1 0 0
    outer loop
      vertex -77.5 -19 156.297
      vertex -77.5 -8 171.2
      vertex -77.5 -19 168.232
    endloop
  endfacet
  facet normal 1 -0 0
    outer loop
      vertex -77.5 -22 171.2
      vertex -77.5 -19 168.232
      vertex -77.5 -8 171.2
    endloop
  endfacet
  facet normal 1 0 0
    outer loop
      vertex -77.5 -19 168.232
      vertex -77.5 -22 171.2
      vertex -77.5 -22 168.232
    endloop
  endfacet
  facet normal 1 0 0
    outer loop
      vertex -77.5 -8 171.2
      vertex -77.5 -19 156.297
      vertex -77.5 -8 3.2
    endloop
  endfacet
  facet normal 1 -0 0
    outer loop
      vertex -77.5 -19 14.903
      vertex -77.5 -8 3.2
      vertex -77.5 -19 156.297
    endloop
  endfacet
  facet normal 1 0 0
    outer loop
      vertex -77.5 -8 3.2
      vertex -77.5 -19 14.903
      vertex -77.5 -19 3.2
    endloop
  endfacet
  facet normal -0 0 1
    outer loop
      vertex -89.5 -8 171.2
      vertex -77.5 -22 171.2
      vertex -77.5 -8 171.2
    endloop
  endfacet
  facet normal 0 0 1
    outer loop
      vertex -77.5 -22 171.2
      vertex -89.5 -8 171.2
      vertex -89.5 -22 171.2
    endloop
  endfacet
  facet normal -1 0 0
    outer loop
      vertex -89.5 -22 3.2
      vertex -89.5 -8 171.2
      vertex -89.5 -8 3.2
    endloop
  endfacet
  facet normal -1 -0 0
    outer loop
      vertex -89.5 -8 171.2
      vertex -89.5 -22 3.2
      vertex -89.5 -22 171.2
    endloop
  endfacet
  facet normal 0 1 0
    outer loop
      vertex -85.5 -8 36.7
      vertex -85.5 -8 3.2
      vertex -87 -8 36.7
    endloop
  endfacet
  facet normal 0 1 0
    outer loop
      vertex -77.5 -8 171.2
      vertex -83.5 -8 168.7
      vertex -89.5 -8 171.2
    endloop
  endfacet
  facet normal 0 1 0
    outer loop
      vertex -77.5 -8 171.2
      vertex -82.8172 -8 168.633
      vertex -83.5 -8 168.7
    endloop
  endfacet
  facet normal 0 1 0
    outer loop
      vertex -77.5 -8 171.2
      vertex -82.1606 -8 168.434
      vertex -82.8172 -8 168.633
    endloop
  endfacet
  facet normal 0 1 0
    outer loop
      vertex -77.5 -8 171.2
      vertex -81.5555 -8 168.11
      vertex -82.1606 -8 168.434
    endloop
  endfacet
  facet normal 0 1 0
    outer loop
      vertex -77.5 -8 171.2
      vertex -81.0251 -8 167.675
      vertex -81.5555 -8 168.11
    endloop
  endfacet
  facet normal 0 1 0
    outer loop
      vertex -77.5 -8 171.2
      vertex -80.5899 -8 167.145
      vertex -81.0251 -8 167.675
    endloop
  endfacet
  facet normal 0 1 0
    outer loop
      vertex -77.5 -8 171.2
      vertex -80.2664 -8 166.539
      vertex -80.5899 -8 167.145
    endloop
  endfacet
  facet normal 0 1 0
    outer loop
      vertex -77.5 -8 171.2
      vertex -80.0673 -8 165.883
      vertex -80.2664 -8 166.539
    endloop
  endfacet
  facet normal 0 1 0
    outer loop
      vertex -77.5 -8 171.2
      vertex -80 -8 165.2
      vertex -80.0673 -8 165.883
    endloop
  endfacet
  facet normal 0 1 0
    outer loop
      vertex -77.5 -8 171.2
      vertex -80 -8 153.7
      vertex -80 -8 165.2
    endloop
  endfacet
  facet normal 0 1 0
    outer loop
      vertex -80 -8 153.7
      vertex -83.5 -8 51.7
      vertex -87 -8 153.7
    endloop
  endfacet
  facet normal 0 1 0
    outer loop
      vertex -80.0673 -8 48.8828
      vertex -80 -8 153.7
      vertex -77.5 -8 171.2
    endloop
  endfacet
  facet normal 0 1 0
    outer loop
      vertex -80 -8 153.7
      vertex -82.8172 -8 51.6327
      vertex -83.5 -8 51.7
    endloop
  endfacet
  facet normal 0 1 0
    outer loop
      vertex -80 -8 153.7
      vertex -82.1606 -8 51.4336
      vertex -82.8172 -8 51.6327
    endloop
  endfacet
  facet normal 0 1 0
    outer loop
      vertex -80 -8 153.7
      vertex -81.5555 -8 51.1101
      vertex -82.1606 -8 51.4336
    endloop
  endfacet
  facet normal 0 1 0
    outer loop
      vertex -80 -8 153.7
      vertex -81.0251 -8 50.6749
      vertex -81.5555 -8 51.1101
    endloop
  endfacet
  facet normal 0 1 0
    outer loop
      vertex -80 -8 153.7
      vertex -80.5899 -8 50.1445
      vertex -81.0251 -8 50.6749
    endloop
  endfacet
  facet normal 0 1 0
    outer loop
      vertex -80 -8 153.7
      vertex -80.2664 -8 49.5394
      vertex -80.5899 -8 50.1445
    endloop
  endfacet
  facet normal 0 1 0
    outer loop
      vertex -80 -8 153.7
      vertex -80.0673 -8 48.8828
      vertex -80.2664 -8 49.5394
    endloop
  endfacet
  facet normal 0 1 0
    outer loop
      vertex -77.5 -8 171.2
      vertex -80 -8 48.2
      vertex -80.0673 -8 48.8828
    endloop
  endfacet
  facet normal 0 1 -0
    outer loop
      vertex -77.5 -8 3.2
      vertex -80 -8 48.2
      vertex -77.5 -8 171.2
    endloop
  endfacet
  facet normal 0 1 0
    outer loop
      vertex -80 -8 48.2
      vertex -77.5 -8 3.2
      vertex -80 -8 36.7
    endloop
  endfacet
  facet normal 0 1 0
    outer loop
      vertex -81.5 -8 3.2
      vertex -80 -8 36.7
      vertex -77.5 -8 3.2
    endloop
  endfacet
  facet normal 0 1 0
    outer loop
      vertex -80 -8 36.7
      vertex -81.5 -8 3.2
      vertex -81.5 -8 36.7
    endloop
  endfacet
  facet normal 0 1 -0
    outer loop
      vertex -84.1828 -8 168.633
      vertex -89.5 -8 171.2
      vertex -83.5 -8 168.7
    endloop
  endfacet
  facet normal 0 1 -0
    outer loop
      vertex -84.8394 -8 168.434
      vertex -89.5 -8 171.2
      vertex -84.1828 -8 168.633
    endloop
  endfacet
  facet normal 0 1 -0
    outer loop
      vertex -85.4445 -8 168.11
      vertex -89.5 -8 171.2
      vertex -84.8394 -8 168.434
    endloop
  endfacet
  facet normal 0 1 -0
    outer loop
      vertex -85.9749 -8 167.675
      vertex -89.5 -8 171.2
      vertex -85.4445 -8 168.11
    endloop
  endfacet
  facet normal 0 1 -0
    outer loop
      vertex -86.4101 -8 167.145
      vertex -89.5 -8 171.2
      vertex -85.9749 -8 167.675
    endloop
  endfacet
  facet normal 0 1 -0
    outer loop
      vertex -86.7336 -8 166.539
      vertex -89.5 -8 171.2
      vertex -86.4101 -8 167.145
    endloop
  endfacet
  facet normal 0 1 -0
    outer loop
      vertex -86.9327 -8 165.883
      vertex -89.5 -8 171.2
      vertex -86.7336 -8 166.539
    endloop
  endfacet
  facet normal 0 1 -0
    outer loop
      vertex -87 -8 165.2
      vertex -89.5 -8 171.2
      vertex -86.9327 -8 165.883
    endloop
  endfacet
  facet normal 0 1 -0
    outer loop
      vertex -87 -8 153.7
      vertex -89.5 -8 171.2
      vertex -87 -8 165.2
    endloop
  endfacet
  facet normal 0 1 -0
    outer loop
      vertex -84.1828 -8 51.6327
      vertex -87 -8 153.7
      vertex -83.5 -8 51.7
    endloop
  endfacet
  facet normal 0 1 -0
    outer loop
      vertex -84.8394 -8 51.4336
      vertex -87 -8 153.7
      vertex -84.1828 -8 51.6327
    endloop
  endfacet
  facet normal 0 1 -0
    outer loop
      vertex -85.4445 -8 51.1101
      vertex -87 -8 153.7
      vertex -84.8394 -8 51.4336
    endloop
  endfacet
  facet normal 0 1 -0
    outer loop
      vertex -85.9749 -8 50.6749
      vertex -87 -8 153.7
      vertex -85.4445 -8 51.1101
    endloop
  endfacet
  facet normal 0 1 -0
    outer loop
      vertex -86.4101 -8 50.1445
      vertex -87 -8 153.7
      vertex -85.9749 -8 50.6749
    endloop
  endfacet
  facet normal 0 1 -0
    outer loop
      vertex -86.7336 -8 49.5394
      vertex -87 -8 153.7
      vertex -86.4101 -8 50.1445
    endloop
  endfacet
  facet normal 0 1 -0
    outer loop
      vertex -86.9327 -8 48.8828
      vertex -87 -8 153.7
      vertex -86.7336 -8 49.5394
    endloop
  endfacet
  facet normal 0 1 0
    outer loop
      vertex -87 -8 153.7
      vertex -86.9327 -8 48.8828
      vertex -89.5 -8 171.2
    endloop
  endfacet
  facet normal 0 1 -0
    outer loop
      vertex -87 -8 48.2
      vertex -89.5 -8 171.2
      vertex -86.9327 -8 48.8828
    endloop
  endfacet
  facet normal 0 1 0
    outer loop
      vertex -89.5 -8 3.2
      vertex -87 -8 48.2
      vertex -87 -8 36.7
    endloop
  endfacet
  facet normal 0 1 0
    outer loop
      vertex -87 -8 48.2
      vertex -89.5 -8 3.2
      vertex -89.5 -8 171.2
    endloop
  endfacet
  facet normal 0 1 0
    outer loop
      vertex -89.5 -8 3.2
      vertex -87 -8 36.7
      vertex -85.5 -8 3.2
    endloop
  endfacet
  facet normal 0 -1 0
    outer loop
      vertex -89.5 -22 171.2
      vertex -77.5 -22 168.232
      vertex -77.5 -22 171.2
    endloop
  endfacet
  facet normal 0 -1 0
    outer loop
      vertex -89.5 -22 171.2
      vertex -77.5 -22 156.297
      vertex -77.5 -22 168.232
    endloop
  endfacet
  facet normal 0 -1 0
    outer loop
      vertex -89.5 -22 171.2
      vertex -85.5 -22 70
      vertex -77.5 -22 156.297
    endloop
  endfacet
  facet normal 0 -1 0
    outer loop
      vertex -89.5 -22 3.2
      vertex -85.5 -22 70
      vertex -89.5 -22 171.2
    endloop
  endfacet
  facet normal 0 -1 -0
    outer loop
      vertex -85.5 -22 70
      vertex -89.5 -22 3.2
      vertex -85.5 -22 3.2
    endloop
  endfacet
  facet normal 0 -1 0
    outer loop
      vertex -77.5 -22 156.297
      vertex 0 -22 91.5677
      vertex -77.5 -22 168.232
    endloop
  endfacet
  facet normal -0 -1 0
    outer loop
      vertex 0 -22 91.5677
      vertex -77.5 -22 156.297
      vertex -6.03269 -22 85.6
    endloop
  endfacet
  facet normal 0 -1 0
    outer loop
      vertex 0 -22 91.5677
      vertex 77.5 -22 156.297
      vertex 77.5 -22 168.232
    endloop
  endfacet
  facet normal 0 -1 0
    outer loop
      vertex 0 -22 79.6323
      vertex 0 -22 91.5677
      vertex -6.03269 -22 85.6
    endloop
  endfacet
  facet normal 0 -1 0
    outer loop
      vertex 0 -22 91.5677
      vertex 6.03269 -22 85.6
      vertex 77.5 -22 156.297
    endloop
  endfacet
  facet normal 0 -1 0
    outer loop
      vertex 0 -22 91.5677
      vertex 0 -22 79.6323
      vertex 6.03269 -22 85.6
    endloop
  endfacet
  facet normal 0 -1 0
    outer loop
      vertex -77.5 -22 14.903
      vertex 0 -22 79.6323
      vertex -6.03269 -22 85.6
    endloop
  endfacet
  facet normal 0 -1 0
    outer loop
      vertex -77.2651 -22 3.2
      vertex -77.5 -22 14.903
      vertex -81.5 -22 3.2
    endloop
  endfacet
  facet normal 0 -1 0
    outer loop
      vertex -77.5 -22 14.903
      vertex -77.2651 -22 3.2
      vertex 0 -22 79.6323
    endloop
  endfacet
  facet normal 0 -1 0
    outer loop
      vertex 77.5 -22 168.232
      vertex 89.5 -22 171.2
      vertex 77.5 -22 171.2
    endloop
  endfacet
  facet normal 0 -1 0
    outer loop
      vertex 77.5 -22 156.297
      vertex 89.5 -22 171.2
      vertex 77.5 -22 168.232
    endloop
  endfacet
  facet normal 0 -1 0
    outer loop
      vertex 85.5 -22 70
      vertex 77.5 -22 156.297
      vertex 81.5 -22 70
    endloop
  endfacet
  facet normal 0 -1 0
    outer loop
      vertex 77.5 -22 156.297
      vertex 85.5 -22 70
      vertex 89.5 -22 171.2
    endloop
  endfacet
  facet normal 0 -1 0
    outer loop
      vertex 89.5 -22 3.2
      vertex 85.5 -22 70
      vertex 85.5 -22 3.2
    endloop
  endfacet
  facet normal 0 -1 0
    outer loop
      vertex 85.5 -22 70
      vertex 89.5 -22 3.2
      vertex 89.5 -22 171.2
    endloop
  endfacet
  facet normal 0 -1 0
    outer loop
      vertex 77.5 -22 14.903
      vertex 81.5 -22 70
      vertex 77.5 -22 156.297
    endloop
  endfacet
  facet normal 0 -1 0
    outer loop
      vertex 81.5 -22 3.2
      vertex 77.5 -22 14.903
      vertex 77.2651 -22 3.2
    endloop
  endfacet
  facet normal 0 -1 0
    outer loop
      vertex 77.5 -22 14.903
      vertex 81.5 -22 3.2
      vertex 81.5 -22 70
    endloop
  endfacet
  facet normal 0 -1 0
    outer loop
      vertex 0 -22 79.6323
      vertex 77.5 -22 14.903
      vertex 6.03269 -22 85.6
    endloop
  endfacet
  facet normal -0 -1 0
    outer loop
      vertex 77.5 -22 14.903
      vertex 0 -22 79.6323
      vertex 77.2651 -22 3.2
    endloop
  endfacet
  facet normal 0 -1 0
    outer loop
      vertex -81.5 -22 70
      vertex -77.5 -22 156.297
      vertex -85.5 -22 70
    endloop
  endfacet
  facet normal 0 -1 0
    outer loop
      vertex -81.5 -22 70
      vertex -77.5 -22 14.903
      vertex -77.5 -22 156.297
    endloop
  endfacet
  facet normal -0 -1 0
    outer loop
      vertex -77.5 -22 14.903
      vertex -81.5 -22 70
      vertex -81.5 -22 3.2
    endloop
  endfacet
  facet normal 1 0 0
    outer loop
      vertex -81.5 -8 3.2
      vertex -81.5 -6.02576 38.6742
      vertex -81.5 -8 36.7
    endloop
  endfacet
  facet normal 1 0 0
    outer loop
      vertex -81.5 -6.02576 38.6742
      vertex -81.5 -8 3.2
      vertex -81.5 46.8 3.2
    endloop
  endfacet
  facet normal -0 0.557493 0.830181
    outer loop
      vertex -85.5 46.8 3.2
      vertex -81.5 -6.02576 38.6742
      vertex -81.5 46.8 3.2
    endloop
  endfacet
  facet normal 0 0.557493 0.830181
    outer loop
      vertex -81.5 -6.02576 38.6742
      vertex -85.5 46.8 3.2
      vertex -85.5 -6.02576 38.6742
    endloop
  endfacet
  facet normal -1 0 0
    outer loop
      vertex -85.5 -8 3.2
      vertex -85.5 39.7992 4.2
      vertex -85.5 39.7992 3.2
    endloop
  endfacet
  facet normal -1 -0 0
    outer loop
      vertex -85.5 39.7992 4.2
      vertex -85.5 -8 3.2
      vertex -85.5 -6.02576 38.6742
    endloop
  endfacet
  facet normal -1 0 0
    outer loop
      vertex -85.5 -6.02576 38.6742
      vertex -85.5 -8 3.2
      vertex -85.5 -8 36.7
    endloop
  endfacet
  facet normal -1 0 0
    outer loop
      vertex -85.5 41.8008 4.2
      vertex -85.5 46.8 3.2
      vertex -85.5 41.8008 3.2
    endloop
  endfacet
  facet normal -1 0 0
    outer loop
      vertex -85.5 41.8008 4.2
      vertex -85.5 -6.02576 38.6742
      vertex -85.5 46.8 3.2
    endloop
  endfacet
  facet normal -1 0 0
    outer loop
      vertex -85.5 -6.02576 38.6742
      vertex -85.5 41.8008 4.2
      vertex -85.5 39.7992 4.2
    endloop
  endfacet
  facet normal -1 0 0
    outer loop
      vertex -85.5 -41.0008 3.2
      vertex -85.5 -46 3.2
      vertex -85.5 -41.0008 4.2
    endloop
  endfacet
  facet normal -1 0 0
    outer loop
      vertex -85.5 -38.9992 4.2
      vertex -85.5 -22 3.2
      vertex -85.5 -38.9992 3.2
    endloop
  endfacet
  facet normal -1 0 0
    outer loop
      vertex -85.5 -22 3.2
      vertex -85.5 -38.9992 4.2
      vertex -85.5 -22 70
    endloop
  endfacet
  facet normal -1 0 0
    outer loop
      vertex -85.5 -41.0008 4.2
      vertex -85.5 -22 70
      vertex -85.5 -38.9992 4.2
    endloop
  endfacet
  facet normal -1 0 0
    outer loop
      vertex -85.5 -22 70
      vertex -85.5 -41.0008 4.2
      vertex -85.5 -46 3.2
    endloop
  endfacet
  facet normal 0 -0.941103 0.338121
    outer loop
      vertex -85.5 -46 3.2
      vertex -81.5 -22 70
      vertex -85.5 -22 70
    endloop
  endfacet
  facet normal 0 -0.941103 0.338121
    outer loop
      vertex -81.5 -22 70
      vertex -85.5 -46 3.2
      vertex -81.5 -46 3.2
    endloop
  endfacet
  facet normal 1 0 0
    outer loop
      vertex -81.5 -22 70
      vertex -81.5 -46 3.2
      vertex -81.5 -22 3.2
    endloop
  endfacet
  facet normal 1 -0 0
    outer loop
      vertex 89.5 -22 171.2
      vertex 89.5 -8 3.2
      vertex 89.5 -8 171.2
    endloop
  endfacet
  facet normal 1 0 0
    outer loop
      vertex 89.5 -8 3.2
      vertex 89.5 -22 171.2
      vertex 89.5 -22 3.2
    endloop
  endfacet
  facet normal -0 0 1
    outer loop
      vertex 77.5 -8 171.2
      vertex 89.5 -22 171.2
      vertex 89.5 -8 171.2
    endloop
  endfacet
  facet normal 0 0 1
    outer loop
      vertex 89.5 -22 171.2
      vertex 77.5 -8 171.2
      vertex 77.5 -22 171.2
    endloop
  endfacet
  facet normal -1 0 0
    outer loop
      vertex 77.5 -22 14.903
      vertex 77.5 -19 156.297
      vertex 77.5 -19 14.903
    endloop
  endfacet
  facet normal -1 -0 0
    outer loop
      vertex 77.5 -19 156.297
      vertex 77.5 -22 14.903
      vertex 77.5 -22 156.297
    endloop
  endfacet
  facet normal -1 0 0
    outer loop
      vertex 77.5 -19 14.903
      vertex 77.5 -8 3.2
      vertex 77.5 -19 3.2
    endloop
  endfacet
  facet normal -1 0 0
    outer loop
      vertex 77.5 -19 156.297
      vertex 77.5 -8 3.2
      vertex 77.5 -19 14.903
    endloop
  endfacet
  facet normal -1 0 0
    outer loop
      vertex 77.5 -8 3.2
      vertex 77.5 -19 156.297
      vertex 77.5 -8 171.2
    endloop
  endfacet
  facet normal -1 0 0
    outer loop
      vertex 77.5 -19 168.232
      vertex 77.5 -8 171.2
      vertex 77.5 -19 156.297
    endloop
  endfacet
  facet normal -1 0 0
    outer loop
      vertex 77.5 -22 171.2
      vertex 77.5 -19 168.232
      vertex 77.5 -22 168.232
    endloop
  endfacet
  facet normal -1 0 0
    outer loop
      vertex 77.5 -19 168.232
      vertex 77.5 -22 171.2
      vertex 77.5 -8 171.2
    endloop
  endfacet
  facet normal 0 1 0
    outer loop
      vertex 81.5 -8 36.7
      vertex 81.5 -8 3.2
      vertex 80 -8 36.7
    endloop
  endfacet
  facet normal 0 1 0
    outer loop
      vertex 89.5 -8 171.2
      vertex 83.5 -8 168.7
      vertex 77.5 -8 171.2
    endloop
  endfacet
  facet normal 0 1 0
    outer loop
      vertex 89.5 -8 171.2
      vertex 84.1828 -8 168.633
      vertex 83.5 -8 168.7
    endloop
  endfacet
  facet normal 0 1 0
    outer loop
      vertex 89.5 -8 171.2
      vertex 84.8394 -8 168.434
      vertex 84.1828 -8 168.633
    endloop
  endfacet
  facet normal 0 1 0
    outer loop
      vertex 89.5 -8 171.2
      vertex 85.4445 -8 168.11
      vertex 84.8394 -8 168.434
    endloop
  endfacet
  facet normal 0 1 0
    outer loop
      vertex 89.5 -8 171.2
      vertex 85.9749 -8 167.675
      vertex 85.4445 -8 168.11
    endloop
  endfacet
  facet normal 0 1 0
    outer loop
      vertex 89.5 -8 171.2
      vertex 86.4101 -8 167.145
      vertex 85.9749 -8 167.675
    endloop
  endfacet
  facet normal 0 1 0
    outer loop
      vertex 89.5 -8 171.2
      vertex 86.7336 -8 166.539
      vertex 86.4101 -8 167.145
    endloop
  endfacet
  facet normal 0 1 0
    outer loop
      vertex 89.5 -8 171.2
      vertex 86.9327 -8 165.883
      vertex 86.7336 -8 166.539
    endloop
  endfacet
  facet normal 0 1 0
    outer loop
      vertex 89.5 -8 171.2
      vertex 87 -8 165.2
      vertex 86.9327 -8 165.883
    endloop
  endfacet
  facet normal 0 1 0
    outer loop
      vertex 89.5 -8 171.2
      vertex 87 -8 153.7
      vertex 87 -8 165.2
    endloop
  endfacet
  facet normal 0 1 0
    outer loop
      vertex 87 -8 153.7
      vertex 83.5 -8 51.7
      vertex 80 -8 153.7
    endloop
  endfacet
  facet normal 0 1 0
    outer loop
      vertex 86.9327 -8 48.8828
      vertex 87 -8 153.7
      vertex 89.5 -8 171.2
    endloop
  endfacet
  facet normal 0 1 0
    outer loop
      vertex 87 -8 153.7
      vertex 84.1828 -8 51.6327
      vertex 83.5 -8 51.7
    endloop
  endfacet
  facet normal 0 1 0
    outer loop
      vertex 87 -8 153.7
      vertex 84.8394 -8 51.4336
      vertex 84.1828 -8 51.6327
    endloop
  endfacet
  facet normal 0 1 0
    outer loop
      vertex 87 -8 153.7
      vertex 85.4445 -8 51.1101
      vertex 84.8394 -8 51.4336
    endloop
  endfacet
  facet normal 0 1 0
    outer loop
      vertex 87 -8 153.7
      vertex 85.9749 -8 50.6749
      vertex 85.4445 -8 51.1101
    endloop
  endfacet
  facet normal 0 1 0
    outer loop
      vertex 87 -8 153.7
      vertex 86.4101 -8 50.1445
      vertex 85.9749 -8 50.6749
    endloop
  endfacet
  facet normal 0 1 0
    outer loop
      vertex 87 -8 153.7
      vertex 86.7336 -8 49.5394
      vertex 86.4101 -8 50.1445
    endloop
  endfacet
  facet normal 0 1 0
    outer loop
      vertex 87 -8 153.7
      vertex 86.9327 -8 48.8828
      vertex 86.7336 -8 49.5394
    endloop
  endfacet
  facet normal 0 1 0
    outer loop
      vertex 89.5 -8 171.2
      vertex 87 -8 48.2
      vertex 86.9327 -8 48.8828
    endloop
  endfacet
  facet normal 0 1 -0
    outer loop
      vertex 89.5 -8 3.2
      vertex 87 -8 48.2
      vertex 89.5 -8 171.2
    endloop
  endfacet
  facet normal 0 1 0
    outer loop
      vertex 87 -8 48.2
      vertex 89.5 -8 3.2
      vertex 87 -8 36.7
    endloop
  endfacet
  facet normal 0 1 0
    outer loop
      vertex 85.5 -8 3.2
      vertex 87 -8 36.7
      vertex 89.5 -8 3.2
    endloop
  endfacet
  facet normal 0 1 0
    outer loop
      vertex 87 -8 36.7
      vertex 85.5 -8 3.2
      vertex 85.5 -8 36.7
    endloop
  endfacet
  facet normal 0 1 -0
    outer loop
      vertex 82.8172 -8 168.633
      vertex 77.5 -8 171.2
      vertex 83.5 -8 168.7
    endloop
  endfacet
  facet normal 0 1 -0
    outer loop
      vertex 82.1606 -8 168.434
      vertex 77.5 -8 171.2
      vertex 82.8172 -8 168.633
    endloop
  endfacet
  facet normal 0 1 -0
    outer loop
      vertex 81.5555 -8 168.11
      vertex 77.5 -8 171.2
      vertex 82.1606 -8 168.434
    endloop
  endfacet
  facet normal 0 1 -0
    outer loop
      vertex 81.0251 -8 167.675
      vertex 77.5 -8 171.2
      vertex 81.5555 -8 168.11
    endloop
  endfacet
  facet normal 0 1 -0
    outer loop
      vertex 80.5899 -8 167.145
      vertex 77.5 -8 171.2
      vertex 81.0251 -8 167.675
    endloop
  endfacet
  facet normal 0 1 -0
    outer loop
      vertex 80.2664 -8 166.539
      vertex 77.5 -8 171.2
      vertex 80.5899 -8 167.145
    endloop
  endfacet
  facet normal 0 1 -0
    outer loop
      vertex 80.0673 -8 165.883
      vertex 77.5 -8 171.2
      vertex 80.2664 -8 166.539
    endloop
  endfacet
  facet normal 0 1 -0
    outer loop
      vertex 80 -8 165.2
      vertex 77.5 -8 171.2
      vertex 80.0673 -8 165.883
    endloop
  endfacet
  facet normal 0 1 -0
    outer loop
      vertex 80 -8 153.7
      vertex 77.5 -8 171.2
      vertex 80 -8 165.2
    endloop
  endfacet
  facet normal 0 1 -0
    outer loop
      vertex 82.8172 -8 51.6327
      vertex 80 -8 153.7
      vertex 83.5 -8 51.7
    endloop
  endfacet
  facet normal 0 1 -0
    outer loop
      vertex 82.1606 -8 51.4336
      vertex 80 -8 153.7
      vertex 82.8172 -8 51.6327
    endloop
  endfacet
  facet normal 0 1 -0
    outer loop
      vertex 81.5555 -8 51.1101
      vertex 80 -8 153.7
      vertex 82.1606 -8 51.4336
    endloop
  endfacet
  facet normal 0 1 -0
    outer loop
      vertex 81.0251 -8 50.6749
      vertex 80 -8 153.7
      vertex 81.5555 -8 51.1101
    endloop
  endfacet
  facet normal 0 1 -0
    outer loop
      vertex 80.5899 -8 50.1445
      vertex 80 -8 153.7
      vertex 81.0251 -8 50.6749
    endloop
  endfacet
  facet normal 0 1 -0
    outer loop
      vertex 80.2664 -8 49.5394
      vertex 80 -8 153.7
      vertex 80.5899 -8 50.1445
    endloop
  endfacet
  facet normal 0 1 -0
    outer loop
      vertex 80.0673 -8 48.8828
      vertex 80 -8 153.7
      vertex 80.2664 -8 49.5394
    endloop
  endfacet
  facet normal 0 1 0
    outer loop
      vertex 80 -8 153.7
      vertex 80.0673 -8 48.8828
      vertex 77.5 -8 171.2
    endloop
  endfacet
  facet normal 0 1 -0
    outer loop
      vertex 80 -8 48.2
      vertex 77.5 -8 171.2
      vertex 80.0673 -8 48.8828
    endloop
  endfacet
  facet normal 0 1 0
    outer loop
      vertex 77.5 -8 3.2
      vertex 80 -8 48.2
      vertex 80 -8 36.7
    endloop
  endfacet
  facet normal 0 1 0
    outer loop
      vertex 80 -8 48.2
      vertex 77.5 -8 3.2
      vertex 77.5 -8 171.2
    endloop
  endfacet
  facet normal 0 1 0
    outer loop
      vertex 77.5 -8 3.2
      vertex 80 -8 36.7
      vertex 81.5 -8 3.2
    endloop
  endfacet
  facet normal 1 0 0
    outer loop
      vertex 85.5 -6.02576 38.6742
      vertex 85.5 41.8008 4.2
      vertex 85.5 46.8 3.2
    endloop
  endfacet
  facet normal 1 0 0
    outer loop
      vertex 85.5 -6.02576 38.6742
      vertex 85.5 39.7992 4.2
      vertex 85.5 41.8008 4.2
    endloop
  endfacet
  facet normal 1 0 0
    outer loop
      vertex 85.5 -8 3.2
      vertex 85.5 39.7992 4.2
      vertex 85.5 -6.02576 38.6742
    endloop
  endfacet
  facet normal 1 0 0
    outer loop
      vertex 85.5 -8 3.2
      vertex 85.5 -6.02576 38.6742
      vertex 85.5 -8 36.7
    endloop
  endfacet
  facet normal 1 0 0
    outer loop
      vertex 85.5 39.7992 4.2
      vertex 85.5 -8 3.2
      vertex 85.5 39.7992 3.2
    endloop
  endfacet
  facet normal 1 0 0
    outer loop
      vertex 85.5 46.8 3.2
      vertex 85.5 41.8008 4.2
      vertex 85.5 41.8008 3.2
    endloop
  endfacet
  facet normal -0 0.557493 0.830181
    outer loop
      vertex 81.5 46.8 3.2
      vertex 85.5 -6.02576 38.6742
      vertex 85.5 46.8 3.2
    endloop
  endfacet
  facet normal 0 0.557493 0.830181
    outer loop
      vertex 85.5 -6.02576 38.6742
      vertex 81.5 46.8 3.2
      vertex 81.5 -6.02576 38.6742
    endloop
  endfacet
  facet normal -1 0 0
    outer loop
      vertex 81.5 -8 3.2
      vertex 81.5 -6.02576 38.6742
      vertex 81.5 46.8 3.2
    endloop
  endfacet
  facet normal -1 0 0
    outer loop
      vertex 81.5 -6.02576 38.6742
      vertex 81.5 -8 3.2
      vertex 81.5 -8 36.7
    endloop
  endfacet
  facet normal -1 0 0
    outer loop
      vertex 81.5 -22 3.2
      vertex 81.5 -46 3.2
      vertex 81.5 -22 70
    endloop
  endfacet
  facet normal 0 -0.941103 0.338121
    outer loop
      vertex 81.5 -46 3.2
      vertex 85.5 -22 70
      vertex 81.5 -22 70
    endloop
  endfacet
  facet normal 0 -0.941103 0.338121
    outer loop
      vertex 85.5 -22 70
      vertex 81.5 -46 3.2
      vertex 85.5 -46 3.2
    endloop
  endfacet
  facet normal 1 0 0
    outer loop
      vertex 85.5 -22 70
      vertex 85.5 -38.9992 4.2
      vertex 85.5 -22 3.2
    endloop
  endfacet
  facet normal 1 0 0
    outer loop
      vertex 85.5 -22 70
      vertex 85.5 -41.0008 4.2
      vertex 85.5 -38.9992 4.2
    endloop
  endfacet
  facet normal 1 0 0
    outer loop
      vertex 85.5 -41.0008 4.2
      vertex 85.5 -46 3.2
      vertex 85.5 -41.0008 3.2
    endloop
  endfacet
  facet normal 1 0 0
    outer loop
      vertex 85.5 -46 3.2
      vertex 85.5 -41.0008 4.2
      vertex 85.5 -22 70
    endloop
  endfacet
  facet normal 1 0 0
    outer loop
      vertex 85.5 -22 3.2
      vertex 85.5 -38.9992 4.2
      vertex 85.5 -38.9992 3.2
    endloop
  endfacet
  facet normal 0.703265 0 -0.710928
    outer loop
      vertex -77.2651 -22 3.2
      vertex 0 -19 79.6323
      vertex 0 -22 79.6323
    endloop
  endfacet
  facet normal 0.703265 0 -0.710928
    outer loop
      vertex 0 -19 79.6323
      vertex -77.2651 -22 3.2
      vertex -77.2651 -19 3.2
    endloop
  endfacet
  facet normal 0.703265 0 -0.710928
    outer loop
      vertex 6.03269 -22 85.6
      vertex 77.5 -19 156.297
      vertex 77.5 -22 156.297
    endloop
  endfacet
  facet normal 0.703265 0 -0.710928
    outer loop
      vertex 77.5 -19 156.297
      vertex 6.03269 -22 85.6
      vertex 6.03269 -19 85.6
    endloop
  endfacet
  facet normal -0.703265 0 0.710928
    outer loop
      vertex -77.5 -19 14.903
      vertex -6.03269 -22 85.6
      vertex -6.03269 -19 85.6
    endloop
  endfacet
  facet normal -0.703265 0 0.710928
    outer loop
      vertex -6.03269 -22 85.6
      vertex -77.5 -19 14.903
      vertex -77.5 -22 14.903
    endloop
  endfacet
  facet normal -0.703263 0 0.710929
    outer loop
      vertex 0 -19 91.5677
      vertex 77.5 -22 168.232
      vertex 77.5 -19 168.232
    endloop
  endfacet
  facet normal -0.703263 0 0.710929
    outer loop
      vertex 77.5 -22 168.232
      vertex 0 -19 91.5677
      vertex 0 -22 91.5677
    endloop
  endfacet
  facet normal 0 1 -0
    outer loop
      vertex 77.5 -19 156.297
      vertex 0 -19 91.5677
      vertex 77.5 -19 168.232
    endloop
  endfacet
  facet normal -0 1 0
    outer loop
      vertex 0 -19 91.5677
      vertex 77.5 -19 156.297
      vertex 6.03269 -19 85.6
    endloop
  endfacet
  facet normal 0 1 0
    outer loop
      vertex 0 -19 91.5677
      vertex -77.5 -19 156.297
      vertex -77.5 -19 168.232
    endloop
  endfacet
  facet normal 0 1 0
    outer loop
      vertex 0 -19 79.6323
      vertex 0 -19 91.5677
      vertex 6.03269 -19 85.6
    endloop
  endfacet
  facet normal 0 1 0
    outer loop
      vertex 0 -19 91.5677
      vertex -6.03269 -19 85.6
      vertex -77.5 -19 156.297
    endloop
  endfacet
  facet normal 0 1 0
    outer loop
      vertex 0 -19 91.5677
      vertex 0 -19 79.6323
      vertex -6.03269 -19 85.6
    endloop
  endfacet
  facet normal 0 1 0
    outer loop
      vertex 77.5 -19 14.903
      vertex 0 -19 79.6323
      vertex 6.03269 -19 85.6
    endloop
  endfacet
  facet normal 0 1 0
    outer loop
      vertex 77.2651 -19 3.2
      vertex 77.5 -19 14.903
      vertex 77.5 -19 3.2
    endloop
  endfacet
  facet normal 0 1 0
    outer loop
      vertex 77.5 -19 14.903
      vertex 77.2651 -19 3.2
      vertex 0 -19 79.6323
    endloop
  endfacet
  facet normal 0 1 0
    outer loop
      vertex 0 -19 79.6323
      vertex -77.5 -19 14.903
      vertex -6.03269 -19 85.6
    endloop
  endfacet
  facet normal 0 1 -0
    outer loop
      vertex -77.2651 -19 3.2
      vertex -77.5 -19 14.903
      vertex 0 -19 79.6323
    endloop
  endfacet
  facet normal 0 1 0
    outer loop
      vertex -77.5 -19 14.903
      vertex -77.2651 -19 3.2
      vertex -77.5 -19 3.2
    endloop
  endfacet
  facet normal -0.703265 0 -0.710928
    outer loop
      vertex -77.5 -22 156.297
      vertex -6.03269 -19 85.6
      vertex -6.03269 -22 85.6
    endloop
  endfacet
  facet normal -0.703265 0 -0.710928
    outer loop
      vertex -6.03269 -19 85.6
      vertex -77.5 -22 156.297
      vertex -77.5 -19 156.297
    endloop
  endfacet
  facet normal -0.703265 0 -0.710928
    outer loop
      vertex 0 -22 79.6323
      vertex 77.2651 -19 3.2
      vertex 77.2651 -22 3.2
    endloop
  endfacet
  facet normal -0.703265 0 -0.710928
    outer loop
      vertex 77.2651 -19 3.2
      vertex 0 -22 79.6323
      vertex 0 -19 79.6323
    endloop
  endfacet
  facet normal 0.703263 0 0.710929
    outer loop
      vertex -77.5 -19 168.232
      vertex 0 -22 91.5677
      vertex 0 -19 91.5677
    endloop
  endfacet
  facet normal 0.703263 0 0.710929
    outer loop
      vertex 0 -22 91.5677
      vertex -77.5 -19 168.232
      vertex -77.5 -22 168.232
    endloop
  endfacet
  facet normal 0.703265 0 0.710928
    outer loop
      vertex 6.03269 -19 85.6
      vertex 77.5 -22 14.903
      vertex 77.5 -19 14.903
    endloop
  endfacet
  facet normal 0.703265 0 0.710928
    outer loop
      vertex 77.5 -22 14.903
      vertex 6.03269 -19 85.6
      vertex 6.03269 -22 85.6
    endloop
  endfacet
  facet normal 0.956941 0.290283 0
    outer loop
      vertex -31.8269 -34.1696 13.2
      vertex -32.0545 -33.4193 3.2
      vertex -32.0545 -33.4193 13.2
    endloop
  endfacet
  facet normal 0.956941 0.290283 0
    outer loop
      vertex -32.0545 -33.4193 3.2
      vertex -31.8269 -34.1696 13.2
      vertex -31.8269 -34.1696 3.2
    endloop
  endfacet
  facet normal 0.99518 0.0980643 0
    outer loop
      vertex -31.75 -34.95 13.2
      vertex -31.8269 -34.1696 3.2
      vertex -31.8269 -34.1696 13.2
    endloop
  endfacet
  facet normal 0.99518 0.0980643 0
    outer loop
      vertex -31.8269 -34.1696 3.2
      vertex -31.75 -34.95 13.2
      vertex -31.75 -34.95 3.2
    endloop
  endfacet
  facet normal 0.881957 0.471329 0
    outer loop
      vertex -32.0545 -33.4193 13.2
      vertex -32.4241 -32.7277 3.2
      vertex -32.4241 -32.7277 13.2
    endloop
  endfacet
  facet normal 0.881957 0.471329 0
    outer loop
      vertex -32.4241 -32.7277 3.2
      vertex -32.0545 -33.4193 13.2
      vertex -32.0545 -33.4193 3.2
    endloop
  endfacet
  facet normal 0.290283 -0.956941 0
    outer loop
      vertex -34.9696 -38.8731 3.2
      vertex -34.2193 -38.6455 13.2
      vertex -34.9696 -38.8731 13.2
    endloop
  endfacet
  facet normal 0.290283 -0.956941 0
    outer loop
      vertex -34.2193 -38.6455 13.2
      vertex -34.9696 -38.8731 3.2
      vertex -34.2193 -38.6455 3.2
    endloop
  endfacet
  facet normal -0.99518 0.0980643 0
    outer loop
      vertex -39.75 -34.95 3.2
      vertex -39.6731 -34.1696 13.2
      vertex -39.6731 -34.1696 3.2
    endloop
  endfacet
  facet normal -0.99518 0.0980643 0
    outer loop
      vertex -39.6731 -34.1696 13.2
      vertex -39.75 -34.95 3.2
      vertex -39.75 -34.95 13.2
    endloop
  endfacet
  facet normal 0.634459 0.772956 -0
    outer loop
      vertex -32.9216 -32.1216 3.2
      vertex -33.5277 -31.6241 13.2
      vertex -32.9216 -32.1216 13.2
    endloop
  endfacet
  facet normal 0.634459 0.772956 0
    outer loop
      vertex -33.5277 -31.6241 13.2
      vertex -32.9216 -32.1216 3.2
      vertex -33.5277 -31.6241 3.2
    endloop
  endfacet
  facet normal -0.634459 -0.772956 0
    outer loop
      vertex -38.5784 -37.7784 3.2
      vertex -37.9723 -38.2759 13.2
      vertex -38.5784 -37.7784 13.2
    endloop
  endfacet
  facet normal -0.634459 -0.772956 -0
    outer loop
      vertex -37.9723 -38.2759 13.2
      vertex -38.5784 -37.7784 3.2
      vertex -37.9723 -38.2759 3.2
    endloop
  endfacet
  facet normal -0.956941 -0.290283 0
    outer loop
      vertex -39.4455 -36.4807 3.2
      vertex -39.6731 -35.7304 13.2
      vertex -39.6731 -35.7304 3.2
    endloop
  endfacet
  facet normal -0.956941 -0.290283 0
    outer loop
      vertex -39.6731 -35.7304 13.2
      vertex -39.4455 -36.4807 3.2
      vertex -39.4455 -36.4807 13.2
    endloop
  endfacet
  facet normal -0.471329 -0.881957 0
    outer loop
      vertex -37.9723 -38.2759 3.2
      vertex -37.2807 -38.6455 13.2
      vertex -37.9723 -38.2759 13.2
    endloop
  endfacet
  facet normal -0.471329 -0.881957 -0
    outer loop
      vertex -37.2807 -38.6455 13.2
      vertex -37.9723 -38.2759 3.2
      vertex -37.2807 -38.6455 3.2
    endloop
  endfacet
  facet normal 0 0 1
    outer loop
      vertex -34.3379 -34.95 13.2
      vertex -31.75 -34.95 13.2
      vertex -31.8269 -34.1696 13.2
    endloop
  endfacet
  facet normal 0 0 1
    outer loop
      vertex -34.386 -34.5845 13.2
      vertex -31.8269 -34.1696 13.2
      vertex -32.0545 -33.4193 13.2
    endloop
  endfacet
  facet normal 0 0 1
    outer loop
      vertex -31.75 -34.95 13.2
      vertex -34.3379 -34.95 13.2
      vertex -31.8269 -35.7304 13.2
    endloop
  endfacet
  facet normal 0 0 1
    outer loop
      vertex -34.5271 -34.244 13.2
      vertex -32.0545 -33.4193 13.2
      vertex -32.4241 -32.7277 13.2
    endloop
  endfacet
  facet normal -0 0 1
    outer loop
      vertex -34.386 -35.3155 13.2
      vertex -31.8269 -35.7304 13.2
      vertex -34.3379 -34.95 13.2
    endloop
  endfacet
  facet normal 0 0 1
    outer loop
      vertex -34.7515 -33.9515 13.2
      vertex -32.4241 -32.7277 13.2
      vertex -32.9216 -32.1216 13.2
    endloop
  endfacet
  facet normal 0 0 1
    outer loop
      vertex -31.8269 -35.7304 13.2
      vertex -34.386 -35.3155 13.2
      vertex -32.0545 -36.4807 13.2
    endloop
  endfacet
  facet normal 0 0 1
    outer loop
      vertex -34.7515 -33.9515 13.2
      vertex -32.9216 -32.1216 13.2
      vertex -33.5277 -31.6241 13.2
    endloop
  endfacet
  facet normal -0 0 1
    outer loop
      vertex -34.5271 -35.656 13.2
      vertex -32.0545 -36.4807 13.2
      vertex -34.386 -35.3155 13.2
    endloop
  endfacet
  facet normal 0 0 1
    outer loop
      vertex -35.044 -33.7271 13.2
      vertex -33.5277 -31.6241 13.2
      vertex -34.2193 -31.2545 13.2
    endloop
  endfacet
  facet normal 0 0 1
    outer loop
      vertex -32.0545 -36.4807 13.2
      vertex -34.5271 -35.656 13.2
      vertex -32.4241 -37.1723 13.2
    endloop
  endfacet
  facet normal -0 0 1
    outer loop
      vertex -34.7515 -35.9485 13.2
      vertex -32.4241 -37.1723 13.2
      vertex -34.5271 -35.656 13.2
    endloop
  endfacet
  facet normal 0 0 1
    outer loop
      vertex -31.8269 -34.1696 13.2
      vertex -34.386 -34.5845 13.2
      vertex -34.3379 -34.95 13.2
    endloop
  endfacet
  facet normal 0 0 1
    outer loop
      vertex -32.0545 -33.4193 13.2
      vertex -34.5271 -34.244 13.2
      vertex -34.386 -34.5845 13.2
    endloop
  endfacet
  facet normal 0 0 1
    outer loop
      vertex -32.4241 -32.7277 13.2
      vertex -34.7515 -33.9515 13.2
      vertex -34.5271 -34.244 13.2
    endloop
  endfacet
  facet normal 0 0 1
    outer loop
      vertex -35.3845 -33.586 13.2
      vertex -34.2193 -31.2545 13.2
      vertex -34.9696 -31.0269 13.2
    endloop
  endfacet
  facet normal 0 0 1
    outer loop
      vertex -33.5277 -31.6241 13.2
      vertex -35.044 -33.7271 13.2
      vertex -34.7515 -33.9515 13.2
    endloop
  endfacet
  facet normal 0 0 1
    outer loop
      vertex -34.2193 -31.2545 13.2
      vertex -35.3845 -33.586 13.2
      vertex -35.044 -33.7271 13.2
    endloop
  endfacet
  facet normal 0 0 1
    outer loop
      vertex -35.75 -33.5379 13.2
      vertex -34.9696 -31.0269 13.2
      vertex -35.75 -30.95 13.2
    endloop
  endfacet
  facet normal 0 0 1
    outer loop
      vertex -34.9696 -31.0269 13.2
      vertex -35.75 -33.5379 13.2
      vertex -35.3845 -33.586 13.2
    endloop
  endfacet
  facet normal -0 0 1
    outer loop
      vertex -36.5304 -31.0269 13.2
      vertex -35.75 -33.5379 13.2
      vertex -35.75 -30.95 13.2
    endloop
  endfacet
  facet normal 0 0 1
    outer loop
      vertex -35.75 -33.5379 13.2
      vertex -36.5304 -31.0269 13.2
      vertex -36.1155 -33.586 13.2
    endloop
  endfacet
  facet normal -0 0 1
    outer loop
      vertex -37.2807 -31.2545 13.2
      vertex -36.1155 -33.586 13.2
      vertex -36.5304 -31.0269 13.2
    endloop
  endfacet
  facet normal 0 0 1
    outer loop
      vertex -36.1155 -33.586 13.2
      vertex -37.2807 -31.2545 13.2
      vertex -36.456 -33.7271 13.2
    endloop
  endfacet
  facet normal -0 0 1
    outer loop
      vertex -37.9723 -31.6241 13.2
      vertex -36.456 -33.7271 13.2
      vertex -37.2807 -31.2545 13.2
    endloop
  endfacet
  facet normal 0 0 1
    outer loop
      vertex -36.456 -33.7271 13.2
      vertex -37.9723 -31.6241 13.2
      vertex -36.7485 -33.9515 13.2
    endloop
  endfacet
  facet normal -0 0 1
    outer loop
      vertex -39.0759 -32.7277 13.2
      vertex -36.7485 -33.9515 13.2
      vertex -38.5784 -32.1216 13.2
    endloop
  endfacet
  facet normal -0 0 1
    outer loop
      vertex -38.5784 -32.1216 13.2
      vertex -36.7485 -33.9515 13.2
      vertex -37.9723 -31.6241 13.2
    endloop
  endfacet
  facet normal 0 0 1
    outer loop
      vertex -32.4241 -37.1723 13.2
      vertex -34.7515 -35.9485 13.2
      vertex -32.9216 -37.7784 13.2
    endloop
  endfacet
  facet normal 0 0 1
    outer loop
      vertex -32.9216 -37.7784 13.2
      vertex -34.7515 -35.9485 13.2
      vertex -33.5277 -38.2759 13.2
    endloop
  endfacet
  facet normal -0 0 1
    outer loop
      vertex -35.044 -36.1729 13.2
      vertex -33.5277 -38.2759 13.2
      vertex -34.7515 -35.9485 13.2
    endloop
  endfacet
  facet normal 0 0 1
    outer loop
      vertex -33.5277 -38.2759 13.2
      vertex -35.044 -36.1729 13.2
      vertex -34.2193 -38.6455 13.2
    endloop
  endfacet
  facet normal -0 0 1
    outer loop
      vertex -35.3845 -36.314 13.2
      vertex -34.2193 -38.6455 13.2
      vertex -35.044 -36.1729 13.2
    endloop
  endfacet
  facet normal 0 0 1
    outer loop
      vertex -34.2193 -38.6455 13.2
      vertex -35.3845 -36.314 13.2
      vertex -34.9696 -38.8731 13.2
    endloop
  endfacet
  facet normal -0 0 1
    outer loop
      vertex -35.75 -36.3621 13.2
      vertex -34.9696 -38.8731 13.2
      vertex -35.3845 -36.314 13.2
    endloop
  endfacet
  facet normal 0 0 1
    outer loop
      vertex -35.75 -36.3621 13.2
      vertex -35.75 -38.95 13.2
      vertex -34.9696 -38.8731 13.2
    endloop
  endfacet
  facet normal 0 0 1
    outer loop
      vertex -36.5304 -38.8731 13.2
      vertex -35.75 -36.3621 13.2
      vertex -36.1155 -36.314 13.2
    endloop
  endfacet
  facet normal 0 0 1
    outer loop
      vertex -37.2807 -38.6455 13.2
      vertex -36.1155 -36.314 13.2
      vertex -36.456 -36.1729 13.2
    endloop
  endfacet
  facet normal 0 0 1
    outer loop
      vertex -35.75 -36.3621 13.2
      vertex -36.5304 -38.8731 13.2
      vertex -35.75 -38.95 13.2
    endloop
  endfacet
  facet normal 0 0 1
    outer loop
      vertex -37.9723 -38.2759 13.2
      vertex -36.456 -36.1729 13.2
      vertex -36.7485 -35.9485 13.2
    endloop
  endfacet
  facet normal 0 0 1
    outer loop
      vertex -39.0759 -37.1723 13.2
      vertex -36.7485 -35.9485 13.2
      vertex -36.9729 -35.656 13.2
    endloop
  endfacet
  facet normal 0 0 1
    outer loop
      vertex -39.4455 -36.4807 13.2
      vertex -36.9729 -35.656 13.2
      vertex -37.114 -35.3155 13.2
    endloop
  endfacet
  facet normal 0 0 1
    outer loop
      vertex -36.1155 -36.314 13.2
      vertex -37.2807 -38.6455 13.2
      vertex -36.5304 -38.8731 13.2
    endloop
  endfacet
  facet normal 0 0 1
    outer loop
      vertex -39.6731 -35.7304 13.2
      vertex -37.114 -35.3155 13.2
      vertex -37.1621 -34.95 13.2
    endloop
  endfacet
  facet normal 0 0 1
    outer loop
      vertex -36.7485 -33.9515 13.2
      vertex -39.0759 -32.7277 13.2
      vertex -36.9729 -34.244 13.2
    endloop
  endfacet
  facet normal -0 0 1
    outer loop
      vertex -39.4455 -33.4193 13.2
      vertex -36.9729 -34.244 13.2
      vertex -39.0759 -32.7277 13.2
    endloop
  endfacet
  facet normal 0 0 1
    outer loop
      vertex -36.456 -36.1729 13.2
      vertex -37.9723 -38.2759 13.2
      vertex -37.2807 -38.6455 13.2
    endloop
  endfacet
  facet normal 0 0 1
    outer loop
      vertex -36.9729 -34.244 13.2
      vertex -39.4455 -33.4193 13.2
      vertex -37.114 -34.5845 13.2
    endloop
  endfacet
  facet normal 0 0 1
    outer loop
      vertex -36.7485 -35.9485 13.2
      vertex -38.5784 -37.7784 13.2
      vertex -37.9723 -38.2759 13.2
    endloop
  endfacet
  facet normal -0 0 1
    outer loop
      vertex -39.6731 -34.1696 13.2
      vertex -37.114 -34.5845 13.2
      vertex -39.4455 -33.4193 13.2
    endloop
  endfacet
  facet normal 0 0 1
    outer loop
      vertex -36.7485 -35.9485 13.2
      vertex -39.0759 -37.1723 13.2
      vertex -38.5784 -37.7784 13.2
    endloop
  endfacet
  facet normal 0 0 1
    outer loop
      vertex -37.114 -34.5845 13.2
      vertex -39.6731 -34.1696 13.2
      vertex -37.1621 -34.95 13.2
    endloop
  endfacet
  facet normal 0 0 1
    outer loop
      vertex -36.9729 -35.656 13.2
      vertex -39.4455 -36.4807 13.2
      vertex -39.0759 -37.1723 13.2
    endloop
  endfacet
  facet normal 0 0 1
    outer loop
      vertex -39.75 -34.95 13.2
      vertex -37.1621 -34.95 13.2
      vertex -39.6731 -34.1696 13.2
    endloop
  endfacet
  facet normal 0 0 1
    outer loop
      vertex -37.114 -35.3155 13.2
      vertex -39.6731 -35.7304 13.2
      vertex -39.4455 -36.4807 13.2
    endloop
  endfacet
  facet normal 0 0 1
    outer loop
      vertex -37.1621 -34.95 13.2
      vertex -39.75 -34.95 13.2
      vertex -39.6731 -35.7304 13.2
    endloop
  endfacet
  facet normal -0.634459 0.772956 0
    outer loop
      vertex -37.9723 -31.6241 3.2
      vertex -38.5784 -32.1216 13.2
      vertex -37.9723 -31.6241 13.2
    endloop
  endfacet
  facet normal -0.634459 0.772956 0
    outer loop
      vertex -38.5784 -32.1216 13.2
      vertex -37.9723 -31.6241 3.2
      vertex -38.5784 -32.1216 3.2
    endloop
  endfacet
  facet normal 0.881957 -0.471329 0
    outer loop
      vertex -32.4241 -37.1723 13.2
      vertex -32.0545 -36.4807 3.2
      vertex -32.0545 -36.4807 13.2
    endloop
  endfacet
  facet normal 0.881957 -0.471329 0
    outer loop
      vertex -32.0545 -36.4807 3.2
      vertex -32.4241 -37.1723 13.2
      vertex -32.4241 -37.1723 3.2
    endloop
  endfacet
  facet normal -0.290283 -0.956941 0
    outer loop
      vertex -37.2807 -38.6455 3.2
      vertex -36.5304 -38.8731 13.2
      vertex -37.2807 -38.6455 13.2
    endloop
  endfacet
  facet normal -0.290283 -0.956941 -0
    outer loop
      vertex -36.5304 -38.8731 13.2
      vertex -37.2807 -38.6455 3.2
      vertex -36.5304 -38.8731 3.2
    endloop
  endfacet
  facet normal 0.0980643 -0.99518 0
    outer loop
      vertex -35.75 -38.95 3.2
      vertex -34.9696 -38.8731 13.2
      vertex -35.75 -38.95 13.2
    endloop
  endfacet
  facet normal 0.0980643 -0.99518 0
    outer loop
      vertex -34.9696 -38.8731 13.2
      vertex -35.75 -38.95 3.2
      vertex -34.9696 -38.8731 3.2
    endloop
  endfacet
  facet normal -0.772956 0.634459 0
    outer loop
      vertex -39.0759 -32.7277 3.2
      vertex -38.5784 -32.1216 13.2
      vertex -38.5784 -32.1216 3.2
    endloop
  endfacet
  facet normal -0.772956 0.634459 0
    outer loop
      vertex -38.5784 -32.1216 13.2
      vertex -39.0759 -32.7277 3.2
      vertex -39.0759 -32.7277 13.2
    endloop
  endfacet
  facet normal 0.772956 0.634459 0
    outer loop
      vertex -32.4241 -32.7277 13.2
      vertex -32.9216 -32.1216 3.2
      vertex -32.9216 -32.1216 13.2
    endloop
  endfacet
  facet normal 0.772956 0.634459 0
    outer loop
      vertex -32.9216 -32.1216 3.2
      vertex -32.4241 -32.7277 13.2
      vertex -32.4241 -32.7277 3.2
    endloop
  endfacet
  facet normal -0.471329 0.881957 0
    outer loop
      vertex -37.2807 -31.2545 3.2
      vertex -37.9723 -31.6241 13.2
      vertex -37.2807 -31.2545 13.2
    endloop
  endfacet
  facet normal -0.471329 0.881957 0
    outer loop
      vertex -37.9723 -31.6241 13.2
      vertex -37.2807 -31.2545 3.2
      vertex -37.9723 -31.6241 3.2
    endloop
  endfacet
  facet normal -0.290283 0.956941 0
    outer loop
      vertex -36.5304 -31.0269 3.2
      vertex -37.2807 -31.2545 13.2
      vertex -36.5304 -31.0269 13.2
    endloop
  endfacet
  facet normal -0.290283 0.956941 0
    outer loop
      vertex -37.2807 -31.2545 13.2
      vertex -36.5304 -31.0269 3.2
      vertex -37.2807 -31.2545 3.2
    endloop
  endfacet
  facet normal 0.634459 -0.772956 0
    outer loop
      vertex -33.5277 -38.2759 3.2
      vertex -32.9216 -37.7784 13.2
      vertex -33.5277 -38.2759 13.2
    endloop
  endfacet
  facet normal 0.634459 -0.772956 0
    outer loop
      vertex -32.9216 -37.7784 13.2
      vertex -33.5277 -38.2759 3.2
      vertex -32.9216 -37.7784 3.2
    endloop
  endfacet
  facet normal 0.290283 0.956941 -0
    outer loop
      vertex -34.2193 -31.2545 3.2
      vertex -34.9696 -31.0269 13.2
      vertex -34.2193 -31.2545 13.2
    endloop
  endfacet
  facet normal 0.290283 0.956941 0
    outer loop
      vertex -34.9696 -31.0269 13.2
      vertex -34.2193 -31.2545 3.2
      vertex -34.9696 -31.0269 3.2
    endloop
  endfacet
  facet normal -0.99518 -0.0980643 0
    outer loop
      vertex -39.6731 -35.7304 3.2
      vertex -39.75 -34.95 13.2
      vertex -39.75 -34.95 3.2
    endloop
  endfacet
  facet normal -0.99518 -0.0980643 0
    outer loop
      vertex -39.75 -34.95 13.2
      vertex -39.6731 -35.7304 3.2
      vertex -39.6731 -35.7304 13.2
    endloop
  endfacet
  facet normal 0.471329 -0.881957 0
    outer loop
      vertex -34.2193 -38.6455 3.2
      vertex -33.5277 -38.2759 13.2
      vertex -34.2193 -38.6455 13.2
    endloop
  endfacet
  facet normal 0.471329 -0.881957 0
    outer loop
      vertex -33.5277 -38.2759 13.2
      vertex -34.2193 -38.6455 3.2
      vertex -33.5277 -38.2759 3.2
    endloop
  endfacet
  facet normal -0.881957 0.471329 0
    outer loop
      vertex -39.4455 -33.4193 3.2
      vertex -39.0759 -32.7277 13.2
      vertex -39.0759 -32.7277 3.2
    endloop
  endfacet
  facet normal -0.881957 0.471329 0
    outer loop
      vertex -39.0759 -32.7277 13.2
      vertex -39.4455 -33.4193 3.2
      vertex -39.4455 -33.4193 13.2
    endloop
  endfacet
  facet normal 0.471329 0.881957 -0
    outer loop
      vertex -33.5277 -31.6241 3.2
      vertex -34.2193 -31.2545 13.2
      vertex -33.5277 -31.6241 13.2
    endloop
  endfacet
  facet normal 0.471329 0.881957 0
    outer loop
      vertex -34.2193 -31.2545 13.2
      vertex -33.5277 -31.6241 3.2
      vertex -34.2193 -31.2545 3.2
    endloop
  endfacet
  facet normal -0.0980643 0.99518 0
    outer loop
      vertex -35.75 -30.95 3.2
      vertex -36.5304 -31.0269 13.2
      vertex -35.75 -30.95 13.2
    endloop
  endfacet
  facet normal -0.0980643 0.99518 0
    outer loop
      vertex -36.5304 -31.0269 13.2
      vertex -35.75 -30.95 3.2
      vertex -36.5304 -31.0269 3.2
    endloop
  endfacet
  facet normal -0.0980643 -0.99518 0
    outer loop
      vertex -36.5304 -38.8731 3.2
      vertex -35.75 -38.95 13.2
      vertex -36.5304 -38.8731 13.2
    endloop
  endfacet
  facet normal -0.0980643 -0.99518 -0
    outer loop
      vertex -35.75 -38.95 13.2
      vertex -36.5304 -38.8731 3.2
      vertex -35.75 -38.95 3.2
    endloop
  endfacet
  facet normal -0.956941 0.290283 0
    outer loop
      vertex -39.6731 -34.1696 3.2
      vertex -39.4455 -33.4193 13.2
      vertex -39.4455 -33.4193 3.2
    endloop
  endfacet
  facet normal -0.956941 0.290283 0
    outer loop
      vertex -39.4455 -33.4193 13.2
      vertex -39.6731 -34.1696 3.2
      vertex -39.6731 -34.1696 13.2
    endloop
  endfacet
  facet normal 0.956941 -0.290283 0
    outer loop
      vertex -32.0545 -36.4807 13.2
      vertex -31.8269 -35.7304 3.2
      vertex -31.8269 -35.7304 13.2
    endloop
  endfacet
  facet normal 0.956941 -0.290283 0
    outer loop
      vertex -31.8269 -35.7304 3.2
      vertex -32.0545 -36.4807 13.2
      vertex -32.0545 -36.4807 3.2
    endloop
  endfacet
  facet normal -0.881957 -0.471329 0
    outer loop
      vertex -39.0759 -37.1723 3.2
      vertex -39.4455 -36.4807 13.2
      vertex -39.4455 -36.4807 3.2
    endloop
  endfacet
  facet normal -0.881957 -0.471329 0
    outer loop
      vertex -39.4455 -36.4807 13.2
      vertex -39.0759 -37.1723 3.2
      vertex -39.0759 -37.1723 13.2
    endloop
  endfacet
  facet normal 0.99518 -0.0980643 0
    outer loop
      vertex -31.8269 -35.7304 13.2
      vertex -31.75 -34.95 3.2
      vertex -31.75 -34.95 13.2
    endloop
  endfacet
  facet normal 0.99518 -0.0980643 0
    outer loop
      vertex -31.75 -34.95 3.2
      vertex -31.8269 -35.7304 13.2
      vertex -31.8269 -35.7304 3.2
    endloop
  endfacet
  facet normal 0.772956 -0.634459 0
    outer loop
      vertex -32.9216 -37.7784 13.2
      vertex -32.4241 -37.1723 3.2
      vertex -32.4241 -37.1723 13.2
    endloop
  endfacet
  facet normal 0.772956 -0.634459 0
    outer loop
      vertex -32.4241 -37.1723 3.2
      vertex -32.9216 -37.7784 13.2
      vertex -32.9216 -37.7784 3.2
    endloop
  endfacet
  facet normal -0.772956 -0.634459 0
    outer loop
      vertex -38.5784 -37.7784 3.2
      vertex -39.0759 -37.1723 13.2
      vertex -39.0759 -37.1723 3.2
    endloop
  endfacet
  facet normal -0.772956 -0.634459 0
    outer loop
      vertex -39.0759 -37.1723 13.2
      vertex -38.5784 -37.7784 3.2
      vertex -38.5784 -37.7784 13.2
    endloop
  endfacet
  facet normal 0.0980643 0.99518 -0
    outer loop
      vertex -34.9696 -31.0269 3.2
      vertex -35.75 -30.95 13.2
      vertex -34.9696 -31.0269 13.2
    endloop
  endfacet
  facet normal 0.0980643 0.99518 0
    outer loop
      vertex -35.75 -30.95 13.2
      vertex -34.9696 -31.0269 3.2
      vertex -35.75 -30.95 3.2
    endloop
  endfacet
  facet normal 0.956941 0.290283 0
    outer loop
      vertex -31.8269 37.3304 13.2
      vertex -32.0545 38.0807 3.2
      vertex -32.0545 38.0807 13.2
    endloop
  endfacet
  facet normal 0.956941 0.290283 0
    outer loop
      vertex -32.0545 38.0807 3.2
      vertex -31.8269 37.3304 13.2
      vertex -31.8269 37.3304 3.2
    endloop
  endfacet
  facet normal 0.99518 0.0980643 0
    outer loop
      vertex -31.75 36.55 13.2
      vertex -31.8269 37.3304 3.2
      vertex -31.8269 37.3304 13.2
    endloop
  endfacet
  facet normal 0.99518 0.0980643 0
    outer loop
      vertex -31.8269 37.3304 3.2
      vertex -31.75 36.55 13.2
      vertex -31.75 36.55 3.2
    endloop
  endfacet
  facet normal 0.881957 0.471329 0
    outer loop
      vertex -32.0545 38.0807 13.2
      vertex -32.4241 38.7723 3.2
      vertex -32.4241 38.7723 13.2
    endloop
  endfacet
  facet normal 0.881957 0.471329 0
    outer loop
      vertex -32.4241 38.7723 3.2
      vertex -32.0545 38.0807 13.2
      vertex -32.0545 38.0807 3.2
    endloop
  endfacet
  facet normal 0.290283 -0.956941 0
    outer loop
      vertex -34.9696 32.6269 3.2
      vertex -34.2193 32.8545 13.2
      vertex -34.9696 32.6269 13.2
    endloop
  endfacet
  facet normal 0.290283 -0.956941 0
    outer loop
      vertex -34.2193 32.8545 13.2
      vertex -34.9696 32.6269 3.2
      vertex -34.2193 32.8545 3.2
    endloop
  endfacet
  facet normal -0.99518 0.0980643 0
    outer loop
      vertex -39.75 36.55 3.2
      vertex -39.6731 37.3304 13.2
      vertex -39.6731 37.3304 3.2
    endloop
  endfacet
  facet normal -0.99518 0.0980643 0
    outer loop
      vertex -39.6731 37.3304 13.2
      vertex -39.75 36.55 3.2
      vertex -39.75 36.55 13.2
    endloop
  endfacet
  facet normal 0.634459 0.772956 -0
    outer loop
      vertex -32.9216 39.3784 3.2
      vertex -33.5277 39.8759 13.2
      vertex -32.9216 39.3784 13.2
    endloop
  endfacet
  facet normal 0.634459 0.772956 0
    outer loop
      vertex -33.5277 39.8759 13.2
      vertex -32.9216 39.3784 3.2
      vertex -33.5277 39.8759 3.2
    endloop
  endfacet
  facet normal -0.634459 -0.772956 0
    outer loop
      vertex -38.5784 33.7216 3.2
      vertex -37.9723 33.2241 13.2
      vertex -38.5784 33.7216 13.2
    endloop
  endfacet
  facet normal -0.634459 -0.772956 -0
    outer loop
      vertex -37.9723 33.2241 13.2
      vertex -38.5784 33.7216 3.2
      vertex -37.9723 33.2241 3.2
    endloop
  endfacet
  facet normal -0.471329 -0.881957 0
    outer loop
      vertex -37.9723 33.2241 3.2
      vertex -37.2807 32.8545 13.2
      vertex -37.9723 33.2241 13.2
    endloop
  endfacet
  facet normal -0.471329 -0.881957 -0
    outer loop
      vertex -37.2807 32.8545 13.2
      vertex -37.9723 33.2241 3.2
      vertex -37.2807 32.8545 3.2
    endloop
  endfacet
  facet normal 0 0 1
    outer loop
      vertex -34.3379 36.55 13.2
      vertex -31.75 36.55 13.2
      vertex -31.8269 37.3304 13.2
    endloop
  endfacet
  facet normal 0 0 1
    outer loop
      vertex -34.386 36.9155 13.2
      vertex -31.8269 37.3304 13.2
      vertex -32.0545 38.0807 13.2
    endloop
  endfacet
  facet normal 0 0 1
    outer loop
      vertex -31.75 36.55 13.2
      vertex -34.3379 36.55 13.2
      vertex -31.8269 35.7696 13.2
    endloop
  endfacet
  facet normal 0 0 1
    outer loop
      vertex -34.5271 37.256 13.2
      vertex -32.0545 38.0807 13.2
      vertex -32.4241 38.7723 13.2
    endloop
  endfacet
  facet normal -0 0 1
    outer loop
      vertex -34.386 36.1845 13.2
      vertex -31.8269 35.7696 13.2
      vertex -34.3379 36.55 13.2
    endloop
  endfacet
  facet normal 0 0 1
    outer loop
      vertex -34.7515 37.5485 13.2
      vertex -32.4241 38.7723 13.2
      vertex -32.9216 39.3784 13.2
    endloop
  endfacet
  facet normal 0 0 1
    outer loop
      vertex -31.8269 35.7696 13.2
      vertex -34.386 36.1845 13.2
      vertex -32.0545 35.0193 13.2
    endloop
  endfacet
  facet normal 0 0 1
    outer loop
      vertex -34.7515 37.5485 13.2
      vertex -32.9216 39.3784 13.2
      vertex -33.5277 39.8759 13.2
    endloop
  endfacet
  facet normal -0 0 1
    outer loop
      vertex -34.5271 35.844 13.2
      vertex -32.0545 35.0193 13.2
      vertex -34.386 36.1845 13.2
    endloop
  endfacet
  facet normal 0 0 1
    outer loop
      vertex -35.044 37.7729 13.2
      vertex -33.5277 39.8759 13.2
      vertex -34.2193 40.2455 13.2
    endloop
  endfacet
  facet normal 0 0 1
    outer loop
      vertex -32.0545 35.0193 13.2
      vertex -34.5271 35.844 13.2
      vertex -32.4241 34.3277 13.2
    endloop
  endfacet
  facet normal -0 0 1
    outer loop
      vertex -34.7515 35.5515 13.2
      vertex -32.4241 34.3277 13.2
      vertex -34.5271 35.844 13.2
    endloop
  endfacet
  facet normal 0 0 1
    outer loop
      vertex -31.8269 37.3304 13.2
      vertex -34.386 36.9155 13.2
      vertex -34.3379 36.55 13.2
    endloop
  endfacet
  facet normal 0 0 1
    outer loop
      vertex -32.0545 38.0807 13.2
      vertex -34.5271 37.256 13.2
      vertex -34.386 36.9155 13.2
    endloop
  endfacet
  facet normal 0 0 1
    outer loop
      vertex -32.4241 38.7723 13.2
      vertex -34.7515 37.5485 13.2
      vertex -34.5271 37.256 13.2
    endloop
  endfacet
  facet normal 0 0 1
    outer loop
      vertex -35.3845 37.914 13.2
      vertex -34.2193 40.2455 13.2
      vertex -34.9696 40.4731 13.2
    endloop
  endfacet
  facet normal 0 0 1
    outer loop
      vertex -33.5277 39.8759 13.2
      vertex -35.044 37.7729 13.2
      vertex -34.7515 37.5485 13.2
    endloop
  endfacet
  facet normal 0 0 1
    outer loop
      vertex -34.2193 40.2455 13.2
      vertex -35.3845 37.914 13.2
      vertex -35.044 37.7729 13.2
    endloop
  endfacet
  facet normal 0 0 1
    outer loop
      vertex -35.75 37.9621 13.2
      vertex -34.9696 40.4731 13.2
      vertex -35.75 40.55 13.2
    endloop
  endfacet
  facet normal 0 0 1
    outer loop
      vertex -34.9696 40.4731 13.2
      vertex -35.75 37.9621 13.2
      vertex -35.3845 37.914 13.2
    endloop
  endfacet
  facet normal -0 0 1
    outer loop
      vertex -36.5304 40.4731 13.2
      vertex -35.75 37.9621 13.2
      vertex -35.75 40.55 13.2
    endloop
  endfacet
  facet normal 0 0 1
    outer loop
      vertex -35.75 37.9621 13.2
      vertex -36.5304 40.4731 13.2
      vertex -36.1155 37.914 13.2
    endloop
  endfacet
  facet normal -0 0 1
    outer loop
      vertex -37.2807 40.2455 13.2
      vertex -36.1155 37.914 13.2
      vertex -36.5304 40.4731 13.2
    endloop
  endfacet
  facet normal 0 0 1
    outer loop
      vertex -36.1155 37.914 13.2
      vertex -37.2807 40.2455 13.2
      vertex -36.456 37.7729 13.2
    endloop
  endfacet
  facet normal -0 0 1
    outer loop
      vertex -37.9723 39.8759 13.2
      vertex -36.456 37.7729 13.2
      vertex -37.2807 40.2455 13.2
    endloop
  endfacet
  facet normal 0 0 1
    outer loop
      vertex -36.456 37.7729 13.2
      vertex -37.9723 39.8759 13.2
      vertex -36.7485 37.5485 13.2
    endloop
  endfacet
  facet normal -0 0 1
    outer loop
      vertex -39.0759 38.7723 13.2
      vertex -36.7485 37.5485 13.2
      vertex -38.5784 39.3784 13.2
    endloop
  endfacet
  facet normal -0 0 1
    outer loop
      vertex -38.5784 39.3784 13.2
      vertex -36.7485 37.5485 13.2
      vertex -37.9723 39.8759 13.2
    endloop
  endfacet
  facet normal 0 0 1
    outer loop
      vertex -32.4241 34.3277 13.2
      vertex -34.7515 35.5515 13.2
      vertex -32.9216 33.7216 13.2
    endloop
  endfacet
  facet normal 0 0 1
    outer loop
      vertex -32.9216 33.7216 13.2
      vertex -34.7515 35.5515 13.2
      vertex -33.5277 33.2241 13.2
    endloop
  endfacet
  facet normal -0 0 1
    outer loop
      vertex -35.044 35.3271 13.2
      vertex -33.5277 33.2241 13.2
      vertex -34.7515 35.5515 13.2
    endloop
  endfacet
  facet normal 0 0 1
    outer loop
      vertex -33.5277 33.2241 13.2
      vertex -35.044 35.3271 13.2
      vertex -34.2193 32.8545 13.2
    endloop
  endfacet
  facet normal -0 0 1
    outer loop
      vertex -35.3845 35.186 13.2
      vertex -34.2193 32.8545 13.2
      vertex -35.044 35.3271 13.2
    endloop
  endfacet
  facet normal 0 0 1
    outer loop
      vertex -34.2193 32.8545 13.2
      vertex -35.3845 35.186 13.2
      vertex -34.9696 32.6269 13.2
    endloop
  endfacet
  facet normal -0 0 1
    outer loop
      vertex -35.75 35.1379 13.2
      vertex -34.9696 32.6269 13.2
      vertex -35.3845 35.186 13.2
    endloop
  endfacet
  facet normal 0 0 1
    outer loop
      vertex -35.75 35.1379 13.2
      vertex -35.75 32.55 13.2
      vertex -34.9696 32.6269 13.2
    endloop
  endfacet
  facet normal 0 0 1
    outer loop
      vertex -36.5304 32.6269 13.2
      vertex -35.75 35.1379 13.2
      vertex -36.1155 35.186 13.2
    endloop
  endfacet
  facet normal 0 0 1
    outer loop
      vertex -37.2807 32.8545 13.2
      vertex -36.1155 35.186 13.2
      vertex -36.456 35.3271 13.2
    endloop
  endfacet
  facet normal 0 0 1
    outer loop
      vertex -35.75 35.1379 13.2
      vertex -36.5304 32.6269 13.2
      vertex -35.75 32.55 13.2
    endloop
  endfacet
  facet normal 0 0 1
    outer loop
      vertex -37.9723 33.2241 13.2
      vertex -36.456 35.3271 13.2
      vertex -36.7485 35.5515 13.2
    endloop
  endfacet
  facet normal 0 0 1
    outer loop
      vertex -39.0759 34.3277 13.2
      vertex -36.7485 35.5515 13.2
      vertex -36.9729 35.844 13.2
    endloop
  endfacet
  facet normal 0 0 1
    outer loop
      vertex -39.4455 35.0193 13.2
      vertex -36.9729 35.844 13.2
      vertex -37.114 36.1845 13.2
    endloop
  endfacet
  facet normal 0 0 1
    outer loop
      vertex -36.1155 35.186 13.2
      vertex -37.2807 32.8545 13.2
      vertex -36.5304 32.6269 13.2
    endloop
  endfacet
  facet normal 0 0 1
    outer loop
      vertex -39.6731 35.7696 13.2
      vertex -37.114 36.1845 13.2
      vertex -37.1621 36.55 13.2
    endloop
  endfacet
  facet normal 0 0 1
    outer loop
      vertex -36.7485 37.5485 13.2
      vertex -39.0759 38.7723 13.2
      vertex -36.9729 37.256 13.2
    endloop
  endfacet
  facet normal -0 0 1
    outer loop
      vertex -39.4455 38.0807 13.2
      vertex -36.9729 37.256 13.2
      vertex -39.0759 38.7723 13.2
    endloop
  endfacet
  facet normal 0 0 1
    outer loop
      vertex -36.456 35.3271 13.2
      vertex -37.9723 33.2241 13.2
      vertex -37.2807 32.8545 13.2
    endloop
  endfacet
  facet normal 0 0 1
    outer loop
      vertex -36.9729 37.256 13.2
      vertex -39.4455 38.0807 13.2
      vertex -37.114 36.9155 13.2
    endloop
  endfacet
  facet normal 0 0 1
    outer loop
      vertex -36.7485 35.5515 13.2
      vertex -38.5784 33.7216 13.2
      vertex -37.9723 33.2241 13.2
    endloop
  endfacet
  facet normal -0 0 1
    outer loop
      vertex -39.6731 37.3304 13.2
      vertex -37.114 36.9155 13.2
      vertex -39.4455 38.0807 13.2
    endloop
  endfacet
  facet normal 0 0 1
    outer loop
      vertex -36.7485 35.5515 13.2
      vertex -39.0759 34.3277 13.2
      vertex -38.5784 33.7216 13.2
    endloop
  endfacet
  facet normal 0 0 1
    outer loop
      vertex -37.114 36.9155 13.2
      vertex -39.6731 37.3304 13.2
      vertex -37.1621 36.55 13.2
    endloop
  endfacet
  facet normal 0 0 1
    outer loop
      vertex -36.9729 35.844 13.2
      vertex -39.4455 35.0193 13.2
      vertex -39.0759 34.3277 13.2
    endloop
  endfacet
  facet normal 0 0 1
    outer loop
      vertex -39.75 36.55 13.2
      vertex -37.1621 36.55 13.2
      vertex -39.6731 37.3304 13.2
    endloop
  endfacet
  facet normal 0 0 1
    outer loop
      vertex -37.114 36.1845 13.2
      vertex -39.6731 35.7696 13.2
      vertex -39.4455 35.0193 13.2
    endloop
  endfacet
  facet normal 0 0 1
    outer loop
      vertex -37.1621 36.55 13.2
      vertex -39.75 36.55 13.2
      vertex -39.6731 35.7696 13.2
    endloop
  endfacet
  facet normal -0.634459 0.772956 0
    outer loop
      vertex -37.9723 39.8759 3.2
      vertex -38.5784 39.3784 13.2
      vertex -37.9723 39.8759 13.2
    endloop
  endfacet
  facet normal -0.634459 0.772956 0
    outer loop
      vertex -38.5784 39.3784 13.2
      vertex -37.9723 39.8759 3.2
      vertex -38.5784 39.3784 3.2
    endloop
  endfacet
  facet normal 0.881957 -0.471329 0
    outer loop
      vertex -32.4241 34.3277 13.2
      vertex -32.0545 35.0193 3.2
      vertex -32.0545 35.0193 13.2
    endloop
  endfacet
  facet normal 0.881957 -0.471329 0
    outer loop
      vertex -32.0545 35.0193 3.2
      vertex -32.4241 34.3277 13.2
      vertex -32.4241 34.3277 3.2
    endloop
  endfacet
  facet normal -0.290283 -0.956941 0
    outer loop
      vertex -37.2807 32.8545 3.2
      vertex -36.5304 32.6269 13.2
      vertex -37.2807 32.8545 13.2
    endloop
  endfacet
  facet normal -0.290283 -0.956941 -0
    outer loop
      vertex -36.5304 32.6269 13.2
      vertex -37.2807 32.8545 3.2
      vertex -36.5304 32.6269 3.2
    endloop
  endfacet
  facet normal 0.0980643 -0.99518 0
    outer loop
      vertex -35.75 32.55 3.2
      vertex -34.9696 32.6269 13.2
      vertex -35.75 32.55 13.2
    endloop
  endfacet
  facet normal 0.0980643 -0.99518 0
    outer loop
      vertex -34.9696 32.6269 13.2
      vertex -35.75 32.55 3.2
      vertex -34.9696 32.6269 3.2
    endloop
  endfacet
  facet normal -0.772956 0.634459 0
    outer loop
      vertex -39.0759 38.7723 3.2
      vertex -38.5784 39.3784 13.2
      vertex -38.5784 39.3784 3.2
    endloop
  endfacet
  facet normal -0.772956 0.634459 0
    outer loop
      vertex -38.5784 39.3784 13.2
      vertex -39.0759 38.7723 3.2
      vertex -39.0759 38.7723 13.2
    endloop
  endfacet
  facet normal 0.772956 0.634459 0
    outer loop
      vertex -32.4241 38.7723 13.2
      vertex -32.9216 39.3784 3.2
      vertex -32.9216 39.3784 13.2
    endloop
  endfacet
  facet normal 0.772956 0.634459 0
    outer loop
      vertex -32.9216 39.3784 3.2
      vertex -32.4241 38.7723 13.2
      vertex -32.4241 38.7723 3.2
    endloop
  endfacet
  facet normal -0.471329 0.881957 0
    outer loop
      vertex -37.2807 40.2455 3.2
      vertex -37.9723 39.8759 13.2
      vertex -37.2807 40.2455 13.2
    endloop
  endfacet
  facet normal -0.471329 0.881957 0
    outer loop
      vertex -37.9723 39.8759 13.2
      vertex -37.2807 40.2455 3.2
      vertex -37.9723 39.8759 3.2
    endloop
  endfacet
  facet normal -0.290283 0.956941 0
    outer loop
      vertex -36.5304 40.4731 3.2
      vertex -37.2807 40.2455 13.2
      vertex -36.5304 40.4731 13.2
    endloop
  endfacet
  facet normal -0.290283 0.956941 0
    outer loop
      vertex -37.2807 40.2455 13.2
      vertex -36.5304 40.4731 3.2
      vertex -37.2807 40.2455 3.2
    endloop
  endfacet
  facet normal 0.634459 -0.772956 0
    outer loop
      vertex -33.5277 33.2241 3.2
      vertex -32.9216 33.7216 13.2
      vertex -33.5277 33.2241 13.2
    endloop
  endfacet
  facet normal 0.634459 -0.772956 0
    outer loop
      vertex -32.9216 33.7216 13.2
      vertex -33.5277 33.2241 3.2
      vertex -32.9216 33.7216 3.2
    endloop
  endfacet
  facet normal 0.290283 0.956941 -0
    outer loop
      vertex -34.2193 40.2455 3.2
      vertex -34.9696 40.4731 13.2
      vertex -34.2193 40.2455 13.2
    endloop
  endfacet
  facet normal 0.290283 0.956941 0
    outer loop
      vertex -34.9696 40.4731 13.2
      vertex -34.2193 40.2455 3.2
      vertex -34.9696 40.4731 3.2
    endloop
  endfacet
  facet normal -0.99518 -0.0980643 0
    outer loop
      vertex -39.6731 35.7696 3.2
      vertex -39.75 36.55 13.2
      vertex -39.75 36.55 3.2
    endloop
  endfacet
  facet normal -0.99518 -0.0980643 0
    outer loop
      vertex -39.75 36.55 13.2
      vertex -39.6731 35.7696 3.2
      vertex -39.6731 35.7696 13.2
    endloop
  endfacet
  facet normal 0.471329 -0.881957 0
    outer loop
      vertex -34.2193 32.8545 3.2
      vertex -33.5277 33.2241 13.2
      vertex -34.2193 32.8545 13.2
    endloop
  endfacet
  facet normal 0.471329 -0.881957 0
    outer loop
      vertex -33.5277 33.2241 13.2
      vertex -34.2193 32.8545 3.2
      vertex -33.5277 33.2241 3.2
    endloop
  endfacet
  facet normal -0.881957 0.471329 0
    outer loop
      vertex -39.4455 38.0807 3.2
      vertex -39.0759 38.7723 13.2
      vertex -39.0759 38.7723 3.2
    endloop
  endfacet
  facet normal -0.881957 0.471329 0
    outer loop
      vertex -39.0759 38.7723 13.2
      vertex -39.4455 38.0807 3.2
      vertex -39.4455 38.0807 13.2
    endloop
  endfacet
  facet normal 0.471329 0.881957 -0
    outer loop
      vertex -33.5277 39.8759 3.2
      vertex -34.2193 40.2455 13.2
      vertex -33.5277 39.8759 13.2
    endloop
  endfacet
  facet normal 0.471329 0.881957 0
    outer loop
      vertex -34.2193 40.2455 13.2
      vertex -33.5277 39.8759 3.2
      vertex -34.2193 40.2455 3.2
    endloop
  endfacet
  facet normal -0.0980643 0.99518 0
    outer loop
      vertex -35.75 40.55 3.2
      vertex -36.5304 40.4731 13.2
      vertex -35.75 40.55 13.2
    endloop
  endfacet
  facet normal -0.0980643 0.99518 0
    outer loop
      vertex -36.5304 40.4731 13.2
      vertex -35.75 40.55 3.2
      vertex -36.5304 40.4731 3.2
    endloop
  endfacet
  facet normal -0.0980643 -0.99518 0
    outer loop
      vertex -36.5304 32.6269 3.2
      vertex -35.75 32.55 13.2
      vertex -36.5304 32.6269 13.2
    endloop
  endfacet
  facet normal -0.0980643 -0.99518 -0
    outer loop
      vertex -35.75 32.55 13.2
      vertex -36.5304 32.6269 3.2
      vertex -35.75 32.55 3.2
    endloop
  endfacet
  facet normal -0.956941 0.290283 0
    outer loop
      vertex -39.6731 37.3304 3.2
      vertex -39.4455 38.0807 13.2
      vertex -39.4455 38.0807 3.2
    endloop
  endfacet
  facet normal -0.956941 0.290283 0
    outer loop
      vertex -39.4455 38.0807 13.2
      vertex -39.6731 37.3304 3.2
      vertex -39.6731 37.3304 13.2
    endloop
  endfacet
  facet normal 0.956941 -0.290283 0
    outer loop
      vertex -32.0545 35.0193 13.2
      vertex -31.8269 35.7696 3.2
      vertex -31.8269 35.7696 13.2
    endloop
  endfacet
  facet normal 0.956941 -0.290283 0
    outer loop
      vertex -31.8269 35.7696 3.2
      vertex -32.0545 35.0193 13.2
      vertex -32.0545 35.0193 3.2
    endloop
  endfacet
  facet normal -0.956941 -0.290283 0
    outer loop
      vertex -39.4455 35.0193 3.2
      vertex -39.6731 35.7696 13.2
      vertex -39.6731 35.7696 3.2
    endloop
  endfacet
  facet normal -0.956941 -0.290283 0
    outer loop
      vertex -39.6731 35.7696 13.2
      vertex -39.4455 35.0193 3.2
      vertex -39.4455 35.0193 13.2
    endloop
  endfacet
  facet normal -0.881957 -0.471329 0
    outer loop
      vertex -39.0759 34.3277 3.2
      vertex -39.4455 35.0193 13.2
      vertex -39.4455 35.0193 3.2
    endloop
  endfacet
  facet normal -0.881957 -0.471329 0
    outer loop
      vertex -39.4455 35.0193 13.2
      vertex -39.0759 34.3277 3.2
      vertex -39.0759 34.3277 13.2
    endloop
  endfacet
  facet normal 0.99518 -0.0980643 0
    outer loop
      vertex -31.8269 35.7696 13.2
      vertex -31.75 36.55 3.2
      vertex -31.75 36.55 13.2
    endloop
  endfacet
  facet normal 0.99518 -0.0980643 0
    outer loop
      vertex -31.75 36.55 3.2
      vertex -31.8269 35.7696 13.2
      vertex -31.8269 35.7696 3.2
    endloop
  endfacet
  facet normal 0.772956 -0.634459 0
    outer loop
      vertex -32.9216 33.7216 13.2
      vertex -32.4241 34.3277 3.2
      vertex -32.4241 34.3277 13.2
    endloop
  endfacet
  facet normal 0.772956 -0.634459 0
    outer loop
      vertex -32.4241 34.3277 3.2
      vertex -32.9216 33.7216 13.2
      vertex -32.9216 33.7216 3.2
    endloop
  endfacet
  facet normal -0.772956 -0.634459 0
    outer loop
      vertex -38.5784 33.7216 3.2
      vertex -39.0759 34.3277 13.2
      vertex -39.0759 34.3277 3.2
    endloop
  endfacet
  facet normal -0.772956 -0.634459 0
    outer loop
      vertex -39.0759 34.3277 13.2
      vertex -38.5784 33.7216 3.2
      vertex -38.5784 33.7216 13.2
    endloop
  endfacet
  facet normal 0.0980643 0.99518 -0
    outer loop
      vertex -34.9696 40.4731 3.2
      vertex -35.75 40.55 13.2
      vertex -34.9696 40.4731 13.2
    endloop
  endfacet
  facet normal 0.0980643 0.99518 0
    outer loop
      vertex -35.75 40.55 13.2
      vertex -34.9696 40.4731 3.2
      vertex -35.75 40.55 3.2
    endloop
  endfacet
  facet normal 0.956941 0.290283 0
    outer loop
      vertex 39.6731 -34.1696 13.2
      vertex 39.4455 -33.4193 3.2
      vertex 39.4455 -33.4193 13.2
    endloop
  endfacet
  facet normal 0.956941 0.290283 0
    outer loop
      vertex 39.4455 -33.4193 3.2
      vertex 39.6731 -34.1696 13.2
      vertex 39.6731 -34.1696 3.2
    endloop
  endfacet
  facet normal 0.99518 0.0980643 0
    outer loop
      vertex 39.75 -34.95 13.2
      vertex 39.6731 -34.1696 3.2
      vertex 39.6731 -34.1696 13.2
    endloop
  endfacet
  facet normal 0.99518 0.0980643 0
    outer loop
      vertex 39.6731 -34.1696 3.2
      vertex 39.75 -34.95 13.2
      vertex 39.75 -34.95 3.2
    endloop
  endfacet
  facet normal 0.881957 0.471329 0
    outer loop
      vertex 39.4455 -33.4193 13.2
      vertex 39.0759 -32.7277 3.2
      vertex 39.0759 -32.7277 13.2
    endloop
  endfacet
  facet normal 0.881957 0.471329 0
    outer loop
      vertex 39.0759 -32.7277 3.2
      vertex 39.4455 -33.4193 13.2
      vertex 39.4455 -33.4193 3.2
    endloop
  endfacet
  facet normal -0.290283 0.956941 0
    outer loop
      vertex 34.9696 -31.0269 3.2
      vertex 34.2193 -31.2545 13.2
      vertex 34.9696 -31.0269 13.2
    endloop
  endfacet
  facet normal -0.290283 0.956941 0
    outer loop
      vertex 34.2193 -31.2545 13.2
      vertex 34.9696 -31.0269 3.2
      vertex 34.2193 -31.2545 3.2
    endloop
  endfacet
  facet normal 0.99518 -0.0980643 0
    outer loop
      vertex 39.6731 -35.7304 13.2
      vertex 39.75 -34.95 3.2
      vertex 39.75 -34.95 13.2
    endloop
  endfacet
  facet normal 0.99518 -0.0980643 0
    outer loop
      vertex 39.75 -34.95 3.2
      vertex 39.6731 -35.7304 13.2
      vertex 39.6731 -35.7304 3.2
    endloop
  endfacet
  facet normal 0.471329 -0.881957 0
    outer loop
      vertex 37.2807 -38.6455 3.2
      vertex 37.9723 -38.2759 13.2
      vertex 37.2807 -38.6455 13.2
    endloop
  endfacet
  facet normal 0.471329 -0.881957 0
    outer loop
      vertex 37.9723 -38.2759 13.2
      vertex 37.2807 -38.6455 3.2
      vertex 37.9723 -38.2759 3.2
    endloop
  endfacet
  facet normal -0.634459 -0.772956 0
    outer loop
      vertex 32.9216 -37.7784 3.2
      vertex 33.5277 -38.2759 13.2
      vertex 32.9216 -37.7784 13.2
    endloop
  endfacet
  facet normal -0.634459 -0.772956 -0
    outer loop
      vertex 33.5277 -38.2759 13.2
      vertex 32.9216 -37.7784 3.2
      vertex 33.5277 -38.2759 3.2
    endloop
  endfacet
  facet normal 0.772956 0.634459 0
    outer loop
      vertex 39.0759 -32.7277 13.2
      vertex 38.5784 -32.1216 3.2
      vertex 38.5784 -32.1216 13.2
    endloop
  endfacet
  facet normal 0.772956 0.634459 0
    outer loop
      vertex 38.5784 -32.1216 3.2
      vertex 39.0759 -32.7277 13.2
      vertex 39.0759 -32.7277 3.2
    endloop
  endfacet
  facet normal -0.99518 -0.0980643 0
    outer loop
      vertex 31.8269 -35.7304 3.2
      vertex 31.75 -34.95 13.2
      vertex 31.75 -34.95 3.2
    endloop
  endfacet
  facet normal -0.99518 -0.0980643 0
    outer loop
      vertex 31.75 -34.95 13.2
      vertex 31.8269 -35.7304 3.2
      vertex 31.8269 -35.7304 13.2
    endloop
  endfacet
  facet normal -0.881957 -0.471329 0
    outer loop
      vertex 32.4241 -37.1723 3.2
      vertex 32.0545 -36.4807 13.2
      vertex 32.0545 -36.4807 3.2
    endloop
  endfacet
  facet normal -0.881957 -0.471329 0
    outer loop
      vertex 32.0545 -36.4807 13.2
      vertex 32.4241 -37.1723 3.2
      vertex 32.4241 -37.1723 13.2
    endloop
  endfacet
  facet normal -0.956941 -0.290283 0
    outer loop
      vertex 32.0545 -36.4807 3.2
      vertex 31.8269 -35.7304 13.2
      vertex 31.8269 -35.7304 3.2
    endloop
  endfacet
  facet normal -0.956941 -0.290283 0
    outer loop
      vertex 31.8269 -35.7304 13.2
      vertex 32.0545 -36.4807 3.2
      vertex 32.0545 -36.4807 13.2
    endloop
  endfacet
  facet normal 0.471329 0.881957 -0
    outer loop
      vertex 37.9723 -31.6241 3.2
      vertex 37.2807 -31.2545 13.2
      vertex 37.9723 -31.6241 13.2
    endloop
  endfacet
  facet normal 0.471329 0.881957 0
    outer loop
      vertex 37.2807 -31.2545 13.2
      vertex 37.9723 -31.6241 3.2
      vertex 37.2807 -31.2545 3.2
    endloop
  endfacet
  facet normal -0.290283 -0.956941 0
    outer loop
      vertex 34.2193 -38.6455 3.2
      vertex 34.9696 -38.8731 13.2
      vertex 34.2193 -38.6455 13.2
    endloop
  endfacet
  facet normal -0.290283 -0.956941 -0
    outer loop
      vertex 34.9696 -38.8731 13.2
      vertex 34.2193 -38.6455 3.2
      vertex 34.9696 -38.8731 3.2
    endloop
  endfacet
  facet normal 0 0 1
    outer loop
      vertex 37.1621 -34.95 13.2
      vertex 39.75 -34.95 13.2
      vertex 39.6731 -34.1696 13.2
    endloop
  endfacet
  facet normal 0 0 1
    outer loop
      vertex 37.114 -34.5845 13.2
      vertex 39.6731 -34.1696 13.2
      vertex 39.4455 -33.4193 13.2
    endloop
  endfacet
  facet normal 0 0 1
    outer loop
      vertex 39.75 -34.95 13.2
      vertex 37.1621 -34.95 13.2
      vertex 39.6731 -35.7304 13.2
    endloop
  endfacet
  facet normal 0 0 1
    outer loop
      vertex 36.9729 -34.244 13.2
      vertex 39.4455 -33.4193 13.2
      vertex 39.0759 -32.7277 13.2
    endloop
  endfacet
  facet normal -0 0 1
    outer loop
      vertex 37.114 -35.3155 13.2
      vertex 39.6731 -35.7304 13.2
      vertex 37.1621 -34.95 13.2
    endloop
  endfacet
  facet normal 0 0 1
    outer loop
      vertex 36.7485 -33.9515 13.2
      vertex 39.0759 -32.7277 13.2
      vertex 38.5784 -32.1216 13.2
    endloop
  endfacet
  facet normal 0 0 1
    outer loop
      vertex 39.6731 -35.7304 13.2
      vertex 37.114 -35.3155 13.2
      vertex 39.4455 -36.4807 13.2
    endloop
  endfacet
  facet normal 0 0 1
    outer loop
      vertex 36.7485 -33.9515 13.2
      vertex 38.5784 -32.1216 13.2
      vertex 37.9723 -31.6241 13.2
    endloop
  endfacet
  facet normal -0 0 1
    outer loop
      vertex 36.9729 -35.656 13.2
      vertex 39.4455 -36.4807 13.2
      vertex 37.114 -35.3155 13.2
    endloop
  endfacet
  facet normal 0 0 1
    outer loop
      vertex 36.456 -33.7271 13.2
      vertex 37.9723 -31.6241 13.2
      vertex 37.2807 -31.2545 13.2
    endloop
  endfacet
  facet normal 0 0 1
    outer loop
      vertex 39.4455 -36.4807 13.2
      vertex 36.9729 -35.656 13.2
      vertex 39.0759 -37.1723 13.2
    endloop
  endfacet
  facet normal -0 0 1
    outer loop
      vertex 36.7485 -35.9485 13.2
      vertex 39.0759 -37.1723 13.2
      vertex 36.9729 -35.656 13.2
    endloop
  endfacet
  facet normal 0 0 1
    outer loop
      vertex 39.6731 -34.1696 13.2
      vertex 37.114 -34.5845 13.2
      vertex 37.1621 -34.95 13.2
    endloop
  endfacet
  facet normal 0 0 1
    outer loop
      vertex 39.4455 -33.4193 13.2
      vertex 36.9729 -34.244 13.2
      vertex 37.114 -34.5845 13.2
    endloop
  endfacet
  facet normal 0 0 1
    outer loop
      vertex 39.0759 -32.7277 13.2
      vertex 36.7485 -33.9515 13.2
      vertex 36.9729 -34.244 13.2
    endloop
  endfacet
  facet normal 0 0 1
    outer loop
      vertex 36.1155 -33.586 13.2
      vertex 37.2807 -31.2545 13.2
      vertex 36.5304 -31.0269 13.2
    endloop
  endfacet
  facet normal 0 0 1
    outer loop
      vertex 37.9723 -31.6241 13.2
      vertex 36.456 -33.7271 13.2
      vertex 36.7485 -33.9515 13.2
    endloop
  endfacet
  facet normal 0 0 1
    outer loop
      vertex 37.2807 -31.2545 13.2
      vertex 36.1155 -33.586 13.2
      vertex 36.456 -33.7271 13.2
    endloop
  endfacet
  facet normal 0 0 1
    outer loop
      vertex 35.75 -33.5379 13.2
      vertex 36.5304 -31.0269 13.2
      vertex 35.75 -30.95 13.2
    endloop
  endfacet
  facet normal 0 0 1
    outer loop
      vertex 36.5304 -31.0269 13.2
      vertex 35.75 -33.5379 13.2
      vertex 36.1155 -33.586 13.2
    endloop
  endfacet
  facet normal -0 0 1
    outer loop
      vertex 34.9696 -31.0269 13.2
      vertex 35.75 -33.5379 13.2
      vertex 35.75 -30.95 13.2
    endloop
  endfacet
  facet normal 0 0 1
    outer loop
      vertex 35.75 -33.5379 13.2
      vertex 34.9696 -31.0269 13.2
      vertex 35.3845 -33.586 13.2
    endloop
  endfacet
  facet normal -0 0 1
    outer loop
      vertex 34.2193 -31.2545 13.2
      vertex 35.3845 -33.586 13.2
      vertex 34.9696 -31.0269 13.2
    endloop
  endfacet
  facet normal 0 0 1
    outer loop
      vertex 35.3845 -33.586 13.2
      vertex 34.2193 -31.2545 13.2
      vertex 35.044 -33.7271 13.2
    endloop
  endfacet
  facet normal -0 0 1
    outer loop
      vertex 33.5277 -31.6241 13.2
      vertex 35.044 -33.7271 13.2
      vertex 34.2193 -31.2545 13.2
    endloop
  endfacet
  facet normal 0 0 1
    outer loop
      vertex 35.044 -33.7271 13.2
      vertex 33.5277 -31.6241 13.2
      vertex 34.7515 -33.9515 13.2
    endloop
  endfacet
  facet normal -0 0 1
    outer loop
      vertex 32.4241 -32.7277 13.2
      vertex 34.7515 -33.9515 13.2
      vertex 32.9216 -32.1216 13.2
    endloop
  endfacet
  facet normal -0 0 1
    outer loop
      vertex 32.9216 -32.1216 13.2
      vertex 34.7515 -33.9515 13.2
      vertex 33.5277 -31.6241 13.2
    endloop
  endfacet
  facet normal 0 0 1
    outer loop
      vertex 39.0759 -37.1723 13.2
      vertex 36.7485 -35.9485 13.2
      vertex 38.5784 -37.7784 13.2
    endloop
  endfacet
  facet normal 0 0 1
    outer loop
      vertex 38.5784 -37.7784 13.2
      vertex 36.7485 -35.9485 13.2
      vertex 37.9723 -38.2759 13.2
    endloop
  endfacet
  facet normal -0 0 1
    outer loop
      vertex 36.456 -36.1729 13.2
      vertex 37.9723 -38.2759 13.2
      vertex 36.7485 -35.9485 13.2
    endloop
  endfacet
  facet normal 0 0 1
    outer loop
      vertex 37.9723 -38.2759 13.2
      vertex 36.456 -36.1729 13.2
      vertex 37.2807 -38.6455 13.2
    endloop
  endfacet
  facet normal -0 0 1
    outer loop
      vertex 36.1155 -36.314 13.2
      vertex 37.2807 -38.6455 13.2
      vertex 36.456 -36.1729 13.2
    endloop
  endfacet
  facet normal 0 0 1
    outer loop
      vertex 37.2807 -38.6455 13.2
      vertex 36.1155 -36.314 13.2
      vertex 36.5304 -38.8731 13.2
    endloop
  endfacet
  facet normal -0 0 1
    outer loop
      vertex 35.75 -36.3621 13.2
      vertex 36.5304 -38.8731 13.2
      vertex 36.1155 -36.314 13.2
    endloop
  endfacet
  facet normal 0 0 1
    outer loop
      vertex 35.75 -36.3621 13.2
      vertex 35.75 -38.95 13.2
      vertex 36.5304 -38.8731 13.2
    endloop
  endfacet
  facet normal 0 0 1
    outer loop
      vertex 34.9696 -38.8731 13.2
      vertex 35.75 -36.3621 13.2
      vertex 35.3845 -36.314 13.2
    endloop
  endfacet
  facet normal 0 0 1
    outer loop
      vertex 34.2193 -38.6455 13.2
      vertex 35.3845 -36.314 13.2
      vertex 35.044 -36.1729 13.2
    endloop
  endfacet
  facet normal 0 0 1
    outer loop
      vertex 35.75 -36.3621 13.2
      vertex 34.9696 -38.8731 13.2
      vertex 35.75 -38.95 13.2
    endloop
  endfacet
  facet normal 0 0 1
    outer loop
      vertex 33.5277 -38.2759 13.2
      vertex 35.044 -36.1729 13.2
      vertex 34.7515 -35.9485 13.2
    endloop
  endfacet
  facet normal 0 0 1
    outer loop
      vertex 32.4241 -37.1723 13.2
      vertex 34.7515 -35.9485 13.2
      vertex 34.5271 -35.656 13.2
    endloop
  endfacet
  facet normal 0 0 1
    outer loop
      vertex 32.0545 -36.4807 13.2
      vertex 34.5271 -35.656 13.2
      vertex 34.386 -35.3155 13.2
    endloop
  endfacet
  facet normal 0 0 1
    outer loop
      vertex 35.3845 -36.314 13.2
      vertex 34.2193 -38.6455 13.2
      vertex 34.9696 -38.8731 13.2
    endloop
  endfacet
  facet normal 0 0 1
    outer loop
      vertex 31.8269 -35.7304 13.2
      vertex 34.386 -35.3155 13.2
      vertex 34.3379 -34.95 13.2
    endloop
  endfacet
  facet normal 0 0 1
    outer loop
      vertex 34.7515 -33.9515 13.2
      vertex 32.4241 -32.7277 13.2
      vertex 34.5271 -34.244 13.2
    endloop
  endfacet
  facet normal -0 0 1
    outer loop
      vertex 32.0545 -33.4193 13.2
      vertex 34.5271 -34.244 13.2
      vertex 32.4241 -32.7277 13.2
    endloop
  endfacet
  facet normal 0 0 1
    outer loop
      vertex 35.044 -36.1729 13.2
      vertex 33.5277 -38.2759 13.2
      vertex 34.2193 -38.6455 13.2
    endloop
  endfacet
  facet normal 0 0 1
    outer loop
      vertex 34.5271 -34.244 13.2
      vertex 32.0545 -33.4193 13.2
      vertex 34.386 -34.5845 13.2
    endloop
  endfacet
  facet normal 0 0 1
    outer loop
      vertex 34.7515 -35.9485 13.2
      vertex 32.9216 -37.7784 13.2
      vertex 33.5277 -38.2759 13.2
    endloop
  endfacet
  facet normal -0 0 1
    outer loop
      vertex 31.8269 -34.1696 13.2
      vertex 34.386 -34.5845 13.2
      vertex 32.0545 -33.4193 13.2
    endloop
  endfacet
  facet normal 0 0 1
    outer loop
      vertex 34.7515 -35.9485 13.2
      vertex 32.4241 -37.1723 13.2
      vertex 32.9216 -37.7784 13.2
    endloop
  endfacet
  facet normal 0 0 1
    outer loop
      vertex 34.386 -34.5845 13.2
      vertex 31.8269 -34.1696 13.2
      vertex 34.3379 -34.95 13.2
    endloop
  endfacet
  facet normal 0 0 1
    outer loop
      vertex 34.5271 -35.656 13.2
      vertex 32.0545 -36.4807 13.2
      vertex 32.4241 -37.1723 13.2
    endloop
  endfacet
  facet normal 0 0 1
    outer loop
      vertex 31.75 -34.95 13.2
      vertex 34.3379 -34.95 13.2
      vertex 31.8269 -34.1696 13.2
    endloop
  endfacet
  facet normal 0 0 1
    outer loop
      vertex 34.386 -35.3155 13.2
      vertex 31.8269 -35.7304 13.2
      vertex 32.0545 -36.4807 13.2
    endloop
  endfacet
  facet normal 0 0 1
    outer loop
      vertex 34.3379 -34.95 13.2
      vertex 31.75 -34.95 13.2
      vertex 31.8269 -35.7304 13.2
    endloop
  endfacet
  facet normal -0.0980643 0.99518 0
    outer loop
      vertex 35.75 -30.95 3.2
      vertex 34.9696 -31.0269 13.2
      vertex 35.75 -30.95 13.2
    endloop
  endfacet
  facet normal -0.0980643 0.99518 0
    outer loop
      vertex 34.9696 -31.0269 13.2
      vertex 35.75 -30.95 3.2
      vertex 34.9696 -31.0269 3.2
    endloop
  endfacet
  facet normal 0.881957 -0.471329 0
    outer loop
      vertex 39.0759 -37.1723 13.2
      vertex 39.4455 -36.4807 3.2
      vertex 39.4455 -36.4807 13.2
    endloop
  endfacet
  facet normal 0.881957 -0.471329 0
    outer loop
      vertex 39.4455 -36.4807 3.2
      vertex 39.0759 -37.1723 13.2
      vertex 39.0759 -37.1723 3.2
    endloop
  endfacet
  facet normal 0.290283 0.956941 -0
    outer loop
      vertex 37.2807 -31.2545 3.2
      vertex 36.5304 -31.0269 13.2
      vertex 37.2807 -31.2545 13.2
    endloop
  endfacet
  facet normal 0.290283 0.956941 0
    outer loop
      vertex 36.5304 -31.0269 13.2
      vertex 37.2807 -31.2545 3.2
      vertex 36.5304 -31.0269 3.2
    endloop
  endfacet
  facet normal -0.881957 0.471329 0
    outer loop
      vertex 32.0545 -33.4193 3.2
      vertex 32.4241 -32.7277 13.2
      vertex 32.4241 -32.7277 3.2
    endloop
  endfacet
  facet normal -0.881957 0.471329 0
    outer loop
      vertex 32.4241 -32.7277 13.2
      vertex 32.0545 -33.4193 3.2
      vertex 32.0545 -33.4193 13.2
    endloop
  endfacet
  facet normal -0.471329 0.881957 0
    outer loop
      vertex 34.2193 -31.2545 3.2
      vertex 33.5277 -31.6241 13.2
      vertex 34.2193 -31.2545 13.2
    endloop
  endfacet
  facet normal -0.471329 0.881957 0
    outer loop
      vertex 33.5277 -31.6241 13.2
      vertex 34.2193 -31.2545 3.2
      vertex 33.5277 -31.6241 3.2
    endloop
  endfacet
  facet normal -0.634459 0.772956 0
    outer loop
      vertex 33.5277 -31.6241 3.2
      vertex 32.9216 -32.1216 13.2
      vertex 33.5277 -31.6241 13.2
    endloop
  endfacet
  facet normal -0.634459 0.772956 0
    outer loop
      vertex 32.9216 -32.1216 13.2
      vertex 33.5277 -31.6241 3.2
      vertex 32.9216 -32.1216 3.2
    endloop
  endfacet
  facet normal 0.0980643 0.99518 -0
    outer loop
      vertex 36.5304 -31.0269 3.2
      vertex 35.75 -30.95 13.2
      vertex 36.5304 -31.0269 13.2
    endloop
  endfacet
  facet normal 0.0980643 0.99518 0
    outer loop
      vertex 35.75 -30.95 13.2
      vertex 36.5304 -31.0269 3.2
      vertex 35.75 -30.95 3.2
    endloop
  endfacet
  facet normal 0.956941 -0.290283 0
    outer loop
      vertex 39.4455 -36.4807 13.2
      vertex 39.6731 -35.7304 3.2
      vertex 39.6731 -35.7304 13.2
    endloop
  endfacet
  facet normal 0.956941 -0.290283 0
    outer loop
      vertex 39.6731 -35.7304 3.2
      vertex 39.4455 -36.4807 13.2
      vertex 39.4455 -36.4807 3.2
    endloop
  endfacet
  facet normal -0.471329 -0.881957 0
    outer loop
      vertex 33.5277 -38.2759 3.2
      vertex 34.2193 -38.6455 13.2
      vertex 33.5277 -38.2759 13.2
    endloop
  endfacet
  facet normal -0.471329 -0.881957 -0
    outer loop
      vertex 34.2193 -38.6455 13.2
      vertex 33.5277 -38.2759 3.2
      vertex 34.2193 -38.6455 3.2
    endloop
  endfacet
  facet normal -0.0980643 -0.99518 0
    outer loop
      vertex 34.9696 -38.8731 3.2
      vertex 35.75 -38.95 13.2
      vertex 34.9696 -38.8731 13.2
    endloop
  endfacet
  facet normal -0.0980643 -0.99518 -0
    outer loop
      vertex 35.75 -38.95 13.2
      vertex 34.9696 -38.8731 3.2
      vertex 35.75 -38.95 3.2
    endloop
  endfacet
  facet normal 0.634459 0.772956 -0
    outer loop
      vertex 38.5784 -32.1216 3.2
      vertex 37.9723 -31.6241 13.2
      vertex 38.5784 -32.1216 13.2
    endloop
  endfacet
  facet normal 0.634459 0.772956 0
    outer loop
      vertex 37.9723 -31.6241 13.2
      vertex 38.5784 -32.1216 3.2
      vertex 37.9723 -31.6241 3.2
    endloop
  endfacet
  facet normal 0.0980643 -0.99518 0
    outer loop
      vertex 35.75 -38.95 3.2
      vertex 36.5304 -38.8731 13.2
      vertex 35.75 -38.95 13.2
    endloop
  endfacet
  facet normal 0.0980643 -0.99518 0
    outer loop
      vertex 36.5304 -38.8731 13.2
      vertex 35.75 -38.95 3.2
      vertex 36.5304 -38.8731 3.2
    endloop
  endfacet
  facet normal -0.772956 -0.634459 0
    outer loop
      vertex 32.9216 -37.7784 3.2
      vertex 32.4241 -37.1723 13.2
      vertex 32.4241 -37.1723 3.2
    endloop
  endfacet
  facet normal -0.772956 -0.634459 0
    outer loop
      vertex 32.4241 -37.1723 13.2
      vertex 32.9216 -37.7784 3.2
      vertex 32.9216 -37.7784 13.2
    endloop
  endfacet
  facet normal -0.772956 0.634459 0
    outer loop
      vertex 32.4241 -32.7277 3.2
      vertex 32.9216 -32.1216 13.2
      vertex 32.9216 -32.1216 3.2
    endloop
  endfacet
  facet normal -0.772956 0.634459 0
    outer loop
      vertex 32.9216 -32.1216 13.2
      vertex 32.4241 -32.7277 3.2
      vertex 32.4241 -32.7277 13.2
    endloop
  endfacet
  facet normal -0.99518 0.0980643 0
    outer loop
      vertex 31.75 -34.95 3.2
      vertex 31.8269 -34.1696 13.2
      vertex 31.8269 -34.1696 3.2
    endloop
  endfacet
  facet normal -0.99518 0.0980643 0
    outer loop
      vertex 31.8269 -34.1696 13.2
      vertex 31.75 -34.95 3.2
      vertex 31.75 -34.95 13.2
    endloop
  endfacet
  facet normal 0.634459 -0.772956 0
    outer loop
      vertex 37.9723 -38.2759 3.2
      vertex 38.5784 -37.7784 13.2
      vertex 37.9723 -38.2759 13.2
    endloop
  endfacet
  facet normal 0.634459 -0.772956 0
    outer loop
      vertex 38.5784 -37.7784 13.2
      vertex 37.9723 -38.2759 3.2
      vertex 38.5784 -37.7784 3.2
    endloop
  endfacet
  facet normal 0.772956 -0.634459 0
    outer loop
      vertex 38.5784 -37.7784 13.2
      vertex 39.0759 -37.1723 3.2
      vertex 39.0759 -37.1723 13.2
    endloop
  endfacet
  facet normal 0.772956 -0.634459 0
    outer loop
      vertex 39.0759 -37.1723 3.2
      vertex 38.5784 -37.7784 13.2
      vertex 38.5784 -37.7784 3.2
    endloop
  endfacet
  facet normal 0.290283 -0.956941 0
    outer loop
      vertex 36.5304 -38.8731 3.2
      vertex 37.2807 -38.6455 13.2
      vertex 36.5304 -38.8731 13.2
    endloop
  endfacet
  facet normal 0.290283 -0.956941 0
    outer loop
      vertex 37.2807 -38.6455 13.2
      vertex 36.5304 -38.8731 3.2
      vertex 37.2807 -38.6455 3.2
    endloop
  endfacet
  facet normal -0.956941 0.290283 0
    outer loop
      vertex 31.8269 -34.1696 3.2
      vertex 32.0545 -33.4193 13.2
      vertex 32.0545 -33.4193 3.2
    endloop
  endfacet
  facet normal -0.956941 0.290283 0
    outer loop
      vertex 32.0545 -33.4193 13.2
      vertex 31.8269 -34.1696 3.2
      vertex 31.8269 -34.1696 13.2
    endloop
  endfacet
  facet normal 0.956941 0.290283 0
    outer loop
      vertex 39.6731 37.3304 13.2
      vertex 39.4455 38.0807 3.2
      vertex 39.4455 38.0807 13.2
    endloop
  endfacet
  facet normal 0.956941 0.290283 0
    outer loop
      vertex 39.4455 38.0807 3.2
      vertex 39.6731 37.3304 13.2
      vertex 39.6731 37.3304 3.2
    endloop
  endfacet
  facet normal 0.99518 0.0980643 0
    outer loop
      vertex 39.75 36.55 13.2
      vertex 39.6731 37.3304 3.2
      vertex 39.6731 37.3304 13.2
    endloop
  endfacet
  facet normal 0.99518 0.0980643 0
    outer loop
      vertex 39.6731 37.3304 3.2
      vertex 39.75 36.55 13.2
      vertex 39.75 36.55 3.2
    endloop
  endfacet
  facet normal 0.881957 0.471329 0
    outer loop
      vertex 39.4455 38.0807 13.2
      vertex 39.0759 38.7723 3.2
      vertex 39.0759 38.7723 13.2
    endloop
  endfacet
  facet normal 0.881957 0.471329 0
    outer loop
      vertex 39.0759 38.7723 3.2
      vertex 39.4455 38.0807 13.2
      vertex 39.4455 38.0807 3.2
    endloop
  endfacet
  facet normal -0.290283 0.956941 0
    outer loop
      vertex 34.9696 40.4731 3.2
      vertex 34.2193 40.2455 13.2
      vertex 34.9696 40.4731 13.2
    endloop
  endfacet
  facet normal -0.290283 0.956941 0
    outer loop
      vertex 34.2193 40.2455 13.2
      vertex 34.9696 40.4731 3.2
      vertex 34.2193 40.2455 3.2
    endloop
  endfacet
  facet normal 0.99518 -0.0980643 0
    outer loop
      vertex 39.6731 35.7696 13.2
      vertex 39.75 36.55 3.2
      vertex 39.75 36.55 13.2
    endloop
  endfacet
  facet normal 0.99518 -0.0980643 0
    outer loop
      vertex 39.75 36.55 3.2
      vertex 39.6731 35.7696 13.2
      vertex 39.6731 35.7696 3.2
    endloop
  endfacet
  facet normal 0.471329 -0.881957 0
    outer loop
      vertex 37.2807 32.8545 3.2
      vertex 37.9723 33.2241 13.2
      vertex 37.2807 32.8545 13.2
    endloop
  endfacet
  facet normal 0.471329 -0.881957 0
    outer loop
      vertex 37.9723 33.2241 13.2
      vertex 37.2807 32.8545 3.2
      vertex 37.9723 33.2241 3.2
    endloop
  endfacet
  facet normal -0.634459 -0.772956 0
    outer loop
      vertex 32.9216 33.7216 3.2
      vertex 33.5277 33.2241 13.2
      vertex 32.9216 33.7216 13.2
    endloop
  endfacet
  facet normal -0.634459 -0.772956 -0
    outer loop
      vertex 33.5277 33.2241 13.2
      vertex 32.9216 33.7216 3.2
      vertex 33.5277 33.2241 3.2
    endloop
  endfacet
  facet normal 0.772956 0.634459 0
    outer loop
      vertex 39.0759 38.7723 13.2
      vertex 38.5784 39.3784 3.2
      vertex 38.5784 39.3784 13.2
    endloop
  endfacet
  facet normal 0.772956 0.634459 0
    outer loop
      vertex 38.5784 39.3784 3.2
      vertex 39.0759 38.7723 13.2
      vertex 39.0759 38.7723 3.2
    endloop
  endfacet
  facet normal -0.99518 -0.0980643 0
    outer loop
      vertex 31.8269 35.7696 3.2
      vertex 31.75 36.55 13.2
      vertex 31.75 36.55 3.2
    endloop
  endfacet
  facet normal -0.99518 -0.0980643 0
    outer loop
      vertex 31.75 36.55 13.2
      vertex 31.8269 35.7696 3.2
      vertex 31.8269 35.7696 13.2
    endloop
  endfacet
  facet normal -0.881957 -0.471329 0
    outer loop
      vertex 32.4241 34.3277 3.2
      vertex 32.0545 35.0193 13.2
      vertex 32.0545 35.0193 3.2
    endloop
  endfacet
  facet normal -0.881957 -0.471329 0
    outer loop
      vertex 32.0545 35.0193 13.2
      vertex 32.4241 34.3277 3.2
      vertex 32.4241 34.3277 13.2
    endloop
  endfacet
  facet normal -0.956941 -0.290283 0
    outer loop
      vertex 32.0545 35.0193 3.2
      vertex 31.8269 35.7696 13.2
      vertex 31.8269 35.7696 3.2
    endloop
  endfacet
  facet normal -0.956941 -0.290283 0
    outer loop
      vertex 31.8269 35.7696 13.2
      vertex 32.0545 35.0193 3.2
      vertex 32.0545 35.0193 13.2
    endloop
  endfacet
  facet normal 0.471329 0.881957 -0
    outer loop
      vertex 37.9723 39.8759 3.2
      vertex 37.2807 40.2455 13.2
      vertex 37.9723 39.8759 13.2
    endloop
  endfacet
  facet normal 0.471329 0.881957 0
    outer loop
      vertex 37.2807 40.2455 13.2
      vertex 37.9723 39.8759 3.2
      vertex 37.2807 40.2455 3.2
    endloop
  endfacet
  facet normal -0.290283 -0.956941 0
    outer loop
      vertex 34.2193 32.8545 3.2
      vertex 34.9696 32.6269 13.2
      vertex 34.2193 32.8545 13.2
    endloop
  endfacet
  facet normal -0.290283 -0.956941 -0
    outer loop
      vertex 34.9696 32.6269 13.2
      vertex 34.2193 32.8545 3.2
      vertex 34.9696 32.6269 3.2
    endloop
  endfacet
  facet normal -0.0980643 0.99518 0
    outer loop
      vertex 35.75 40.55 3.2
      vertex 34.9696 40.4731 13.2
      vertex 35.75 40.55 13.2
    endloop
  endfacet
  facet normal -0.0980643 0.99518 0
    outer loop
      vertex 34.9696 40.4731 13.2
      vertex 35.75 40.55 3.2
      vertex 34.9696 40.4731 3.2
    endloop
  endfacet
  facet normal 0.881957 -0.471329 0
    outer loop
      vertex 39.0759 34.3277 13.2
      vertex 39.4455 35.0193 3.2
      vertex 39.4455 35.0193 13.2
    endloop
  endfacet
  facet normal 0.881957 -0.471329 0
    outer loop
      vertex 39.4455 35.0193 3.2
      vertex 39.0759 34.3277 13.2
      vertex 39.0759 34.3277 3.2
    endloop
  endfacet
  facet normal 0.290283 0.956941 -0
    outer loop
      vertex 37.2807 40.2455 3.2
      vertex 36.5304 40.4731 13.2
      vertex 37.2807 40.2455 13.2
    endloop
  endfacet
  facet normal 0.290283 0.956941 0
    outer loop
      vertex 36.5304 40.4731 13.2
      vertex 37.2807 40.2455 3.2
      vertex 36.5304 40.4731 3.2
    endloop
  endfacet
  facet normal -0.881957 0.471329 0
    outer loop
      vertex 32.0545 38.0807 3.2
      vertex 32.4241 38.7723 13.2
      vertex 32.4241 38.7723 3.2
    endloop
  endfacet
  facet normal -0.881957 0.471329 0
    outer loop
      vertex 32.4241 38.7723 13.2
      vertex 32.0545 38.0807 3.2
      vertex 32.0545 38.0807 13.2
    endloop
  endfacet
  facet normal 0 0 1
    outer loop
      vertex 37.1621 36.55 13.2
      vertex 39.75 36.55 13.2
      vertex 39.6731 37.3304 13.2
    endloop
  endfacet
  facet normal 0 0 1
    outer loop
      vertex 37.114 36.9155 13.2
      vertex 39.6731 37.3304 13.2
      vertex 39.4455 38.0807 13.2
    endloop
  endfacet
  facet normal 0 0 1
    outer loop
      vertex 39.75 36.55 13.2
      vertex 37.1621 36.55 13.2
      vertex 39.6731 35.7696 13.2
    endloop
  endfacet
  facet normal 0 0 1
    outer loop
      vertex 36.9729 37.256 13.2
      vertex 39.4455 38.0807 13.2
      vertex 39.0759 38.7723 13.2
    endloop
  endfacet
  facet normal -0 0 1
    outer loop
      vertex 37.114 36.1845 13.2
      vertex 39.6731 35.7696 13.2
      vertex 37.1621 36.55 13.2
    endloop
  endfacet
  facet normal 0 0 1
    outer loop
      vertex 36.7485 37.5485 13.2
      vertex 39.0759 38.7723 13.2
      vertex 38.5784 39.3784 13.2
    endloop
  endfacet
  facet normal 0 0 1
    outer loop
      vertex 39.6731 35.7696 13.2
      vertex 37.114 36.1845 13.2
      vertex 39.4455 35.0193 13.2
    endloop
  endfacet
  facet normal 0 0 1
    outer loop
      vertex 36.7485 37.5485 13.2
      vertex 38.5784 39.3784 13.2
      vertex 37.9723 39.8759 13.2
    endloop
  endfacet
  facet normal -0 0 1
    outer loop
      vertex 36.9729 35.844 13.2
      vertex 39.4455 35.0193 13.2
      vertex 37.114 36.1845 13.2
    endloop
  endfacet
  facet normal 0 0 1
    outer loop
      vertex 36.456 37.7729 13.2
      vertex 37.9723 39.8759 13.2
      vertex 37.2807 40.2455 13.2
    endloop
  endfacet
  facet normal 0 0 1
    outer loop
      vertex 39.4455 35.0193 13.2
      vertex 36.9729 35.844 13.2
      vertex 39.0759 34.3277 13.2
    endloop
  endfacet
  facet normal -0 0 1
    outer loop
      vertex 36.7485 35.5515 13.2
      vertex 39.0759 34.3277 13.2
      vertex 36.9729 35.844 13.2
    endloop
  endfacet
  facet normal 0 0 1
    outer loop
      vertex 39.6731 37.3304 13.2
      vertex 37.114 36.9155 13.2
      vertex 37.1621 36.55 13.2
    endloop
  endfacet
  facet normal 0 0 1
    outer loop
      vertex 39.4455 38.0807 13.2
      vertex 36.9729 37.256 13.2
      vertex 37.114 36.9155 13.2
    endloop
  endfacet
  facet normal 0 0 1
    outer loop
      vertex 39.0759 38.7723 13.2
      vertex 36.7485 37.5485 13.2
      vertex 36.9729 37.256 13.2
    endloop
  endfacet
  facet normal 0 0 1
    outer loop
      vertex 36.1155 37.914 13.2
      vertex 37.2807 40.2455 13.2
      vertex 36.5304 40.4731 13.2
    endloop
  endfacet
  facet normal 0 0 1
    outer loop
      vertex 37.9723 39.8759 13.2
      vertex 36.456 37.7729 13.2
      vertex 36.7485 37.5485 13.2
    endloop
  endfacet
  facet normal 0 0 1
    outer loop
      vertex 37.2807 40.2455 13.2
      vertex 36.1155 37.914 13.2
      vertex 36.456 37.7729 13.2
    endloop
  endfacet
  facet normal 0 0 1
    outer loop
      vertex 35.75 37.9621 13.2
      vertex 36.5304 40.4731 13.2
      vertex 35.75 40.55 13.2
    endloop
  endfacet
  facet normal 0 0 1
    outer loop
      vertex 36.5304 40.4731 13.2
      vertex 35.75 37.9621 13.2
      vertex 36.1155 37.914 13.2
    endloop
  endfacet
  facet normal -0 0 1
    outer loop
      vertex 34.9696 40.4731 13.2
      vertex 35.75 37.9621 13.2
      vertex 35.75 40.55 13.2
    endloop
  endfacet
  facet normal 0 0 1
    outer loop
      vertex 35.75 37.9621 13.2
      vertex 34.9696 40.4731 13.2
      vertex 35.3845 37.914 13.2
    endloop
  endfacet
  facet normal -0 0 1
    outer loop
      vertex 34.2193 40.2455 13.2
      vertex 35.3845 37.914 13.2
      vertex 34.9696 40.4731 13.2
    endloop
  endfacet
  facet normal 0 0 1
    outer loop
      vertex 35.3845 37.914 13.2
      vertex 34.2193 40.2455 13.2
      vertex 35.044 37.7729 13.2
    endloop
  endfacet
  facet normal -0 0 1
    outer loop
      vertex 33.5277 39.8759 13.2
      vertex 35.044 37.7729 13.2
      vertex 34.2193 40.2455 13.2
    endloop
  endfacet
  facet normal 0 0 1
    outer loop
      vertex 35.044 37.7729 13.2
      vertex 33.5277 39.8759 13.2
      vertex 34.7515 37.5485 13.2
    endloop
  endfacet
  facet normal -0 0 1
    outer loop
      vertex 32.4241 38.7723 13.2
      vertex 34.7515 37.5485 13.2
      vertex 32.9216 39.3784 13.2
    endloop
  endfacet
  facet normal -0 0 1
    outer loop
      vertex 32.9216 39.3784 13.2
      vertex 34.7515 37.5485 13.2
      vertex 33.5277 39.8759 13.2
    endloop
  endfacet
  facet normal 0 0 1
    outer loop
      vertex 39.0759 34.3277 13.2
      vertex 36.7485 35.5515 13.2
      vertex 38.5784 33.7216 13.2
    endloop
  endfacet
  facet normal 0 0 1
    outer loop
      vertex 38.5784 33.7216 13.2
      vertex 36.7485 35.5515 13.2
      vertex 37.9723 33.2241 13.2
    endloop
  endfacet
  facet normal -0 0 1
    outer loop
      vertex 36.456 35.3271 13.2
      vertex 37.9723 33.2241 13.2
      vertex 36.7485 35.5515 13.2
    endloop
  endfacet
  facet normal 0 0 1
    outer loop
      vertex 37.9723 33.2241 13.2
      vertex 36.456 35.3271 13.2
      vertex 37.2807 32.8545 13.2
    endloop
  endfacet
  facet normal -0 0 1
    outer loop
      vertex 36.1155 35.186 13.2
      vertex 37.2807 32.8545 13.2
      vertex 36.456 35.3271 13.2
    endloop
  endfacet
  facet normal 0 0 1
    outer loop
      vertex 37.2807 32.8545 13.2
      vertex 36.1155 35.186 13.2
      vertex 36.5304 32.6269 13.2
    endloop
  endfacet
  facet normal -0 0 1
    outer loop
      vertex 35.75 35.1379 13.2
      vertex 36.5304 32.6269 13.2
      vertex 36.1155 35.186 13.2
    endloop
  endfacet
  facet normal 0 0 1
    outer loop
      vertex 35.75 35.1379 13.2
      vertex 35.75 32.55 13.2
      vertex 36.5304 32.6269 13.2
    endloop
  endfacet
  facet normal 0 0 1
    outer loop
      vertex 34.9696 32.6269 13.2
      vertex 35.75 35.1379 13.2
      vertex 35.3845 35.186 13.2
    endloop
  endfacet
  facet normal 0 0 1
    outer loop
      vertex 34.2193 32.8545 13.2
      vertex 35.3845 35.186 13.2
      vertex 35.044 35.3271 13.2
    endloop
  endfacet
  facet normal 0 0 1
    outer loop
      vertex 35.75 35.1379 13.2
      vertex 34.9696 32.6269 13.2
      vertex 35.75 32.55 13.2
    endloop
  endfacet
  facet normal 0 0 1
    outer loop
      vertex 33.5277 33.2241 13.2
      vertex 35.044 35.3271 13.2
      vertex 34.7515 35.5515 13.2
    endloop
  endfacet
  facet normal 0 0 1
    outer loop
      vertex 32.4241 34.3277 13.2
      vertex 34.7515 35.5515 13.2
      vertex 34.5271 35.844 13.2
    endloop
  endfacet
  facet normal 0 0 1
    outer loop
      vertex 32.0545 35.0193 13.2
      vertex 34.5271 35.844 13.2
      vertex 34.386 36.1845 13.2
    endloop
  endfacet
  facet normal 0 0 1
    outer loop
      vertex 35.3845 35.186 13.2
      vertex 34.2193 32.8545 13.2
      vertex 34.9696 32.6269 13.2
    endloop
  endfacet
  facet normal 0 0 1
    outer loop
      vertex 31.8269 35.7696 13.2
      vertex 34.386 36.1845 13.2
      vertex 34.3379 36.55 13.2
    endloop
  endfacet
  facet normal 0 0 1
    outer loop
      vertex 34.7515 37.5485 13.2
      vertex 32.4241 38.7723 13.2
      vertex 34.5271 37.256 13.2
    endloop
  endfacet
  facet normal -0 0 1
    outer loop
      vertex 32.0545 38.0807 13.2
      vertex 34.5271 37.256 13.2
      vertex 32.4241 38.7723 13.2
    endloop
  endfacet
  facet normal 0 0 1
    outer loop
      vertex 35.044 35.3271 13.2
      vertex 33.5277 33.2241 13.2
      vertex 34.2193 32.8545 13.2
    endloop
  endfacet
  facet normal 0 0 1
    outer loop
      vertex 34.5271 37.256 13.2
      vertex 32.0545 38.0807 13.2
      vertex 34.386 36.9155 13.2
    endloop
  endfacet
  facet normal 0 0 1
    outer loop
      vertex 34.7515 35.5515 13.2
      vertex 32.9216 33.7216 13.2
      vertex 33.5277 33.2241 13.2
    endloop
  endfacet
  facet normal -0 0 1
    outer loop
      vertex 31.8269 37.3304 13.2
      vertex 34.386 36.9155 13.2
      vertex 32.0545 38.0807 13.2
    endloop
  endfacet
  facet normal 0 0 1
    outer loop
      vertex 34.7515 35.5515 13.2
      vertex 32.4241 34.3277 13.2
      vertex 32.9216 33.7216 13.2
    endloop
  endfacet
  facet normal 0 0 1
    outer loop
      vertex 34.386 36.9155 13.2
      vertex 31.8269 37.3304 13.2
      vertex 34.3379 36.55 13.2
    endloop
  endfacet
  facet normal 0 0 1
    outer loop
      vertex 34.5271 35.844 13.2
      vertex 32.0545 35.0193 13.2
      vertex 32.4241 34.3277 13.2
    endloop
  endfacet
  facet normal 0 0 1
    outer loop
      vertex 31.75 36.55 13.2
      vertex 34.3379 36.55 13.2
      vertex 31.8269 37.3304 13.2
    endloop
  endfacet
  facet normal 0 0 1
    outer loop
      vertex 34.386 36.1845 13.2
      vertex 31.8269 35.7696 13.2
      vertex 32.0545 35.0193 13.2
    endloop
  endfacet
  facet normal 0 0 1
    outer loop
      vertex 34.3379 36.55 13.2
      vertex 31.75 36.55 13.2
      vertex 31.8269 35.7696 13.2
    endloop
  endfacet
  facet normal -0.471329 0.881957 0
    outer loop
      vertex 34.2193 40.2455 3.2
      vertex 33.5277 39.8759 13.2
      vertex 34.2193 40.2455 13.2
    endloop
  endfacet
  facet normal -0.471329 0.881957 0
    outer loop
      vertex 33.5277 39.8759 13.2
      vertex 34.2193 40.2455 3.2
      vertex 33.5277 39.8759 3.2
    endloop
  endfacet
  facet normal -0.634459 0.772956 0
    outer loop
      vertex 33.5277 39.8759 3.2
      vertex 32.9216 39.3784 13.2
      vertex 33.5277 39.8759 13.2
    endloop
  endfacet
  facet normal -0.634459 0.772956 0
    outer loop
      vertex 32.9216 39.3784 13.2
      vertex 33.5277 39.8759 3.2
      vertex 32.9216 39.3784 3.2
    endloop
  endfacet
  facet normal 0.0980643 0.99518 -0
    outer loop
      vertex 36.5304 40.4731 3.2
      vertex 35.75 40.55 13.2
      vertex 36.5304 40.4731 13.2
    endloop
  endfacet
  facet normal 0.0980643 0.99518 0
    outer loop
      vertex 35.75 40.55 13.2
      vertex 36.5304 40.4731 3.2
      vertex 35.75 40.55 3.2
    endloop
  endfacet
  facet normal 0.956941 -0.290283 0
    outer loop
      vertex 39.4455 35.0193 13.2
      vertex 39.6731 35.7696 3.2
      vertex 39.6731 35.7696 13.2
    endloop
  endfacet
  facet normal 0.956941 -0.290283 0
    outer loop
      vertex 39.6731 35.7696 3.2
      vertex 39.4455 35.0193 13.2
      vertex 39.4455 35.0193 3.2
    endloop
  endfacet
  facet normal -0.471329 -0.881957 0
    outer loop
      vertex 33.5277 33.2241 3.2
      vertex 34.2193 32.8545 13.2
      vertex 33.5277 33.2241 13.2
    endloop
  endfacet
  facet normal -0.471329 -0.881957 -0
    outer loop
      vertex 34.2193 32.8545 13.2
      vertex 33.5277 33.2241 3.2
      vertex 34.2193 32.8545 3.2
    endloop
  endfacet
  facet normal -0.0980643 -0.99518 0
    outer loop
      vertex 34.9696 32.6269 3.2
      vertex 35.75 32.55 13.2
      vertex 34.9696 32.6269 13.2
    endloop
  endfacet
  facet normal -0.0980643 -0.99518 -0
    outer loop
      vertex 35.75 32.55 13.2
      vertex 34.9696 32.6269 3.2
      vertex 35.75 32.55 3.2
    endloop
  endfacet
  facet normal 0.634459 0.772956 -0
    outer loop
      vertex 38.5784 39.3784 3.2
      vertex 37.9723 39.8759 13.2
      vertex 38.5784 39.3784 13.2
    endloop
  endfacet
  facet normal 0.634459 0.772956 0
    outer loop
      vertex 37.9723 39.8759 13.2
      vertex 38.5784 39.3784 3.2
      vertex 37.9723 39.8759 3.2
    endloop
  endfacet
  facet normal -0.772956 -0.634459 0
    outer loop
      vertex 32.9216 33.7216 3.2
      vertex 32.4241 34.3277 13.2
      vertex 32.4241 34.3277 3.2
    endloop
  endfacet
  facet normal -0.772956 -0.634459 0
    outer loop
      vertex 32.4241 34.3277 13.2
      vertex 32.9216 33.7216 3.2
      vertex 32.9216 33.7216 13.2
    endloop
  endfacet
  facet normal -0.772956 0.634459 0
    outer loop
      vertex 32.4241 38.7723 3.2
      vertex 32.9216 39.3784 13.2
      vertex 32.9216 39.3784 3.2
    endloop
  endfacet
  facet normal -0.772956 0.634459 0
    outer loop
      vertex 32.9216 39.3784 13.2
      vertex 32.4241 38.7723 3.2
      vertex 32.4241 38.7723 13.2
    endloop
  endfacet
  facet normal -0.99518 0.0980643 0
    outer loop
      vertex 31.75 36.55 3.2
      vertex 31.8269 37.3304 13.2
      vertex 31.8269 37.3304 3.2
    endloop
  endfacet
  facet normal -0.99518 0.0980643 0
    outer loop
      vertex 31.8269 37.3304 13.2
      vertex 31.75 36.55 3.2
      vertex 31.75 36.55 13.2
    endloop
  endfacet
  facet normal 0.0980643 -0.99518 0
    outer loop
      vertex 35.75 32.55 3.2
      vertex 36.5304 32.6269 13.2
      vertex 35.75 32.55 13.2
    endloop
  endfacet
  facet normal 0.0980643 -0.99518 0
    outer loop
      vertex 36.5304 32.6269 13.2
      vertex 35.75 32.55 3.2
      vertex 36.5304 32.6269 3.2
    endloop
  endfacet
  facet normal 0.634459 -0.772956 0
    outer loop
      vertex 37.9723 33.2241 3.2
      vertex 38.5784 33.7216 13.2
      vertex 37.9723 33.2241 13.2
    endloop
  endfacet
  facet normal 0.634459 -0.772956 0
    outer loop
      vertex 38.5784 33.7216 13.2
      vertex 37.9723 33.2241 3.2
      vertex 38.5784 33.7216 3.2
    endloop
  endfacet
  facet normal 0.772956 -0.634459 0
    outer loop
      vertex 38.5784 33.7216 13.2
      vertex 39.0759 34.3277 3.2
      vertex 39.0759 34.3277 13.2
    endloop
  endfacet
  facet normal 0.772956 -0.634459 0
    outer loop
      vertex 39.0759 34.3277 3.2
      vertex 38.5784 33.7216 13.2
      vertex 38.5784 33.7216 3.2
    endloop
  endfacet
  facet normal 0.290283 -0.956941 0
    outer loop
      vertex 36.5304 32.6269 3.2
      vertex 37.2807 32.8545 13.2
      vertex 36.5304 32.6269 13.2
    endloop
  endfacet
  facet normal 0.290283 -0.956941 0
    outer loop
      vertex 37.2807 32.8545 13.2
      vertex 36.5304 32.6269 3.2
      vertex 37.2807 32.8545 3.2
    endloop
  endfacet
  facet normal -0.956941 0.290283 0
    outer loop
      vertex 31.8269 37.3304 3.2
      vertex 32.0545 38.0807 13.2
      vertex 32.0545 38.0807 3.2
    endloop
  endfacet
  facet normal -0.956941 0.290283 0
    outer loop
      vertex 32.0545 38.0807 13.2
      vertex 31.8269 37.3304 3.2
      vertex 31.8269 37.3304 13.2
    endloop
  endfacet
  facet normal 0.382823 0 0.923822
    outer loop
      vertex -84.206 0 46.9771
      vertex -83.8655 -20 46.836
      vertex -83.8655 0 46.836
    endloop
  endfacet
  facet normal 0.382823 0 0.923822
    outer loop
      vertex -83.8655 -20 46.836
      vertex -84.206 0 46.9771
      vertex -84.206 -20 46.9771
    endloop
  endfacet
  facet normal -0.923822 0 0.382823
    outer loop
      vertex -82.2771 -20 47.494
      vertex -82.136 0 47.8345
      vertex -82.2771 0 47.494
    endloop
  endfacet
  facet normal -0.923822 0 0.382823
    outer loop
      vertex -82.136 0 47.8345
      vertex -82.2771 -20 47.494
      vertex -82.136 -20 47.8345
    endloop
  endfacet
  facet normal -0.991452 0 0.130476
    outer loop
      vertex -82.136 -20 47.8345
      vertex -82.0879 0 48.2
      vertex -82.136 0 47.8345
    endloop
  endfacet
  facet normal -0.991452 0 0.130476
    outer loop
      vertex -82.0879 0 48.2
      vertex -82.136 -20 47.8345
      vertex -82.0879 -20 48.2
    endloop
  endfacet
  facet normal -0.79341 0 0.608688
    outer loop
      vertex -82.5015 -20 47.2015
      vertex -82.2771 0 47.494
      vertex -82.5015 0 47.2015
    endloop
  endfacet
  facet normal -0.79341 0 0.608688
    outer loop
      vertex -82.2771 0 47.494
      vertex -82.5015 -20 47.2015
      vertex -82.2771 -20 47.494
    endloop
  endfacet
  facet normal -0.991452 0 -0.130476
    outer loop
      vertex -82.0879 -20 48.2
      vertex -82.136 0 48.5655
      vertex -82.0879 0 48.2
    endloop
  endfacet
  facet normal -0.991452 -0 -0.130476
    outer loop
      vertex -82.136 0 48.5655
      vertex -82.0879 -20 48.2
      vertex -82.136 -20 48.5655
    endloop
  endfacet
  facet normal -0.382823 0 -0.923822
    outer loop
      vertex -83.1345 -20 49.564
      vertex -82.794 0 49.4229
      vertex -82.794 -20 49.4229
    endloop
  endfacet
  facet normal -0.382823 0 -0.923822
    outer loop
      vertex -82.794 0 49.4229
      vertex -83.1345 -20 49.564
      vertex -83.1345 0 49.564
    endloop
  endfacet
  facet normal -0.130476 0 -0.991452
    outer loop
      vertex -83.5 -20 49.6121
      vertex -83.1345 0 49.564
      vertex -83.1345 -20 49.564
    endloop
  endfacet
  facet normal -0.130476 0 -0.991452
    outer loop
      vertex -83.1345 0 49.564
      vertex -83.5 -20 49.6121
      vertex -83.5 0 49.6121
    endloop
  endfacet
  facet normal -0.382823 0 0.923822
    outer loop
      vertex -83.1345 0 46.836
      vertex -82.794 -20 46.9771
      vertex -82.794 0 46.9771
    endloop
  endfacet
  facet normal -0.382823 0 0.923822
    outer loop
      vertex -82.794 -20 46.9771
      vertex -83.1345 0 46.836
      vertex -83.1345 -20 46.836
    endloop
  endfacet
  facet normal 0.923822 -0 0.382823
    outer loop
      vertex -84.864 -20 47.8345
      vertex -84.7229 0 47.494
      vertex -84.864 0 47.8345
    endloop
  endfacet
  facet normal 0.923822 0 0.382823
    outer loop
      vertex -84.7229 0 47.494
      vertex -84.864 -20 47.8345
      vertex -84.7229 -20 47.494
    endloop
  endfacet
  facet normal -0.923822 0 -0.382823
    outer loop
      vertex -82.136 -20 48.5655
      vertex -82.2771 0 48.906
      vertex -82.136 0 48.5655
    endloop
  endfacet
  facet normal -0.923822 -0 -0.382823
    outer loop
      vertex -82.2771 0 48.906
      vertex -82.136 -20 48.5655
      vertex -82.2771 -20 48.906
    endloop
  endfacet
  facet normal 0.382823 0 -0.923822
    outer loop
      vertex -84.206 -20 49.4229
      vertex -83.8655 0 49.564
      vertex -83.8655 -20 49.564
    endloop
  endfacet
  facet normal 0.382823 0 -0.923822
    outer loop
      vertex -83.8655 0 49.564
      vertex -84.206 -20 49.4229
      vertex -84.206 0 49.4229
    endloop
  endfacet
  facet normal 0.130476 0 -0.991452
    outer loop
      vertex -83.8655 -20 49.564
      vertex -83.5 0 49.6121
      vertex -83.5 -20 49.6121
    endloop
  endfacet
  facet normal 0.130476 0 -0.991452
    outer loop
      vertex -83.5 0 49.6121
      vertex -83.8655 -20 49.564
      vertex -83.8655 0 49.564
    endloop
  endfacet
  facet normal 0.991452 0 -0.130476
    outer loop
      vertex -84.864 -20 48.5655
      vertex -84.9121 0 48.2
      vertex -84.864 0 48.5655
    endloop
  endfacet
  facet normal 0.991452 0 -0.130476
    outer loop
      vertex -84.9121 0 48.2
      vertex -84.864 -20 48.5655
      vertex -84.9121 -20 48.2
    endloop
  endfacet
  facet normal -0.608688 0 -0.79341
    outer loop
      vertex -82.794 -20 49.4229
      vertex -82.5015 0 49.1985
      vertex -82.5015 -20 49.1985
    endloop
  endfacet
  facet normal -0.608688 0 -0.79341
    outer loop
      vertex -82.5015 0 49.1985
      vertex -82.794 -20 49.4229
      vertex -82.794 0 49.4229
    endloop
  endfacet
  facet normal 0.79341 -0 0.608688
    outer loop
      vertex -84.7229 -20 47.494
      vertex -84.4985 0 47.2015
      vertex -84.7229 0 47.494
    endloop
  endfacet
  facet normal 0.79341 0 0.608688
    outer loop
      vertex -84.4985 0 47.2015
      vertex -84.7229 -20 47.494
      vertex -84.4985 -20 47.2015
    endloop
  endfacet
  facet normal -0.130476 0 0.991452
    outer loop
      vertex -83.5 0 46.7879
      vertex -83.1345 -20 46.836
      vertex -83.1345 0 46.836
    endloop
  endfacet
  facet normal -0.130476 0 0.991452
    outer loop
      vertex -83.1345 -20 46.836
      vertex -83.5 0 46.7879
      vertex -83.5 -20 46.7879
    endloop
  endfacet
  facet normal 0.130476 0 0.991452
    outer loop
      vertex -83.8655 0 46.836
      vertex -83.5 -20 46.7879
      vertex -83.5 0 46.7879
    endloop
  endfacet
  facet normal 0.130476 0 0.991452
    outer loop
      vertex -83.5 -20 46.7879
      vertex -83.8655 0 46.836
      vertex -83.8655 -20 46.836
    endloop
  endfacet
  facet normal 0.991452 -0 0.130476
    outer loop
      vertex -84.9121 -20 48.2
      vertex -84.864 0 47.8345
      vertex -84.9121 0 48.2
    endloop
  endfacet
  facet normal 0.991452 0 0.130476
    outer loop
      vertex -84.864 0 47.8345
      vertex -84.9121 -20 48.2
      vertex -84.864 -20 47.8345
    endloop
  endfacet
  facet normal 0.608688 0 0.79341
    outer loop
      vertex -84.4985 0 47.2015
      vertex -84.206 -20 46.9771
      vertex -84.206 0 46.9771
    endloop
  endfacet
  facet normal 0.608688 0 0.79341
    outer loop
      vertex -84.206 -20 46.9771
      vertex -84.4985 0 47.2015
      vertex -84.4985 -20 47.2015
    endloop
  endfacet
  facet normal 0.923822 0 -0.382823
    outer loop
      vertex -84.7229 -20 48.906
      vertex -84.864 0 48.5655
      vertex -84.7229 0 48.906
    endloop
  endfacet
  facet normal 0.923822 0 -0.382823
    outer loop
      vertex -84.864 0 48.5655
      vertex -84.7229 -20 48.906
      vertex -84.864 -20 48.5655
    endloop
  endfacet
  facet normal -0.608688 0 0.79341
    outer loop
      vertex -82.794 0 46.9771
      vertex -82.5015 -20 47.2015
      vertex -82.5015 0 47.2015
    endloop
  endfacet
  facet normal -0.608688 0 0.79341
    outer loop
      vertex -82.5015 -20 47.2015
      vertex -82.794 0 46.9771
      vertex -82.794 -20 46.9771
    endloop
  endfacet
  facet normal -0.79341 0 -0.608688
    outer loop
      vertex -82.2771 -20 48.906
      vertex -82.5015 0 49.1985
      vertex -82.2771 0 48.906
    endloop
  endfacet
  facet normal -0.79341 -0 -0.608688
    outer loop
      vertex -82.5015 0 49.1985
      vertex -82.2771 -20 48.906
      vertex -82.5015 -20 49.1985
    endloop
  endfacet
  facet normal 0.79341 0 -0.608688
    outer loop
      vertex -84.4985 -20 49.1985
      vertex -84.7229 0 48.906
      vertex -84.4985 0 49.1985
    endloop
  endfacet
  facet normal 0.79341 0 -0.608688
    outer loop
      vertex -84.7229 0 48.906
      vertex -84.4985 -20 49.1985
      vertex -84.7229 -20 48.906
    endloop
  endfacet
  facet normal 0.608688 0 -0.79341
    outer loop
      vertex -84.4985 -20 49.1985
      vertex -84.206 0 49.4229
      vertex -84.206 -20 49.4229
    endloop
  endfacet
  facet normal 0.608688 0 -0.79341
    outer loop
      vertex -84.206 0 49.4229
      vertex -84.4985 -20 49.1985
      vertex -84.4985 0 49.1985
    endloop
  endfacet
  facet normal 0 1 0
    outer loop
      vertex -83.1345 -20 49.564
      vertex -83.8655 -20 49.564
      vertex -83.5 -20 49.6121
    endloop
  endfacet
  facet normal 0 1 0
    outer loop
      vertex -82.794 -20 49.4229
      vertex -83.8655 -20 49.564
      vertex -83.1345 -20 49.564
    endloop
  endfacet
  facet normal 0 1 0
    outer loop
      vertex -82.794 -20 49.4229
      vertex -84.206 -20 49.4229
      vertex -83.8655 -20 49.564
    endloop
  endfacet
  facet normal 0 1 0
    outer loop
      vertex -82.5015 -20 49.1985
      vertex -84.206 -20 49.4229
      vertex -82.794 -20 49.4229
    endloop
  endfacet
  facet normal 0 1 0
    outer loop
      vertex -82.5015 -20 49.1985
      vertex -84.4985 -20 49.1985
      vertex -84.206 -20 49.4229
    endloop
  endfacet
  facet normal 0 1 0
    outer loop
      vertex -82.2771 -20 48.906
      vertex -84.4985 -20 49.1985
      vertex -82.5015 -20 49.1985
    endloop
  endfacet
  facet normal 0 1 0
    outer loop
      vertex -82.2771 -20 48.906
      vertex -84.7229 -20 48.906
      vertex -84.4985 -20 49.1985
    endloop
  endfacet
  facet normal 0 1 0
    outer loop
      vertex -82.136 -20 48.5655
      vertex -84.7229 -20 48.906
      vertex -82.2771 -20 48.906
    endloop
  endfacet
  facet normal 0 1 0
    outer loop
      vertex -82.136 -20 48.5655
      vertex -84.864 -20 48.5655
      vertex -84.7229 -20 48.906
    endloop
  endfacet
  facet normal 0 1 0
    outer loop
      vertex -82.0879 -20 48.2
      vertex -84.864 -20 48.5655
      vertex -82.136 -20 48.5655
    endloop
  endfacet
  facet normal 0 1 0
    outer loop
      vertex -82.0879 -20 48.2
      vertex -84.9121 -20 48.2
      vertex -84.864 -20 48.5655
    endloop
  endfacet
  facet normal 0 1 -0
    outer loop
      vertex -82.136 -20 47.8345
      vertex -84.9121 -20 48.2
      vertex -82.0879 -20 48.2
    endloop
  endfacet
  facet normal 0 1 0
    outer loop
      vertex -82.136 -20 47.8345
      vertex -84.864 -20 47.8345
      vertex -84.9121 -20 48.2
    endloop
  endfacet
  facet normal 0 1 -0
    outer loop
      vertex -82.2771 -20 47.494
      vertex -84.864 -20 47.8345
      vertex -82.136 -20 47.8345
    endloop
  endfacet
  facet normal 0 1 0
    outer loop
      vertex -82.2771 -20 47.494
      vertex -84.7229 -20 47.494
      vertex -84.864 -20 47.8345
    endloop
  endfacet
  facet normal 0 1 -0
    outer loop
      vertex -82.5015 -20 47.2015
      vertex -84.7229 -20 47.494
      vertex -82.2771 -20 47.494
    endloop
  endfacet
  facet normal 0 1 0
    outer loop
      vertex -82.5015 -20 47.2015
      vertex -84.4985 -20 47.2015
      vertex -84.7229 -20 47.494
    endloop
  endfacet
  facet normal 0 1 -0
    outer loop
      vertex -82.794 -20 46.9771
      vertex -84.4985 -20 47.2015
      vertex -82.5015 -20 47.2015
    endloop
  endfacet
  facet normal 0 1 0
    outer loop
      vertex -82.794 -20 46.9771
      vertex -84.206 -20 46.9771
      vertex -84.4985 -20 47.2015
    endloop
  endfacet
  facet normal 0 1 -0
    outer loop
      vertex -83.1345 -20 46.836
      vertex -84.206 -20 46.9771
      vertex -82.794 -20 46.9771
    endloop
  endfacet
  facet normal 0 1 0
    outer loop
      vertex -83.1345 -20 46.836
      vertex -83.8655 -20 46.836
      vertex -84.206 -20 46.9771
    endloop
  endfacet
  facet normal -0 1 0
    outer loop
      vertex -83.8655 -20 46.836
      vertex -83.1345 -20 46.836
      vertex -83.5 -20 46.7879
    endloop
  endfacet
  facet normal -0.92402 0 0.382344
    outer loop
      vertex -82.2771 -20 164.494
      vertex -82.136 0 164.835
      vertex -82.2771 0 164.494
    endloop
  endfacet
  facet normal -0.92402 0 0.382344
    outer loop
      vertex -82.136 0 164.835
      vertex -82.2771 -20 164.494
      vertex -82.136 -20 164.835
    endloop
  endfacet
  facet normal -0.991428 0 0.130651
    outer loop
      vertex -82.136 -20 164.835
      vertex -82.0879 0 165.2
      vertex -82.136 0 164.835
    endloop
  endfacet
  facet normal -0.991428 0 0.130651
    outer loop
      vertex -82.0879 0 165.2
      vertex -82.136 -20 164.835
      vertex -82.0879 -20 165.2
    endloop
  endfacet
  facet normal -0.792907 0 0.609343
    outer loop
      vertex -82.5015 -20 164.202
      vertex -82.2771 0 164.494
      vertex -82.5015 0 164.202
    endloop
  endfacet
  facet normal -0.792907 0 0.609343
    outer loop
      vertex -82.2771 0 164.494
      vertex -82.5015 -20 164.202
      vertex -82.2771 -20 164.494
    endloop
  endfacet
  facet normal -0.991428 0 -0.130651
    outer loop
      vertex -82.0879 -20 165.2
      vertex -82.136 0 165.565
      vertex -82.0879 0 165.2
    endloop
  endfacet
  facet normal -0.991428 -0 -0.130651
    outer loop
      vertex -82.136 0 165.565
      vertex -82.0879 -20 165.2
      vertex -82.136 -20 165.565
    endloop
  endfacet
  facet normal -0.382591 0 -0.923918
    outer loop
      vertex -83.1345 -20 166.564
      vertex -82.794 0 166.423
      vertex -82.794 -20 166.423
    endloop
  endfacet
  facet normal -0.382591 0 -0.923918
    outer loop
      vertex -82.794 0 166.423
      vertex -83.1345 -20 166.564
      vertex -83.1345 0 166.564
    endloop
  endfacet
  facet normal -0.130209 0 -0.991487
    outer loop
      vertex -83.5 -20 166.612
      vertex -83.1345 0 166.564
      vertex -83.1345 -20 166.564
    endloop
  endfacet
  facet normal -0.130209 0 -0.991487
    outer loop
      vertex -83.1345 0 166.564
      vertex -83.5 -20 166.612
      vertex -83.5 0 166.612
    endloop
  endfacet
  facet normal -0.382591 0 0.923918
    outer loop
      vertex -83.1345 0 163.836
      vertex -82.794 -20 163.977
      vertex -82.794 0 163.977
    endloop
  endfacet
  facet normal -0.382591 0 0.923918
    outer loop
      vertex -82.794 -20 163.977
      vertex -83.1345 0 163.836
      vertex -83.1345 -20 163.836
    endloop
  endfacet
  facet normal 0.92402 -0 0.382344
    outer loop
      vertex -84.864 -20 164.835
      vertex -84.7229 0 164.494
      vertex -84.864 0 164.835
    endloop
  endfacet
  facet normal 0.92402 0 0.382344
    outer loop
      vertex -84.7229 0 164.494
      vertex -84.864 -20 164.835
      vertex -84.7229 -20 164.494
    endloop
  endfacet
  facet normal -0.92402 0 -0.382344
    outer loop
      vertex -82.136 -20 165.565
      vertex -82.2771 0 165.906
      vertex -82.136 0 165.565
    endloop
  endfacet
  facet normal -0.92402 -0 -0.382344
    outer loop
      vertex -82.2771 0 165.906
      vertex -82.136 -20 165.565
      vertex -82.2771 -20 165.906
    endloop
  endfacet
  facet normal 0.382591 0 -0.923918
    outer loop
      vertex -84.206 -20 166.423
      vertex -83.8655 0 166.564
      vertex -83.8655 -20 166.564
    endloop
  endfacet
  facet normal 0.382591 0 -0.923918
    outer loop
      vertex -83.8655 0 166.564
      vertex -84.206 -20 166.423
      vertex -84.206 0 166.423
    endloop
  endfacet
  facet normal 0.130209 0 -0.991487
    outer loop
      vertex -83.8655 -20 166.564
      vertex -83.5 0 166.612
      vertex -83.5 -20 166.612
    endloop
  endfacet
  facet normal 0.130209 0 -0.991487
    outer loop
      vertex -83.5 0 166.612
      vertex -83.8655 -20 166.564
      vertex -83.8655 0 166.564
    endloop
  endfacet
  facet normal 0.991428 0 -0.130651
    outer loop
      vertex -84.864 -20 165.565
      vertex -84.9121 0 165.2
      vertex -84.864 0 165.565
    endloop
  endfacet
  facet normal 0.991428 0 -0.130651
    outer loop
      vertex -84.9121 0 165.2
      vertex -84.864 -20 165.565
      vertex -84.9121 -20 165.2
    endloop
  endfacet
  facet normal -0.609711 0 -0.792624
    outer loop
      vertex -82.794 -20 166.423
      vertex -82.5015 0 166.198
      vertex -82.5015 -20 166.198
    endloop
  endfacet
  facet normal -0.609711 0 -0.792624
    outer loop
      vertex -82.5015 0 166.198
      vertex -82.794 -20 166.423
      vertex -82.794 0 166.423
    endloop
  endfacet
  facet normal 0.792907 -0 0.609343
    outer loop
      vertex -84.7229 -20 164.494
      vertex -84.4985 0 164.202
      vertex -84.7229 0 164.494
    endloop
  endfacet
  facet normal 0.792907 0 0.609343
    outer loop
      vertex -84.4985 0 164.202
      vertex -84.7229 -20 164.494
      vertex -84.4985 -20 164.202
    endloop
  endfacet
  facet normal -0.130209 0 0.991487
    outer loop
      vertex -83.5 0 163.788
      vertex -83.1345 -20 163.836
      vertex -83.1345 0 163.836
    endloop
  endfacet
  facet normal -0.130209 0 0.991487
    outer loop
      vertex -83.1345 -20 163.836
      vertex -83.5 0 163.788
      vertex -83.5 -20 163.788
    endloop
  endfacet
  facet normal 0.382591 0 0.923918
    outer loop
      vertex -84.206 0 163.977
      vertex -83.8655 -20 163.836
      vertex -83.8655 0 163.836
    endloop
  endfacet
  facet normal 0.382591 0 0.923918
    outer loop
      vertex -83.8655 -20 163.836
      vertex -84.206 0 163.977
      vertex -84.206 -20 163.977
    endloop
  endfacet
  facet normal 0.130209 0 0.991487
    outer loop
      vertex -83.8655 0 163.836
      vertex -83.5 -20 163.788
      vertex -83.5 0 163.788
    endloop
  endfacet
  facet normal 0.130209 0 0.991487
    outer loop
      vertex -83.5 -20 163.788
      vertex -83.8655 0 163.836
      vertex -83.8655 -20 163.836
    endloop
  endfacet
  facet normal 0.991428 -0 0.130651
    outer loop
      vertex -84.9121 -20 165.2
      vertex -84.864 0 164.835
      vertex -84.9121 0 165.2
    endloop
  endfacet
  facet normal 0.991428 0 0.130651
    outer loop
      vertex -84.864 0 164.835
      vertex -84.9121 -20 165.2
      vertex -84.864 -20 164.835
    endloop
  endfacet
  facet normal 0.609711 0 0.792624
    outer loop
      vertex -84.4985 0 164.202
      vertex -84.206 -20 163.977
      vertex -84.206 0 163.977
    endloop
  endfacet
  facet normal 0.609711 0 0.792624
    outer loop
      vertex -84.206 -20 163.977
      vertex -84.4985 0 164.202
      vertex -84.4985 -20 164.202
    endloop
  endfacet
  facet normal 0.92402 0 -0.382344
    outer loop
      vertex -84.7229 -20 165.906
      vertex -84.864 0 165.565
      vertex -84.7229 0 165.906
    endloop
  endfacet
  facet normal 0.92402 0 -0.382344
    outer loop
      vertex -84.864 0 165.565
      vertex -84.7229 -20 165.906
      vertex -84.864 -20 165.565
    endloop
  endfacet
  facet normal -0.609711 0 0.792624
    outer loop
      vertex -82.794 0 163.977
      vertex -82.5015 -20 164.202
      vertex -82.5015 0 164.202
    endloop
  endfacet
  facet normal -0.609711 0 0.792624
    outer loop
      vertex -82.5015 -20 164.202
      vertex -82.794 0 163.977
      vertex -82.794 -20 163.977
    endloop
  endfacet
  facet normal -0.792907 0 -0.609343
    outer loop
      vertex -82.2771 -20 165.906
      vertex -82.5015 0 166.198
      vertex -82.2771 0 165.906
    endloop
  endfacet
  facet normal -0.792907 -0 -0.609343
    outer loop
      vertex -82.5015 0 166.198
      vertex -82.2771 -20 165.906
      vertex -82.5015 -20 166.198
    endloop
  endfacet
  facet normal 0.792907 0 -0.609343
    outer loop
      vertex -84.4985 -20 166.198
      vertex -84.7229 0 165.906
      vertex -84.4985 0 166.198
    endloop
  endfacet
  facet normal 0.792907 0 -0.609343
    outer loop
      vertex -84.7229 0 165.906
      vertex -84.4985 -20 166.198
      vertex -84.7229 -20 165.906
    endloop
  endfacet
  facet normal 0.609711 0 -0.792624
    outer loop
      vertex -84.4985 -20 166.198
      vertex -84.206 0 166.423
      vertex -84.206 -20 166.423
    endloop
  endfacet
  facet normal 0.609711 0 -0.792624
    outer loop
      vertex -84.206 0 166.423
      vertex -84.4985 -20 166.198
      vertex -84.4985 0 166.198
    endloop
  endfacet
  facet normal 0 1 0
    outer loop
      vertex -83.1345 -20 166.564
      vertex -83.8655 -20 166.564
      vertex -83.5 -20 166.612
    endloop
  endfacet
  facet normal 0 1 0
    outer loop
      vertex -82.794 -20 166.423
      vertex -83.8655 -20 166.564
      vertex -83.1345 -20 166.564
    endloop
  endfacet
  facet normal 0 1 0
    outer loop
      vertex -82.794 -20 166.423
      vertex -84.206 -20 166.423
      vertex -83.8655 -20 166.564
    endloop
  endfacet
  facet normal 0 1 0
    outer loop
      vertex -82.5015 -20 166.198
      vertex -84.206 -20 166.423
      vertex -82.794 -20 166.423
    endloop
  endfacet
  facet normal 0 1 0
    outer loop
      vertex -82.5015 -20 166.198
      vertex -84.4985 -20 166.198
      vertex -84.206 -20 166.423
    endloop
  endfacet
  facet normal 0 1 0
    outer loop
      vertex -82.2771 -20 165.906
      vertex -84.4985 -20 166.198
      vertex -82.5015 -20 166.198
    endloop
  endfacet
  facet normal 0 1 0
    outer loop
      vertex -82.2771 -20 165.906
      vertex -84.7229 -20 165.906
      vertex -84.4985 -20 166.198
    endloop
  endfacet
  facet normal 0 1 0
    outer loop
      vertex -82.136 -20 165.565
      vertex -84.7229 -20 165.906
      vertex -82.2771 -20 165.906
    endloop
  endfacet
  facet normal 0 1 0
    outer loop
      vertex -82.136 -20 165.565
      vertex -84.864 -20 165.565
      vertex -84.7229 -20 165.906
    endloop
  endfacet
  facet normal 0 1 0
    outer loop
      vertex -82.0879 -20 165.2
      vertex -84.864 -20 165.565
      vertex -82.136 -20 165.565
    endloop
  endfacet
  facet normal 0 1 0
    outer loop
      vertex -82.0879 -20 165.2
      vertex -84.9121 -20 165.2
      vertex -84.864 -20 165.565
    endloop
  endfacet
  facet normal 0 1 -0
    outer loop
      vertex -82.136 -20 164.835
      vertex -84.9121 -20 165.2
      vertex -82.0879 -20 165.2
    endloop
  endfacet
  facet normal 0 1 0
    outer loop
      vertex -82.136 -20 164.835
      vertex -84.864 -20 164.835
      vertex -84.9121 -20 165.2
    endloop
  endfacet
  facet normal 0 1 -0
    outer loop
      vertex -82.2771 -20 164.494
      vertex -84.864 -20 164.835
      vertex -82.136 -20 164.835
    endloop
  endfacet
  facet normal 0 1 0
    outer loop
      vertex -82.2771 -20 164.494
      vertex -84.7229 -20 164.494
      vertex -84.864 -20 164.835
    endloop
  endfacet
  facet normal 0 1 -0
    outer loop
      vertex -82.5015 -20 164.202
      vertex -84.7229 -20 164.494
      vertex -82.2771 -20 164.494
    endloop
  endfacet
  facet normal 0 1 0
    outer loop
      vertex -82.5015 -20 164.202
      vertex -84.4985 -20 164.202
      vertex -84.7229 -20 164.494
    endloop
  endfacet
  facet normal 0 1 -0
    outer loop
      vertex -82.794 -20 163.977
      vertex -84.4985 -20 164.202
      vertex -82.5015 -20 164.202
    endloop
  endfacet
  facet normal 0 1 0
    outer loop
      vertex -82.794 -20 163.977
      vertex -84.206 -20 163.977
      vertex -84.4985 -20 164.202
    endloop
  endfacet
  facet normal 0 1 -0
    outer loop
      vertex -83.1345 -20 163.836
      vertex -84.206 -20 163.977
      vertex -82.794 -20 163.977
    endloop
  endfacet
  facet normal 0 1 0
    outer loop
      vertex -83.1345 -20 163.836
      vertex -83.8655 -20 163.836
      vertex -84.206 -20 163.977
    endloop
  endfacet
  facet normal -0 1 0
    outer loop
      vertex -83.8655 -20 163.836
      vertex -83.1345 -20 163.836
      vertex -83.5 -20 163.788
    endloop
  endfacet
  facet normal 0.382823 0 0.923822
    outer loop
      vertex 82.794 0 46.9771
      vertex 83.1345 -20 46.836
      vertex 83.1345 0 46.836
    endloop
  endfacet
  facet normal 0.382823 0 0.923822
    outer loop
      vertex 83.1345 -20 46.836
      vertex 82.794 0 46.9771
      vertex 82.794 -20 46.9771
    endloop
  endfacet
  facet normal -0.923822 0 0.382823
    outer loop
      vertex 84.7229 -20 47.494
      vertex 84.864 0 47.8345
      vertex 84.7229 0 47.494
    endloop
  endfacet
  facet normal -0.923822 0 0.382823
    outer loop
      vertex 84.864 0 47.8345
      vertex 84.7229 -20 47.494
      vertex 84.864 -20 47.8345
    endloop
  endfacet
  facet normal -0.991452 0 0.130476
    outer loop
      vertex 84.864 -20 47.8345
      vertex 84.9121 0 48.2
      vertex 84.864 0 47.8345
    endloop
  endfacet
  facet normal -0.991452 0 0.130476
    outer loop
      vertex 84.9121 0 48.2
      vertex 84.864 -20 47.8345
      vertex 84.9121 -20 48.2
    endloop
  endfacet
  facet normal -0.79341 0 0.608688
    outer loop
      vertex 84.4985 -20 47.2015
      vertex 84.7229 0 47.494
      vertex 84.4985 0 47.2015
    endloop
  endfacet
  facet normal -0.79341 0 0.608688
    outer loop
      vertex 84.7229 0 47.494
      vertex 84.4985 -20 47.2015
      vertex 84.7229 -20 47.494
    endloop
  endfacet
  facet normal -0.991452 0 -0.130476
    outer loop
      vertex 84.9121 -20 48.2
      vertex 84.864 0 48.5655
      vertex 84.9121 0 48.2
    endloop
  endfacet
  facet normal -0.991452 -0 -0.130476
    outer loop
      vertex 84.864 0 48.5655
      vertex 84.9121 -20 48.2
      vertex 84.864 -20 48.5655
    endloop
  endfacet
  facet normal -0.382823 0 -0.923822
    outer loop
      vertex 83.8655 -20 49.564
      vertex 84.206 0 49.4229
      vertex 84.206 -20 49.4229
    endloop
  endfacet
  facet normal -0.382823 0 -0.923822
    outer loop
      vertex 84.206 0 49.4229
      vertex 83.8655 -20 49.564
      vertex 83.8655 0 49.564
    endloop
  endfacet
  facet normal -0.130476 0 -0.991452
    outer loop
      vertex 83.5 -20 49.6121
      vertex 83.8655 0 49.564
      vertex 83.8655 -20 49.564
    endloop
  endfacet
  facet normal -0.130476 0 -0.991452
    outer loop
      vertex 83.8655 0 49.564
      vertex 83.5 -20 49.6121
      vertex 83.5 0 49.6121
    endloop
  endfacet
  facet normal -0.382823 0 0.923822
    outer loop
      vertex 83.8655 0 46.836
      vertex 84.206 -20 46.9771
      vertex 84.206 0 46.9771
    endloop
  endfacet
  facet normal -0.382823 0 0.923822
    outer loop
      vertex 84.206 -20 46.9771
      vertex 83.8655 0 46.836
      vertex 83.8655 -20 46.836
    endloop
  endfacet
  facet normal 0.923822 -0 0.382823
    outer loop
      vertex 82.136 -20 47.8345
      vertex 82.2771 0 47.494
      vertex 82.136 0 47.8345
    endloop
  endfacet
  facet normal 0.923822 0 0.382823
    outer loop
      vertex 82.2771 0 47.494
      vertex 82.136 -20 47.8345
      vertex 82.2771 -20 47.494
    endloop
  endfacet
  facet normal -0.923822 0 -0.382823
    outer loop
      vertex 84.864 -20 48.5655
      vertex 84.7229 0 48.906
      vertex 84.864 0 48.5655
    endloop
  endfacet
  facet normal -0.923822 -0 -0.382823
    outer loop
      vertex 84.7229 0 48.906
      vertex 84.864 -20 48.5655
      vertex 84.7229 -20 48.906
    endloop
  endfacet
  facet normal 0.382823 0 -0.923822
    outer loop
      vertex 82.794 -20 49.4229
      vertex 83.1345 0 49.564
      vertex 83.1345 -20 49.564
    endloop
  endfacet
  facet normal 0.382823 0 -0.923822
    outer loop
      vertex 83.1345 0 49.564
      vertex 82.794 -20 49.4229
      vertex 82.794 0 49.4229
    endloop
  endfacet
  facet normal 0.130476 0 -0.991452
    outer loop
      vertex 83.1345 -20 49.564
      vertex 83.5 0 49.6121
      vertex 83.5 -20 49.6121
    endloop
  endfacet
  facet normal 0.130476 0 -0.991452
    outer loop
      vertex 83.5 0 49.6121
      vertex 83.1345 -20 49.564
      vertex 83.1345 0 49.564
    endloop
  endfacet
  facet normal 0.991452 0 -0.130476
    outer loop
      vertex 82.136 -20 48.5655
      vertex 82.0879 0 48.2
      vertex 82.136 0 48.5655
    endloop
  endfacet
  facet normal 0.991452 0 -0.130476
    outer loop
      vertex 82.0879 0 48.2
      vertex 82.136 -20 48.5655
      vertex 82.0879 -20 48.2
    endloop
  endfacet
  facet normal -0.608688 0 -0.79341
    outer loop
      vertex 84.206 -20 49.4229
      vertex 84.4985 0 49.1985
      vertex 84.4985 -20 49.1985
    endloop
  endfacet
  facet normal -0.608688 0 -0.79341
    outer loop
      vertex 84.4985 0 49.1985
      vertex 84.206 -20 49.4229
      vertex 84.206 0 49.4229
    endloop
  endfacet
  facet normal 0.79341 -0 0.608688
    outer loop
      vertex 82.2771 -20 47.494
      vertex 82.5015 0 47.2015
      vertex 82.2771 0 47.494
    endloop
  endfacet
  facet normal 0.79341 0 0.608688
    outer loop
      vertex 82.5015 0 47.2015
      vertex 82.2771 -20 47.494
      vertex 82.5015 -20 47.2015
    endloop
  endfacet
  facet normal -0.130476 0 0.991452
    outer loop
      vertex 83.5 0 46.7879
      vertex 83.8655 -20 46.836
      vertex 83.8655 0 46.836
    endloop
  endfacet
  facet normal -0.130476 0 0.991452
    outer loop
      vertex 83.8655 -20 46.836
      vertex 83.5 0 46.7879
      vertex 83.5 -20 46.7879
    endloop
  endfacet
  facet normal 0.130476 0 0.991452
    outer loop
      vertex 83.1345 0 46.836
      vertex 83.5 -20 46.7879
      vertex 83.5 0 46.7879
    endloop
  endfacet
  facet normal 0.130476 0 0.991452
    outer loop
      vertex 83.5 -20 46.7879
      vertex 83.1345 0 46.836
      vertex 83.1345 -20 46.836
    endloop
  endfacet
  facet normal 0.991452 -0 0.130476
    outer loop
      vertex 82.0879 -20 48.2
      vertex 82.136 0 47.8345
      vertex 82.0879 0 48.2
    endloop
  endfacet
  facet normal 0.991452 0 0.130476
    outer loop
      vertex 82.136 0 47.8345
      vertex 82.0879 -20 48.2
      vertex 82.136 -20 47.8345
    endloop
  endfacet
  facet normal -0.79341 0 -0.608688
    outer loop
      vertex 84.7229 -20 48.906
      vertex 84.4985 0 49.1985
      vertex 84.7229 0 48.906
    endloop
  endfacet
  facet normal -0.79341 -0 -0.608688
    outer loop
      vertex 84.4985 0 49.1985
      vertex 84.7229 -20 48.906
      vertex 84.4985 -20 49.1985
    endloop
  endfacet
  facet normal 0.608688 0 0.79341
    outer loop
      vertex 82.5015 0 47.2015
      vertex 82.794 -20 46.9771
      vertex 82.794 0 46.9771
    endloop
  endfacet
  facet normal 0.608688 0 0.79341
    outer loop
      vertex 82.794 -20 46.9771
      vertex 82.5015 0 47.2015
      vertex 82.5015 -20 47.2015
    endloop
  endfacet
  facet normal 0.923822 0 -0.382823
    outer loop
      vertex 82.2771 -20 48.906
      vertex 82.136 0 48.5655
      vertex 82.2771 0 48.906
    endloop
  endfacet
  facet normal 0.923822 0 -0.382823
    outer loop
      vertex 82.136 0 48.5655
      vertex 82.2771 -20 48.906
      vertex 82.136 -20 48.5655
    endloop
  endfacet
  facet normal -0.608688 0 0.79341
    outer loop
      vertex 84.206 0 46.9771
      vertex 84.4985 -20 47.2015
      vertex 84.4985 0 47.2015
    endloop
  endfacet
  facet normal -0.608688 0 0.79341
    outer loop
      vertex 84.4985 -20 47.2015
      vertex 84.206 0 46.9771
      vertex 84.206 -20 46.9771
    endloop
  endfacet
  facet normal 0.79341 0 -0.608688
    outer loop
      vertex 82.5015 -20 49.1985
      vertex 82.2771 0 48.906
      vertex 82.5015 0 49.1985
    endloop
  endfacet
  facet normal 0.79341 0 -0.608688
    outer loop
      vertex 82.2771 0 48.906
      vertex 82.5015 -20 49.1985
      vertex 82.2771 -20 48.906
    endloop
  endfacet
  facet normal 0.608688 0 -0.79341
    outer loop
      vertex 82.5015 -20 49.1985
      vertex 82.794 0 49.4229
      vertex 82.794 -20 49.4229
    endloop
  endfacet
  facet normal 0.608688 0 -0.79341
    outer loop
      vertex 82.794 0 49.4229
      vertex 82.5015 -20 49.1985
      vertex 82.5015 0 49.1985
    endloop
  endfacet
  facet normal 0 1 0
    outer loop
      vertex 83.8655 -20 49.564
      vertex 83.1345 -20 49.564
      vertex 83.5 -20 49.6121
    endloop
  endfacet
  facet normal 0 1 0
    outer loop
      vertex 84.206 -20 49.4229
      vertex 83.1345 -20 49.564
      vertex 83.8655 -20 49.564
    endloop
  endfacet
  facet normal 0 1 0
    outer loop
      vertex 84.206 -20 49.4229
      vertex 82.794 -20 49.4229
      vertex 83.1345 -20 49.564
    endloop
  endfacet
  facet normal 0 1 0
    outer loop
      vertex 84.4985 -20 49.1985
      vertex 82.794 -20 49.4229
      vertex 84.206 -20 49.4229
    endloop
  endfacet
  facet normal 0 1 0
    outer loop
      vertex 84.4985 -20 49.1985
      vertex 82.5015 -20 49.1985
      vertex 82.794 -20 49.4229
    endloop
  endfacet
  facet normal 0 1 0
    outer loop
      vertex 84.7229 -20 48.906
      vertex 82.5015 -20 49.1985
      vertex 84.4985 -20 49.1985
    endloop
  endfacet
  facet normal 0 1 0
    outer loop
      vertex 84.7229 -20 48.906
      vertex 82.2771 -20 48.906
      vertex 82.5015 -20 49.1985
    endloop
  endfacet
  facet normal 0 1 0
    outer loop
      vertex 84.864 -20 48.5655
      vertex 82.2771 -20 48.906
      vertex 84.7229 -20 48.906
    endloop
  endfacet
  facet normal 0 1 0
    outer loop
      vertex 84.864 -20 48.5655
      vertex 82.136 -20 48.5655
      vertex 82.2771 -20 48.906
    endloop
  endfacet
  facet normal 0 1 0
    outer loop
      vertex 84.9121 -20 48.2
      vertex 82.136 -20 48.5655
      vertex 84.864 -20 48.5655
    endloop
  endfacet
  facet normal 0 1 0
    outer loop
      vertex 84.9121 -20 48.2
      vertex 82.0879 -20 48.2
      vertex 82.136 -20 48.5655
    endloop
  endfacet
  facet normal 0 1 -0
    outer loop
      vertex 84.864 -20 47.8345
      vertex 82.0879 -20 48.2
      vertex 84.9121 -20 48.2
    endloop
  endfacet
  facet normal 0 1 0
    outer loop
      vertex 84.864 -20 47.8345
      vertex 82.136 -20 47.8345
      vertex 82.0879 -20 48.2
    endloop
  endfacet
  facet normal 0 1 -0
    outer loop
      vertex 84.7229 -20 47.494
      vertex 82.136 -20 47.8345
      vertex 84.864 -20 47.8345
    endloop
  endfacet
  facet normal 0 1 0
    outer loop
      vertex 84.7229 -20 47.494
      vertex 82.2771 -20 47.494
      vertex 82.136 -20 47.8345
    endloop
  endfacet
  facet normal 0 1 -0
    outer loop
      vertex 84.4985 -20 47.2015
      vertex 82.2771 -20 47.494
      vertex 84.7229 -20 47.494
    endloop
  endfacet
  facet normal 0 1 0
    outer loop
      vertex 84.4985 -20 47.2015
      vertex 82.5015 -20 47.2015
      vertex 82.2771 -20 47.494
    endloop
  endfacet
  facet normal 0 1 -0
    outer loop
      vertex 84.206 -20 46.9771
      vertex 82.5015 -20 47.2015
      vertex 84.4985 -20 47.2015
    endloop
  endfacet
  facet normal 0 1 0
    outer loop
      vertex 84.206 -20 46.9771
      vertex 82.794 -20 46.9771
      vertex 82.5015 -20 47.2015
    endloop
  endfacet
  facet normal 0 1 -0
    outer loop
      vertex 83.8655 -20 46.836
      vertex 82.794 -20 46.9771
      vertex 84.206 -20 46.9771
    endloop
  endfacet
  facet normal 0 1 0
    outer loop
      vertex 83.8655 -20 46.836
      vertex 83.1345 -20 46.836
      vertex 82.794 -20 46.9771
    endloop
  endfacet
  facet normal -0 1 0
    outer loop
      vertex 83.1345 -20 46.836
      vertex 83.8655 -20 46.836
      vertex 83.5 -20 46.7879
    endloop
  endfacet
  facet normal 0.382591 0 0.923918
    outer loop
      vertex 82.794 0 163.977
      vertex 83.1345 -20 163.836
      vertex 83.1345 0 163.836
    endloop
  endfacet
  facet normal 0.382591 0 0.923918
    outer loop
      vertex 83.1345 -20 163.836
      vertex 82.794 0 163.977
      vertex 82.794 -20 163.977
    endloop
  endfacet
  facet normal -0.92402 0 0.382344
    outer loop
      vertex 84.7229 -20 164.494
      vertex 84.864 0 164.835
      vertex 84.7229 0 164.494
    endloop
  endfacet
  facet normal -0.92402 0 0.382344
    outer loop
      vertex 84.864 0 164.835
      vertex 84.7229 -20 164.494
      vertex 84.864 -20 164.835
    endloop
  endfacet
  facet normal -0.991428 0 0.130651
    outer loop
      vertex 84.864 -20 164.835
      vertex 84.9121 0 165.2
      vertex 84.864 0 164.835
    endloop
  endfacet
  facet normal -0.991428 0 0.130651
    outer loop
      vertex 84.9121 0 165.2
      vertex 84.864 -20 164.835
      vertex 84.9121 -20 165.2
    endloop
  endfacet
  facet normal -0.792907 0 0.609343
    outer loop
      vertex 84.4985 -20 164.202
      vertex 84.7229 0 164.494
      vertex 84.4985 0 164.202
    endloop
  endfacet
  facet normal -0.792907 0 0.609343
    outer loop
      vertex 84.7229 0 164.494
      vertex 84.4985 -20 164.202
      vertex 84.7229 -20 164.494
    endloop
  endfacet
  facet normal -0.991428 0 -0.130651
    outer loop
      vertex 84.9121 -20 165.2
      vertex 84.864 0 165.565
      vertex 84.9121 0 165.2
    endloop
  endfacet
  facet normal -0.991428 -0 -0.130651
    outer loop
      vertex 84.864 0 165.565
      vertex 84.9121 -20 165.2
      vertex 84.864 -20 165.565
    endloop
  endfacet
  facet normal -0.382591 0 -0.923918
    outer loop
      vertex 83.8655 -20 166.564
      vertex 84.206 0 166.423
      vertex 84.206 -20 166.423
    endloop
  endfacet
  facet normal -0.382591 0 -0.923918
    outer loop
      vertex 84.206 0 166.423
      vertex 83.8655 -20 166.564
      vertex 83.8655 0 166.564
    endloop
  endfacet
  facet normal -0.130209 0 -0.991487
    outer loop
      vertex 83.5 -20 166.612
      vertex 83.8655 0 166.564
      vertex 83.8655 -20 166.564
    endloop
  endfacet
  facet normal -0.130209 0 -0.991487
    outer loop
      vertex 83.8655 0 166.564
      vertex 83.5 -20 166.612
      vertex 83.5 0 166.612
    endloop
  endfacet
  facet normal -0.382591 0 0.923918
    outer loop
      vertex 83.8655 0 163.836
      vertex 84.206 -20 163.977
      vertex 84.206 0 163.977
    endloop
  endfacet
  facet normal -0.382591 0 0.923918
    outer loop
      vertex 84.206 -20 163.977
      vertex 83.8655 0 163.836
      vertex 83.8655 -20 163.836
    endloop
  endfacet
  facet normal 0.92402 -0 0.382344
    outer loop
      vertex 82.136 -20 164.835
      vertex 82.2771 0 164.494
      vertex 82.136 0 164.835
    endloop
  endfacet
  facet normal 0.92402 0 0.382344
    outer loop
      vertex 82.2771 0 164.494
      vertex 82.136 -20 164.835
      vertex 82.2771 -20 164.494
    endloop
  endfacet
  facet normal -0.92402 0 -0.382344
    outer loop
      vertex 84.864 -20 165.565
      vertex 84.7229 0 165.906
      vertex 84.864 0 165.565
    endloop
  endfacet
  facet normal -0.92402 -0 -0.382344
    outer loop
      vertex 84.7229 0 165.906
      vertex 84.864 -20 165.565
      vertex 84.7229 -20 165.906
    endloop
  endfacet
  facet normal 0.382591 0 -0.923918
    outer loop
      vertex 82.794 -20 166.423
      vertex 83.1345 0 166.564
      vertex 83.1345 -20 166.564
    endloop
  endfacet
  facet normal 0.382591 0 -0.923918
    outer loop
      vertex 83.1345 0 166.564
      vertex 82.794 -20 166.423
      vertex 82.794 0 166.423
    endloop
  endfacet
  facet normal 0.130209 0 -0.991487
    outer loop
      vertex 83.1345 -20 166.564
      vertex 83.5 0 166.612
      vertex 83.5 -20 166.612
    endloop
  endfacet
  facet normal 0.130209 0 -0.991487
    outer loop
      vertex 83.5 0 166.612
      vertex 83.1345 -20 166.564
      vertex 83.1345 0 166.564
    endloop
  endfacet
  facet normal 0.991428 0 -0.130651
    outer loop
      vertex 82.136 -20 165.565
      vertex 82.0879 0 165.2
      vertex 82.136 0 165.565
    endloop
  endfacet
  facet normal 0.991428 0 -0.130651
    outer loop
      vertex 82.0879 0 165.2
      vertex 82.136 -20 165.565
      vertex 82.0879 -20 165.2
    endloop
  endfacet
  facet normal -0.609711 0 -0.792624
    outer loop
      vertex 84.206 -20 166.423
      vertex 84.4985 0 166.198
      vertex 84.4985 -20 166.198
    endloop
  endfacet
  facet normal -0.609711 0 -0.792624
    outer loop
      vertex 84.4985 0 166.198
      vertex 84.206 -20 166.423
      vertex 84.206 0 166.423
    endloop
  endfacet
  facet normal 0.792907 -0 0.609343
    outer loop
      vertex 82.2771 -20 164.494
      vertex 82.5015 0 164.202
      vertex 82.2771 0 164.494
    endloop
  endfacet
  facet normal 0.792907 0 0.609343
    outer loop
      vertex 82.5015 0 164.202
      vertex 82.2771 -20 164.494
      vertex 82.5015 -20 164.202
    endloop
  endfacet
  facet normal -0.130209 0 0.991487
    outer loop
      vertex 83.5 0 163.788
      vertex 83.8655 -20 163.836
      vertex 83.8655 0 163.836
    endloop
  endfacet
  facet normal -0.130209 0 0.991487
    outer loop
      vertex 83.8655 -20 163.836
      vertex 83.5 0 163.788
      vertex 83.5 -20 163.788
    endloop
  endfacet
  facet normal 0.130209 0 0.991487
    outer loop
      vertex 83.1345 0 163.836
      vertex 83.5 -20 163.788
      vertex 83.5 0 163.788
    endloop
  endfacet
  facet normal 0.130209 0 0.991487
    outer loop
      vertex 83.5 -20 163.788
      vertex 83.1345 0 163.836
      vertex 83.1345 -20 163.836
    endloop
  endfacet
  facet normal 0.991428 -0 0.130651
    outer loop
      vertex 82.0879 -20 165.2
      vertex 82.136 0 164.835
      vertex 82.0879 0 165.2
    endloop
  endfacet
  facet normal 0.991428 0 0.130651
    outer loop
      vertex 82.136 0 164.835
      vertex 82.0879 -20 165.2
      vertex 82.136 -20 164.835
    endloop
  endfacet
  facet normal -0.792907 0 -0.609343
    outer loop
      vertex 84.7229 -20 165.906
      vertex 84.4985 0 166.198
      vertex 84.7229 0 165.906
    endloop
  endfacet
  facet normal -0.792907 -0 -0.609343
    outer loop
      vertex 84.4985 0 166.198
      vertex 84.7229 -20 165.906
      vertex 84.4985 -20 166.198
    endloop
  endfacet
  facet normal 0.609711 0 0.792624
    outer loop
      vertex 82.5015 0 164.202
      vertex 82.794 -20 163.977
      vertex 82.794 0 163.977
    endloop
  endfacet
  facet normal 0.609711 0 0.792624
    outer loop
      vertex 82.794 -20 163.977
      vertex 82.5015 0 164.202
      vertex 82.5015 -20 164.202
    endloop
  endfacet
  facet normal 0.92402 0 -0.382344
    outer loop
      vertex 82.2771 -20 165.906
      vertex 82.136 0 165.565
      vertex 82.2771 0 165.906
    endloop
  endfacet
  facet normal 0.92402 0 -0.382344
    outer loop
      vertex 82.136 0 165.565
      vertex 82.2771 -20 165.906
      vertex 82.136 -20 165.565
    endloop
  endfacet
  facet normal -0.609711 0 0.792624
    outer loop
      vertex 84.206 0 163.977
      vertex 84.4985 -20 164.202
      vertex 84.4985 0 164.202
    endloop
  endfacet
  facet normal -0.609711 0 0.792624
    outer loop
      vertex 84.4985 -20 164.202
      vertex 84.206 0 163.977
      vertex 84.206 -20 163.977
    endloop
  endfacet
  facet normal 0.792907 0 -0.609343
    outer loop
      vertex 82.5015 -20 166.198
      vertex 82.2771 0 165.906
      vertex 82.5015 0 166.198
    endloop
  endfacet
  facet normal 0.792907 0 -0.609343
    outer loop
      vertex 82.2771 0 165.906
      vertex 82.5015 -20 166.198
      vertex 82.2771 -20 165.906
    endloop
  endfacet
  facet normal 0.609711 0 -0.792624
    outer loop
      vertex 82.5015 -20 166.198
      vertex 82.794 0 166.423
      vertex 82.794 -20 166.423
    endloop
  endfacet
  facet normal 0.609711 0 -0.792624
    outer loop
      vertex 82.794 0 166.423
      vertex 82.5015 -20 166.198
      vertex 82.5015 0 166.198
    endloop
  endfacet
  facet normal 0 1 0
    outer loop
      vertex 83.8655 -20 166.564
      vertex 83.1345 -20 166.564
      vertex 83.5 -20 166.612
    endloop
  endfacet
  facet normal 0 1 0
    outer loop
      vertex 84.206 -20 166.423
      vertex 83.1345 -20 166.564
      vertex 83.8655 -20 166.564
    endloop
  endfacet
  facet normal 0 1 0
    outer loop
      vertex 84.206 -20 166.423
      vertex 82.794 -20 166.423
      vertex 83.1345 -20 166.564
    endloop
  endfacet
  facet normal 0 1 0
    outer loop
      vertex 84.4985 -20 166.198
      vertex 82.794 -20 166.423
      vertex 84.206 -20 166.423
    endloop
  endfacet
  facet normal 0 1 0
    outer loop
      vertex 84.4985 -20 166.198
      vertex 82.5015 -20 166.198
      vertex 82.794 -20 166.423
    endloop
  endfacet
  facet normal 0 1 0
    outer loop
      vertex 84.7229 -20 165.906
      vertex 82.5015 -20 166.198
      vertex 84.4985 -20 166.198
    endloop
  endfacet
  facet normal 0 1 0
    outer loop
      vertex 84.7229 -20 165.906
      vertex 82.2771 -20 165.906
      vertex 82.5015 -20 166.198
    endloop
  endfacet
  facet normal 0 1 0
    outer loop
      vertex 84.864 -20 165.565
      vertex 82.2771 -20 165.906
      vertex 84.7229 -20 165.906
    endloop
  endfacet
  facet normal 0 1 0
    outer loop
      vertex 84.864 -20 165.565
      vertex 82.136 -20 165.565
      vertex 82.2771 -20 165.906
    endloop
  endfacet
  facet normal 0 1 0
    outer loop
      vertex 84.9121 -20 165.2
      vertex 82.136 -20 165.565
      vertex 84.864 -20 165.565
    endloop
  endfacet
  facet normal 0 1 0
    outer loop
      vertex 84.9121 -20 165.2
      vertex 82.0879 -20 165.2
      vertex 82.136 -20 165.565
    endloop
  endfacet
  facet normal 0 1 -0
    outer loop
      vertex 84.864 -20 164.835
      vertex 82.0879 -20 165.2
      vertex 84.9121 -20 165.2
    endloop
  endfacet
  facet normal 0 1 0
    outer loop
      vertex 84.864 -20 164.835
      vertex 82.136 -20 164.835
      vertex 82.0879 -20 165.2
    endloop
  endfacet
  facet normal 0 1 -0
    outer loop
      vertex 84.7229 -20 164.494
      vertex 82.136 -20 164.835
      vertex 84.864 -20 164.835
    endloop
  endfacet
  facet normal 0 1 0
    outer loop
      vertex 84.7229 -20 164.494
      vertex 82.2771 -20 164.494
      vertex 82.136 -20 164.835
    endloop
  endfacet
  facet normal 0 1 -0
    outer loop
      vertex 84.4985 -20 164.202
      vertex 82.2771 -20 164.494
      vertex 84.7229 -20 164.494
    endloop
  endfacet
  facet normal 0 1 0
    outer loop
      vertex 84.4985 -20 164.202
      vertex 82.5015 -20 164.202
      vertex 82.2771 -20 164.494
    endloop
  endfacet
  facet normal 0 1 -0
    outer loop
      vertex 84.206 -20 163.977
      vertex 82.5015 -20 164.202
      vertex 84.4985 -20 164.202
    endloop
  endfacet
  facet normal 0 1 0
    outer loop
      vertex 84.206 -20 163.977
      vertex 82.794 -20 163.977
      vertex 82.5015 -20 164.202
    endloop
  endfacet
  facet normal 0 1 -0
    outer loop
      vertex 83.8655 -20 163.836
      vertex 82.794 -20 163.977
      vertex 84.206 -20 163.977
    endloop
  endfacet
  facet normal 0 1 0
    outer loop
      vertex 83.8655 -20 163.836
      vertex 83.1345 -20 163.836
      vertex 82.794 -20 163.977
    endloop
  endfacet
  facet normal -0 1 0
    outer loop
      vertex 83.1345 -20 163.836
      vertex 83.8655 -20 163.836
      vertex 83.5 -20 163.788
    endloop
  endfacet
  facet normal -0.923822 -0.382823 0
    outer loop
      vertex -34.386 -34.5845 1.2
      vertex -34.5271 -34.244 13.2
      vertex -34.5271 -34.244 1.2
    endloop
  endfacet
  facet normal -0.923822 -0.382823 0
    outer loop
      vertex -34.5271 -34.244 13.2
      vertex -34.386 -34.5845 1.2
      vertex -34.386 -34.5845 13.2
    endloop
  endfacet
  facet normal -0.991452 -0.130476 0
    outer loop
      vertex -34.3379 -34.95 1.2
      vertex -34.386 -34.5845 13.2
      vertex -34.386 -34.5845 1.2
    endloop
  endfacet
  facet normal -0.991452 -0.130476 0
    outer loop
      vertex -34.386 -34.5845 13.2
      vertex -34.3379 -34.95 1.2
      vertex -34.3379 -34.95 13.2
    endloop
  endfacet
  facet normal -0.79341 -0.608688 0
    outer loop
      vertex -34.5271 -34.244 1.2
      vertex -34.7515 -33.9515 13.2
      vertex -34.7515 -33.9515 1.2
    endloop
  endfacet
  facet normal -0.79341 -0.608688 0
    outer loop
      vertex -34.7515 -33.9515 13.2
      vertex -34.5271 -34.244 1.2
      vertex -34.5271 -34.244 13.2
    endloop
  endfacet
  facet normal -0.991452 0.130476 0
    outer loop
      vertex -34.386 -35.3155 1.2
      vertex -34.3379 -34.95 13.2
      vertex -34.3379 -34.95 1.2
    endloop
  endfacet
  facet normal -0.991452 0.130476 0
    outer loop
      vertex -34.3379 -34.95 13.2
      vertex -34.386 -35.3155 1.2
      vertex -34.386 -35.3155 13.2
    endloop
  endfacet
  facet normal -0.382823 0.923822 0
    outer loop
      vertex -35.044 -36.1729 1.2
      vertex -35.3845 -36.314 13.2
      vertex -35.044 -36.1729 13.2
    endloop
  endfacet
  facet normal -0.382823 0.923822 0
    outer loop
      vertex -35.3845 -36.314 13.2
      vertex -35.044 -36.1729 1.2
      vertex -35.3845 -36.314 1.2
    endloop
  endfacet
  facet normal -0.130476 0.991452 0
    outer loop
      vertex -35.3845 -36.314 1.2
      vertex -35.75 -36.3621 13.2
      vertex -35.3845 -36.314 13.2
    endloop
  endfacet
  facet normal -0.130476 0.991452 0
    outer loop
      vertex -35.75 -36.3621 13.2
      vertex -35.3845 -36.314 1.2
      vertex -35.75 -36.3621 1.2
    endloop
  endfacet
  facet normal -0.382823 -0.923822 0
    outer loop
      vertex -35.3845 -33.586 1.2
      vertex -35.044 -33.7271 13.2
      vertex -35.3845 -33.586 13.2
    endloop
  endfacet
  facet normal -0.382823 -0.923822 -0
    outer loop
      vertex -35.044 -33.7271 13.2
      vertex -35.3845 -33.586 1.2
      vertex -35.044 -33.7271 1.2
    endloop
  endfacet
  facet normal 0.923822 -0.382823 0
    outer loop
      vertex -37.114 -34.5845 13.2
      vertex -36.9729 -34.244 1.2
      vertex -36.9729 -34.244 13.2
    endloop
  endfacet
  facet normal 0.923822 -0.382823 0
    outer loop
      vertex -36.9729 -34.244 1.2
      vertex -37.114 -34.5845 13.2
      vertex -37.114 -34.5845 1.2
    endloop
  endfacet
  facet normal -0.923822 0.382823 0
    outer loop
      vertex -34.5271 -35.656 1.2
      vertex -34.386 -35.3155 13.2
      vertex -34.386 -35.3155 1.2
    endloop
  endfacet
  facet normal -0.923822 0.382823 0
    outer loop
      vertex -34.386 -35.3155 13.2
      vertex -34.5271 -35.656 1.2
      vertex -34.5271 -35.656 13.2
    endloop
  endfacet
  facet normal 0.382823 0.923822 -0
    outer loop
      vertex -36.1155 -36.314 1.2
      vertex -36.456 -36.1729 13.2
      vertex -36.1155 -36.314 13.2
    endloop
  endfacet
  facet normal 0.382823 0.923822 0
    outer loop
      vertex -36.456 -36.1729 13.2
      vertex -36.1155 -36.314 1.2
      vertex -36.456 -36.1729 1.2
    endloop
  endfacet
  facet normal 0.130476 0.991452 -0
    outer loop
      vertex -35.75 -36.3621 1.2
      vertex -36.1155 -36.314 13.2
      vertex -35.75 -36.3621 13.2
    endloop
  endfacet
  facet normal 0.130476 0.991452 0
    outer loop
      vertex -36.1155 -36.314 13.2
      vertex -35.75 -36.3621 1.2
      vertex -36.1155 -36.314 1.2
    endloop
  endfacet
  facet normal 0.991452 0.130476 0
    outer loop
      vertex -37.114 -35.3155 13.2
      vertex -37.1621 -34.95 1.2
      vertex -37.1621 -34.95 13.2
    endloop
  endfacet
  facet normal 0.991452 0.130476 0
    outer loop
      vertex -37.1621 -34.95 1.2
      vertex -37.114 -35.3155 13.2
      vertex -37.114 -35.3155 1.2
    endloop
  endfacet
  facet normal -0.608688 0.79341 0
    outer loop
      vertex -34.7515 -35.9485 1.2
      vertex -35.044 -36.1729 13.2
      vertex -34.7515 -35.9485 13.2
    endloop
  endfacet
  facet normal -0.608688 0.79341 0
    outer loop
      vertex -35.044 -36.1729 13.2
      vertex -34.7515 -35.9485 1.2
      vertex -35.044 -36.1729 1.2
    endloop
  endfacet
  facet normal 0.79341 -0.608688 0
    outer loop
      vertex -36.9729 -34.244 13.2
      vertex -36.7485 -33.9515 1.2
      vertex -36.7485 -33.9515 13.2
    endloop
  endfacet
  facet normal 0.79341 -0.608688 0
    outer loop
      vertex -36.7485 -33.9515 1.2
      vertex -36.9729 -34.244 13.2
      vertex -36.9729 -34.244 1.2
    endloop
  endfacet
  facet normal -0.130476 -0.991452 0
    outer loop
      vertex -35.75 -33.5379 1.2
      vertex -35.3845 -33.586 13.2
      vertex -35.75 -33.5379 13.2
    endloop
  endfacet
  facet normal -0.130476 -0.991452 -0
    outer loop
      vertex -35.3845 -33.586 13.2
      vertex -35.75 -33.5379 1.2
      vertex -35.3845 -33.586 1.2
    endloop
  endfacet
  facet normal 0.382823 -0.923822 0
    outer loop
      vertex -36.456 -33.7271 1.2
      vertex -36.1155 -33.586 13.2
      vertex -36.456 -33.7271 13.2
    endloop
  endfacet
  facet normal 0.382823 -0.923822 0
    outer loop
      vertex -36.1155 -33.586 13.2
      vertex -36.456 -33.7271 1.2
      vertex -36.1155 -33.586 1.2
    endloop
  endfacet
  facet normal 0.130476 -0.991452 0
    outer loop
      vertex -36.1155 -33.586 1.2
      vertex -35.75 -33.5379 13.2
      vertex -36.1155 -33.586 13.2
    endloop
  endfacet
  facet normal 0.130476 -0.991452 0
    outer loop
      vertex -35.75 -33.5379 13.2
      vertex -36.1155 -33.586 1.2
      vertex -35.75 -33.5379 1.2
    endloop
  endfacet
  facet normal 0.991452 -0.130476 0
    outer loop
      vertex -37.1621 -34.95 13.2
      vertex -37.114 -34.5845 1.2
      vertex -37.114 -34.5845 13.2
    endloop
  endfacet
  facet normal 0.991452 -0.130476 0
    outer loop
      vertex -37.114 -34.5845 1.2
      vertex -37.1621 -34.95 13.2
      vertex -37.1621 -34.95 1.2
    endloop
  endfacet
  facet normal -0.79341 0.608688 0
    outer loop
      vertex -34.7515 -35.9485 1.2
      vertex -34.5271 -35.656 13.2
      vertex -34.5271 -35.656 1.2
    endloop
  endfacet
  facet normal -0.79341 0.608688 0
    outer loop
      vertex -34.5271 -35.656 13.2
      vertex -34.7515 -35.9485 1.2
      vertex -34.7515 -35.9485 13.2
    endloop
  endfacet
  facet normal 0.608688 -0.79341 0
    outer loop
      vertex -36.7485 -33.9515 1.2
      vertex -36.456 -33.7271 13.2
      vertex -36.7485 -33.9515 13.2
    endloop
  endfacet
  facet normal 0.608688 -0.79341 0
    outer loop
      vertex -36.456 -33.7271 13.2
      vertex -36.7485 -33.9515 1.2
      vertex -36.456 -33.7271 1.2
    endloop
  endfacet
  facet normal 0.923822 0.382823 0
    outer loop
      vertex -36.9729 -35.656 13.2
      vertex -37.114 -35.3155 1.2
      vertex -37.114 -35.3155 13.2
    endloop
  endfacet
  facet normal 0.923822 0.382823 0
    outer loop
      vertex -37.114 -35.3155 1.2
      vertex -36.9729 -35.656 13.2
      vertex -36.9729 -35.656 1.2
    endloop
  endfacet
  facet normal -0.608688 -0.79341 0
    outer loop
      vertex -35.044 -33.7271 1.2
      vertex -34.7515 -33.9515 13.2
      vertex -35.044 -33.7271 13.2
    endloop
  endfacet
  facet normal -0.608688 -0.79341 -0
    outer loop
      vertex -34.7515 -33.9515 13.2
      vertex -35.044 -33.7271 1.2
      vertex -34.7515 -33.9515 1.2
    endloop
  endfacet
  facet normal 0.79341 0.608688 0
    outer loop
      vertex -36.7485 -35.9485 13.2
      vertex -36.9729 -35.656 1.2
      vertex -36.9729 -35.656 13.2
    endloop
  endfacet
  facet normal 0.79341 0.608688 0
    outer loop
      vertex -36.9729 -35.656 1.2
      vertex -36.7485 -35.9485 13.2
      vertex -36.7485 -35.9485 1.2
    endloop
  endfacet
  facet normal 0.608688 0.79341 -0
    outer loop
      vertex -36.456 -36.1729 1.2
      vertex -36.7485 -35.9485 13.2
      vertex -36.456 -36.1729 13.2
    endloop
  endfacet
  facet normal 0.608688 0.79341 0
    outer loop
      vertex -36.7485 -35.9485 13.2
      vertex -36.456 -36.1729 1.2
      vertex -36.7485 -35.9485 1.2
    endloop
  endfacet
  facet normal 0 0 1
    outer loop
      vertex -34.386 -34.5845 1.2
      vertex -34.386 -35.3155 1.2
      vertex -34.3379 -34.95 1.2
    endloop
  endfacet
  facet normal 0 0 1
    outer loop
      vertex -34.5271 -34.244 1.2
      vertex -34.386 -35.3155 1.2
      vertex -34.386 -34.5845 1.2
    endloop
  endfacet
  facet normal 0 0 1
    outer loop
      vertex -34.5271 -34.244 1.2
      vertex -34.5271 -35.656 1.2
      vertex -34.386 -35.3155 1.2
    endloop
  endfacet
  facet normal 0 0 1
    outer loop
      vertex -34.7515 -33.9515 1.2
      vertex -34.5271 -35.656 1.2
      vertex -34.5271 -34.244 1.2
    endloop
  endfacet
  facet normal 0 0 1
    outer loop
      vertex -34.7515 -33.9515 1.2
      vertex -34.7515 -35.9485 1.2
      vertex -34.5271 -35.656 1.2
    endloop
  endfacet
  facet normal 0 0 1
    outer loop
      vertex -35.044 -33.7271 1.2
      vertex -34.7515 -35.9485 1.2
      vertex -34.7515 -33.9515 1.2
    endloop
  endfacet
  facet normal 0 0 1
    outer loop
      vertex -35.044 -33.7271 1.2
      vertex -35.044 -36.1729 1.2
      vertex -34.7515 -35.9485 1.2
    endloop
  endfacet
  facet normal 0 0 1
    outer loop
      vertex -35.3845 -33.586 1.2
      vertex -35.044 -36.1729 1.2
      vertex -35.044 -33.7271 1.2
    endloop
  endfacet
  facet normal 0 0 1
    outer loop
      vertex -35.3845 -33.586 1.2
      vertex -35.3845 -36.314 1.2
      vertex -35.044 -36.1729 1.2
    endloop
  endfacet
  facet normal 0 0 1
    outer loop
      vertex -35.75 -33.5379 1.2
      vertex -35.3845 -36.314 1.2
      vertex -35.3845 -33.586 1.2
    endloop
  endfacet
  facet normal 0 0 1
    outer loop
      vertex -35.75 -33.5379 1.2
      vertex -35.75 -36.3621 1.2
      vertex -35.3845 -36.314 1.2
    endloop
  endfacet
  facet normal -0 0 1
    outer loop
      vertex -36.1155 -33.586 1.2
      vertex -35.75 -36.3621 1.2
      vertex -35.75 -33.5379 1.2
    endloop
  endfacet
  facet normal 0 0 1
    outer loop
      vertex -36.1155 -33.586 1.2
      vertex -36.1155 -36.314 1.2
      vertex -35.75 -36.3621 1.2
    endloop
  endfacet
  facet normal -0 0 1
    outer loop
      vertex -36.456 -33.7271 1.2
      vertex -36.1155 -36.314 1.2
      vertex -36.1155 -33.586 1.2
    endloop
  endfacet
  facet normal 0 0 1
    outer loop
      vertex -36.456 -33.7271 1.2
      vertex -36.456 -36.1729 1.2
      vertex -36.1155 -36.314 1.2
    endloop
  endfacet
  facet normal -0 0 1
    outer loop
      vertex -36.7485 -33.9515 1.2
      vertex -36.456 -36.1729 1.2
      vertex -36.456 -33.7271 1.2
    endloop
  endfacet
  facet normal 0 0 1
    outer loop
      vertex -36.7485 -33.9515 1.2
      vertex -36.7485 -35.9485 1.2
      vertex -36.456 -36.1729 1.2
    endloop
  endfacet
  facet normal -0 0 1
    outer loop
      vertex -36.9729 -34.244 1.2
      vertex -36.7485 -35.9485 1.2
      vertex -36.7485 -33.9515 1.2
    endloop
  endfacet
  facet normal 0 0 1
    outer loop
      vertex -36.9729 -34.244 1.2
      vertex -36.9729 -35.656 1.2
      vertex -36.7485 -35.9485 1.2
    endloop
  endfacet
  facet normal -0 0 1
    outer loop
      vertex -37.114 -34.5845 1.2
      vertex -36.9729 -35.656 1.2
      vertex -36.9729 -34.244 1.2
    endloop
  endfacet
  facet normal 0 0 1
    outer loop
      vertex -37.114 -34.5845 1.2
      vertex -37.114 -35.3155 1.2
      vertex -36.9729 -35.656 1.2
    endloop
  endfacet
  facet normal 0 -0 1
    outer loop
      vertex -37.114 -35.3155 1.2
      vertex -37.114 -34.5845 1.2
      vertex -37.1621 -34.95 1.2
    endloop
  endfacet
  facet normal 0.382823 -0.923822 0
    outer loop
      vertex -36.456 37.7729 1.2
      vertex -36.1155 37.914 13.2
      vertex -36.456 37.7729 13.2
    endloop
  endfacet
  facet normal 0.382823 -0.923822 0
    outer loop
      vertex -36.1155 37.914 13.2
      vertex -36.456 37.7729 1.2
      vertex -36.1155 37.914 1.2
    endloop
  endfacet
  facet normal -0.923822 -0.382823 0
    outer loop
      vertex -34.386 36.9155 1.2
      vertex -34.5271 37.256 13.2
      vertex -34.5271 37.256 1.2
    endloop
  endfacet
  facet normal -0.923822 -0.382823 0
    outer loop
      vertex -34.5271 37.256 13.2
      vertex -34.386 36.9155 1.2
      vertex -34.386 36.9155 13.2
    endloop
  endfacet
  facet normal -0.991452 -0.130476 0
    outer loop
      vertex -34.3379 36.55 1.2
      vertex -34.386 36.9155 13.2
      vertex -34.386 36.9155 1.2
    endloop
  endfacet
  facet normal -0.991452 -0.130476 0
    outer loop
      vertex -34.386 36.9155 13.2
      vertex -34.3379 36.55 1.2
      vertex -34.3379 36.55 13.2
    endloop
  endfacet
  facet normal -0.79341 -0.608688 0
    outer loop
      vertex -34.5271 37.256 1.2
      vertex -34.7515 37.5485 13.2
      vertex -34.7515 37.5485 1.2
    endloop
  endfacet
  facet normal -0.79341 -0.608688 0
    outer loop
      vertex -34.7515 37.5485 13.2
      vertex -34.5271 37.256 1.2
      vertex -34.5271 37.256 13.2
    endloop
  endfacet
  facet normal -0.991452 0.130476 0
    outer loop
      vertex -34.386 36.1845 1.2
      vertex -34.3379 36.55 13.2
      vertex -34.3379 36.55 1.2
    endloop
  endfacet
  facet normal -0.991452 0.130476 0
    outer loop
      vertex -34.3379 36.55 13.2
      vertex -34.386 36.1845 1.2
      vertex -34.386 36.1845 13.2
    endloop
  endfacet
  facet normal -0.382823 0.923822 0
    outer loop
      vertex -35.044 35.3271 1.2
      vertex -35.3845 35.186 13.2
      vertex -35.044 35.3271 13.2
    endloop
  endfacet
  facet normal -0.382823 0.923822 0
    outer loop
      vertex -35.3845 35.186 13.2
      vertex -35.044 35.3271 1.2
      vertex -35.3845 35.186 1.2
    endloop
  endfacet
  facet normal -0.130476 0.991452 0
    outer loop
      vertex -35.3845 35.186 1.2
      vertex -35.75 35.1379 13.2
      vertex -35.3845 35.186 13.2
    endloop
  endfacet
  facet normal -0.130476 0.991452 0
    outer loop
      vertex -35.75 35.1379 13.2
      vertex -35.3845 35.186 1.2
      vertex -35.75 35.1379 1.2
    endloop
  endfacet
  facet normal -0.382823 -0.923822 0
    outer loop
      vertex -35.3845 37.914 1.2
      vertex -35.044 37.7729 13.2
      vertex -35.3845 37.914 13.2
    endloop
  endfacet
  facet normal -0.382823 -0.923822 -0
    outer loop
      vertex -35.044 37.7729 13.2
      vertex -35.3845 37.914 1.2
      vertex -35.044 37.7729 1.2
    endloop
  endfacet
  facet normal 0.923822 -0.382823 0
    outer loop
      vertex -37.114 36.9155 13.2
      vertex -36.9729 37.256 1.2
      vertex -36.9729 37.256 13.2
    endloop
  endfacet
  facet normal 0.923822 -0.382823 0
    outer loop
      vertex -36.9729 37.256 1.2
      vertex -37.114 36.9155 13.2
      vertex -37.114 36.9155 1.2
    endloop
  endfacet
  facet normal -0.923822 0.382823 0
    outer loop
      vertex -34.5271 35.844 1.2
      vertex -34.386 36.1845 13.2
      vertex -34.386 36.1845 1.2
    endloop
  endfacet
  facet normal -0.923822 0.382823 0
    outer loop
      vertex -34.386 36.1845 13.2
      vertex -34.5271 35.844 1.2
      vertex -34.5271 35.844 13.2
    endloop
  endfacet
  facet normal 0.382823 0.923822 -0
    outer loop
      vertex -36.1155 35.186 1.2
      vertex -36.456 35.3271 13.2
      vertex -36.1155 35.186 13.2
    endloop
  endfacet
  facet normal 0.382823 0.923822 0
    outer loop
      vertex -36.456 35.3271 13.2
      vertex -36.1155 35.186 1.2
      vertex -36.456 35.3271 1.2
    endloop
  endfacet
  facet normal 0.130476 0.991452 -0
    outer loop
      vertex -35.75 35.1379 1.2
      vertex -36.1155 35.186 13.2
      vertex -35.75 35.1379 13.2
    endloop
  endfacet
  facet normal 0.130476 0.991452 0
    outer loop
      vertex -36.1155 35.186 13.2
      vertex -35.75 35.1379 1.2
      vertex -36.1155 35.186 1.2
    endloop
  endfacet
  facet normal 0.991452 0.130476 0
    outer loop
      vertex -37.114 36.1845 13.2
      vertex -37.1621 36.55 1.2
      vertex -37.1621 36.55 13.2
    endloop
  endfacet
  facet normal 0.991452 0.130476 0
    outer loop
      vertex -37.1621 36.55 1.2
      vertex -37.114 36.1845 13.2
      vertex -37.114 36.1845 1.2
    endloop
  endfacet
  facet normal -0.608688 0.79341 0
    outer loop
      vertex -34.7515 35.5515 1.2
      vertex -35.044 35.3271 13.2
      vertex -34.7515 35.5515 13.2
    endloop
  endfacet
  facet normal -0.608688 0.79341 0
    outer loop
      vertex -35.044 35.3271 13.2
      vertex -34.7515 35.5515 1.2
      vertex -35.044 35.3271 1.2
    endloop
  endfacet
  facet normal 0.79341 -0.608688 0
    outer loop
      vertex -36.9729 37.256 13.2
      vertex -36.7485 37.5485 1.2
      vertex -36.7485 37.5485 13.2
    endloop
  endfacet
  facet normal 0.79341 -0.608688 0
    outer loop
      vertex -36.7485 37.5485 1.2
      vertex -36.9729 37.256 13.2
      vertex -36.9729 37.256 1.2
    endloop
  endfacet
  facet normal -0.130476 -0.991452 0
    outer loop
      vertex -35.75 37.9621 1.2
      vertex -35.3845 37.914 13.2
      vertex -35.75 37.9621 13.2
    endloop
  endfacet
  facet normal -0.130476 -0.991452 -0
    outer loop
      vertex -35.3845 37.914 13.2
      vertex -35.75 37.9621 1.2
      vertex -35.3845 37.914 1.2
    endloop
  endfacet
  facet normal 0.130476 -0.991452 0
    outer loop
      vertex -36.1155 37.914 1.2
      vertex -35.75 37.9621 13.2
      vertex -36.1155 37.914 13.2
    endloop
  endfacet
  facet normal 0.130476 -0.991452 0
    outer loop
      vertex -35.75 37.9621 13.2
      vertex -36.1155 37.914 1.2
      vertex -35.75 37.9621 1.2
    endloop
  endfacet
  facet normal 0.991452 -0.130476 0
    outer loop
      vertex -37.1621 36.55 13.2
      vertex -37.114 36.9155 1.2
      vertex -37.114 36.9155 13.2
    endloop
  endfacet
  facet normal 0.991452 -0.130476 0
    outer loop
      vertex -37.114 36.9155 1.2
      vertex -37.1621 36.55 13.2
      vertex -37.1621 36.55 1.2
    endloop
  endfacet
  facet normal 0.608688 -0.79341 0
    outer loop
      vertex -36.7485 37.5485 1.2
      vertex -36.456 37.7729 13.2
      vertex -36.7485 37.5485 13.2
    endloop
  endfacet
  facet normal 0.608688 -0.79341 0
    outer loop
      vertex -36.456 37.7729 13.2
      vertex -36.7485 37.5485 1.2
      vertex -36.456 37.7729 1.2
    endloop
  endfacet
  facet normal 0.923822 0.382823 0
    outer loop
      vertex -36.9729 35.844 13.2
      vertex -37.114 36.1845 1.2
      vertex -37.114 36.1845 13.2
    endloop
  endfacet
  facet normal 0.923822 0.382823 0
    outer loop
      vertex -37.114 36.1845 1.2
      vertex -36.9729 35.844 13.2
      vertex -36.9729 35.844 1.2
    endloop
  endfacet
  facet normal -0.608688 -0.79341 0
    outer loop
      vertex -35.044 37.7729 1.2
      vertex -34.7515 37.5485 13.2
      vertex -35.044 37.7729 13.2
    endloop
  endfacet
  facet normal -0.608688 -0.79341 -0
    outer loop
      vertex -34.7515 37.5485 13.2
      vertex -35.044 37.7729 1.2
      vertex -34.7515 37.5485 1.2
    endloop
  endfacet
  facet normal -0.79341 0.608688 0
    outer loop
      vertex -34.7515 35.5515 1.2
      vertex -34.5271 35.844 13.2
      vertex -34.5271 35.844 1.2
    endloop
  endfacet
  facet normal -0.79341 0.608688 0
    outer loop
      vertex -34.5271 35.844 13.2
      vertex -34.7515 35.5515 1.2
      vertex -34.7515 35.5515 13.2
    endloop
  endfacet
  facet normal 0.79341 0.608688 0
    outer loop
      vertex -36.7485 35.5515 13.2
      vertex -36.9729 35.844 1.2
      vertex -36.9729 35.844 13.2
    endloop
  endfacet
  facet normal 0.79341 0.608688 0
    outer loop
      vertex -36.9729 35.844 1.2
      vertex -36.7485 35.5515 13.2
      vertex -36.7485 35.5515 1.2
    endloop
  endfacet
  facet normal 0.608688 0.79341 -0
    outer loop
      vertex -36.456 35.3271 1.2
      vertex -36.7485 35.5515 13.2
      vertex -36.456 35.3271 13.2
    endloop
  endfacet
  facet normal 0.608688 0.79341 0
    outer loop
      vertex -36.7485 35.5515 13.2
      vertex -36.456 35.3271 1.2
      vertex -36.7485 35.5515 1.2
    endloop
  endfacet
  facet normal 0 0 1
    outer loop
      vertex -34.386 36.9155 1.2
      vertex -34.386 36.1845 1.2
      vertex -34.3379 36.55 1.2
    endloop
  endfacet
  facet normal 0 0 1
    outer loop
      vertex -34.5271 37.256 1.2
      vertex -34.386 36.1845 1.2
      vertex -34.386 36.9155 1.2
    endloop
  endfacet
  facet normal 0 0 1
    outer loop
      vertex -34.5271 37.256 1.2
      vertex -34.5271 35.844 1.2
      vertex -34.386 36.1845 1.2
    endloop
  endfacet
  facet normal 0 0 1
    outer loop
      vertex -34.7515 37.5485 1.2
      vertex -34.5271 35.844 1.2
      vertex -34.5271 37.256 1.2
    endloop
  endfacet
  facet normal 0 0 1
    outer loop
      vertex -34.7515 37.5485 1.2
      vertex -34.7515 35.5515 1.2
      vertex -34.5271 35.844 1.2
    endloop
  endfacet
  facet normal 0 0 1
    outer loop
      vertex -35.044 37.7729 1.2
      vertex -34.7515 35.5515 1.2
      vertex -34.7515 37.5485 1.2
    endloop
  endfacet
  facet normal 0 0 1
    outer loop
      vertex -35.044 37.7729 1.2
      vertex -35.044 35.3271 1.2
      vertex -34.7515 35.5515 1.2
    endloop
  endfacet
  facet normal 0 0 1
    outer loop
      vertex -35.3845 37.914 1.2
      vertex -35.044 35.3271 1.2
      vertex -35.044 37.7729 1.2
    endloop
  endfacet
  facet normal 0 0 1
    outer loop
      vertex -35.3845 37.914 1.2
      vertex -35.3845 35.186 1.2
      vertex -35.044 35.3271 1.2
    endloop
  endfacet
  facet normal 0 0 1
    outer loop
      vertex -35.75 37.9621 1.2
      vertex -35.3845 35.186 1.2
      vertex -35.3845 37.914 1.2
    endloop
  endfacet
  facet normal 0 0 1
    outer loop
      vertex -35.75 37.9621 1.2
      vertex -35.75 35.1379 1.2
      vertex -35.3845 35.186 1.2
    endloop
  endfacet
  facet normal -0 0 1
    outer loop
      vertex -36.1155 37.914 1.2
      vertex -35.75 35.1379 1.2
      vertex -35.75 37.9621 1.2
    endloop
  endfacet
  facet normal 0 0 1
    outer loop
      vertex -36.1155 37.914 1.2
      vertex -36.1155 35.186 1.2
      vertex -35.75 35.1379 1.2
    endloop
  endfacet
  facet normal -0 0 1
    outer loop
      vertex -36.456 37.7729 1.2
      vertex -36.1155 35.186 1.2
      vertex -36.1155 37.914 1.2
    endloop
  endfacet
  facet normal 0 0 1
    outer loop
      vertex -36.456 37.7729 1.2
      vertex -36.456 35.3271 1.2
      vertex -36.1155 35.186 1.2
    endloop
  endfacet
  facet normal -0 0 1
    outer loop
      vertex -36.7485 37.5485 1.2
      vertex -36.456 35.3271 1.2
      vertex -36.456 37.7729 1.2
    endloop
  endfacet
  facet normal 0 0 1
    outer loop
      vertex -36.7485 37.5485 1.2
      vertex -36.7485 35.5515 1.2
      vertex -36.456 35.3271 1.2
    endloop
  endfacet
  facet normal -0 0 1
    outer loop
      vertex -36.9729 37.256 1.2
      vertex -36.7485 35.5515 1.2
      vertex -36.7485 37.5485 1.2
    endloop
  endfacet
  facet normal 0 0 1
    outer loop
      vertex -36.9729 37.256 1.2
      vertex -36.9729 35.844 1.2
      vertex -36.7485 35.5515 1.2
    endloop
  endfacet
  facet normal -0 0 1
    outer loop
      vertex -37.114 36.9155 1.2
      vertex -36.9729 35.844 1.2
      vertex -36.9729 37.256 1.2
    endloop
  endfacet
  facet normal 0 0 1
    outer loop
      vertex -37.114 36.9155 1.2
      vertex -37.114 36.1845 1.2
      vertex -36.9729 35.844 1.2
    endloop
  endfacet
  facet normal 0 -0 1
    outer loop
      vertex -37.114 36.1845 1.2
      vertex -37.114 36.9155 1.2
      vertex -37.1621 36.55 1.2
    endloop
  endfacet
  facet normal 0.382823 -0.923822 0
    outer loop
      vertex 35.044 -33.7271 1.2
      vertex 35.3845 -33.586 13.2
      vertex 35.044 -33.7271 13.2
    endloop
  endfacet
  facet normal 0.382823 -0.923822 0
    outer loop
      vertex 35.3845 -33.586 13.2
      vertex 35.044 -33.7271 1.2
      vertex 35.3845 -33.586 1.2
    endloop
  endfacet
  facet normal -0.923822 -0.382823 0
    outer loop
      vertex 37.114 -34.5845 1.2
      vertex 36.9729 -34.244 13.2
      vertex 36.9729 -34.244 1.2
    endloop
  endfacet
  facet normal -0.923822 -0.382823 0
    outer loop
      vertex 36.9729 -34.244 13.2
      vertex 37.114 -34.5845 1.2
      vertex 37.114 -34.5845 13.2
    endloop
  endfacet
  facet normal -0.991452 -0.130476 0
    outer loop
      vertex 37.1621 -34.95 1.2
      vertex 37.114 -34.5845 13.2
      vertex 37.114 -34.5845 1.2
    endloop
  endfacet
  facet normal -0.991452 -0.130476 0
    outer loop
      vertex 37.114 -34.5845 13.2
      vertex 37.1621 -34.95 1.2
      vertex 37.1621 -34.95 13.2
    endloop
  endfacet
  facet normal -0.79341 -0.608688 0
    outer loop
      vertex 36.9729 -34.244 1.2
      vertex 36.7485 -33.9515 13.2
      vertex 36.7485 -33.9515 1.2
    endloop
  endfacet
  facet normal -0.79341 -0.608688 0
    outer loop
      vertex 36.7485 -33.9515 13.2
      vertex 36.9729 -34.244 1.2
      vertex 36.9729 -34.244 13.2
    endloop
  endfacet
  facet normal -0.991452 0.130476 0
    outer loop
      vertex 37.114 -35.3155 1.2
      vertex 37.1621 -34.95 13.2
      vertex 37.1621 -34.95 1.2
    endloop
  endfacet
  facet normal -0.991452 0.130476 0
    outer loop
      vertex 37.1621 -34.95 13.2
      vertex 37.114 -35.3155 1.2
      vertex 37.114 -35.3155 13.2
    endloop
  endfacet
  facet normal -0.382823 0.923822 0
    outer loop
      vertex 36.456 -36.1729 1.2
      vertex 36.1155 -36.314 13.2
      vertex 36.456 -36.1729 13.2
    endloop
  endfacet
  facet normal -0.382823 0.923822 0
    outer loop
      vertex 36.1155 -36.314 13.2
      vertex 36.456 -36.1729 1.2
      vertex 36.1155 -36.314 1.2
    endloop
  endfacet
  facet normal -0.130476 0.991452 0
    outer loop
      vertex 36.1155 -36.314 1.2
      vertex 35.75 -36.3621 13.2
      vertex 36.1155 -36.314 13.2
    endloop
  endfacet
  facet normal -0.130476 0.991452 0
    outer loop
      vertex 35.75 -36.3621 13.2
      vertex 36.1155 -36.314 1.2
      vertex 35.75 -36.3621 1.2
    endloop
  endfacet
  facet normal -0.382823 -0.923822 0
    outer loop
      vertex 36.1155 -33.586 1.2
      vertex 36.456 -33.7271 13.2
      vertex 36.1155 -33.586 13.2
    endloop
  endfacet
  facet normal -0.382823 -0.923822 -0
    outer loop
      vertex 36.456 -33.7271 13.2
      vertex 36.1155 -33.586 1.2
      vertex 36.456 -33.7271 1.2
    endloop
  endfacet
  facet normal 0.923822 -0.382823 0
    outer loop
      vertex 34.386 -34.5845 13.2
      vertex 34.5271 -34.244 1.2
      vertex 34.5271 -34.244 13.2
    endloop
  endfacet
  facet normal 0.923822 -0.382823 0
    outer loop
      vertex 34.5271 -34.244 1.2
      vertex 34.386 -34.5845 13.2
      vertex 34.386 -34.5845 1.2
    endloop
  endfacet
  facet normal -0.923822 0.382823 0
    outer loop
      vertex 36.9729 -35.656 1.2
      vertex 37.114 -35.3155 13.2
      vertex 37.114 -35.3155 1.2
    endloop
  endfacet
  facet normal -0.923822 0.382823 0
    outer loop
      vertex 37.114 -35.3155 13.2
      vertex 36.9729 -35.656 1.2
      vertex 36.9729 -35.656 13.2
    endloop
  endfacet
  facet normal 0.382823 0.923822 -0
    outer loop
      vertex 35.3845 -36.314 1.2
      vertex 35.044 -36.1729 13.2
      vertex 35.3845 -36.314 13.2
    endloop
  endfacet
  facet normal 0.382823 0.923822 0
    outer loop
      vertex 35.044 -36.1729 13.2
      vertex 35.3845 -36.314 1.2
      vertex 35.044 -36.1729 1.2
    endloop
  endfacet
  facet normal 0.130476 0.991452 -0
    outer loop
      vertex 35.75 -36.3621 1.2
      vertex 35.3845 -36.314 13.2
      vertex 35.75 -36.3621 13.2
    endloop
  endfacet
  facet normal 0.130476 0.991452 0
    outer loop
      vertex 35.3845 -36.314 13.2
      vertex 35.75 -36.3621 1.2
      vertex 35.3845 -36.314 1.2
    endloop
  endfacet
  facet normal 0.991452 0.130476 0
    outer loop
      vertex 34.386 -35.3155 13.2
      vertex 34.3379 -34.95 1.2
      vertex 34.3379 -34.95 13.2
    endloop
  endfacet
  facet normal 0.991452 0.130476 0
    outer loop
      vertex 34.3379 -34.95 1.2
      vertex 34.386 -35.3155 13.2
      vertex 34.386 -35.3155 1.2
    endloop
  endfacet
  facet normal -0.608688 0.79341 0
    outer loop
      vertex 36.7485 -35.9485 1.2
      vertex 36.456 -36.1729 13.2
      vertex 36.7485 -35.9485 13.2
    endloop
  endfacet
  facet normal -0.608688 0.79341 0
    outer loop
      vertex 36.456 -36.1729 13.2
      vertex 36.7485 -35.9485 1.2
      vertex 36.456 -36.1729 1.2
    endloop
  endfacet
  facet normal 0.79341 -0.608688 0
    outer loop
      vertex 34.5271 -34.244 13.2
      vertex 34.7515 -33.9515 1.2
      vertex 34.7515 -33.9515 13.2
    endloop
  endfacet
  facet normal 0.79341 -0.608688 0
    outer loop
      vertex 34.7515 -33.9515 1.2
      vertex 34.5271 -34.244 13.2
      vertex 34.5271 -34.244 1.2
    endloop
  endfacet
  facet normal -0.130476 -0.991452 0
    outer loop
      vertex 35.75 -33.5379 1.2
      vertex 36.1155 -33.586 13.2
      vertex 35.75 -33.5379 13.2
    endloop
  endfacet
  facet normal -0.130476 -0.991452 -0
    outer loop
      vertex 36.1155 -33.586 13.2
      vertex 35.75 -33.5379 1.2
      vertex 36.1155 -33.586 1.2
    endloop
  endfacet
  facet normal 0.130476 -0.991452 0
    outer loop
      vertex 35.3845 -33.586 1.2
      vertex 35.75 -33.5379 13.2
      vertex 35.3845 -33.586 13.2
    endloop
  endfacet
  facet normal 0.130476 -0.991452 0
    outer loop
      vertex 35.75 -33.5379 13.2
      vertex 35.3845 -33.586 1.2
      vertex 35.75 -33.5379 1.2
    endloop
  endfacet
  facet normal 0.991452 -0.130476 0
    outer loop
      vertex 34.3379 -34.95 13.2
      vertex 34.386 -34.5845 1.2
      vertex 34.386 -34.5845 13.2
    endloop
  endfacet
  facet normal 0.991452 -0.130476 0
    outer loop
      vertex 34.386 -34.5845 1.2
      vertex 34.3379 -34.95 13.2
      vertex 34.3379 -34.95 1.2
    endloop
  endfacet
  facet normal 0.608688 -0.79341 0
    outer loop
      vertex 34.7515 -33.9515 1.2
      vertex 35.044 -33.7271 13.2
      vertex 34.7515 -33.9515 13.2
    endloop
  endfacet
  facet normal 0.608688 -0.79341 0
    outer loop
      vertex 35.044 -33.7271 13.2
      vertex 34.7515 -33.9515 1.2
      vertex 35.044 -33.7271 1.2
    endloop
  endfacet
  facet normal 0.923822 0.382823 0
    outer loop
      vertex 34.5271 -35.656 13.2
      vertex 34.386 -35.3155 1.2
      vertex 34.386 -35.3155 13.2
    endloop
  endfacet
  facet normal 0.923822 0.382823 0
    outer loop
      vertex 34.386 -35.3155 1.2
      vertex 34.5271 -35.656 13.2
      vertex 34.5271 -35.656 1.2
    endloop
  endfacet
  facet normal -0.608688 -0.79341 0
    outer loop
      vertex 36.456 -33.7271 1.2
      vertex 36.7485 -33.9515 13.2
      vertex 36.456 -33.7271 13.2
    endloop
  endfacet
  facet normal -0.608688 -0.79341 -0
    outer loop
      vertex 36.7485 -33.9515 13.2
      vertex 36.456 -33.7271 1.2
      vertex 36.7485 -33.9515 1.2
    endloop
  endfacet
  facet normal -0.79341 0.608688 0
    outer loop
      vertex 36.7485 -35.9485 1.2
      vertex 36.9729 -35.656 13.2
      vertex 36.9729 -35.656 1.2
    endloop
  endfacet
  facet normal -0.79341 0.608688 0
    outer loop
      vertex 36.9729 -35.656 13.2
      vertex 36.7485 -35.9485 1.2
      vertex 36.7485 -35.9485 13.2
    endloop
  endfacet
  facet normal 0.79341 0.608688 0
    outer loop
      vertex 34.7515 -35.9485 13.2
      vertex 34.5271 -35.656 1.2
      vertex 34.5271 -35.656 13.2
    endloop
  endfacet
  facet normal 0.79341 0.608688 0
    outer loop
      vertex 34.5271 -35.656 1.2
      vertex 34.7515 -35.9485 13.2
      vertex 34.7515 -35.9485 1.2
    endloop
  endfacet
  facet normal 0.608688 0.79341 -0
    outer loop
      vertex 35.044 -36.1729 1.2
      vertex 34.7515 -35.9485 13.2
      vertex 35.044 -36.1729 13.2
    endloop
  endfacet
  facet normal 0.608688 0.79341 0
    outer loop
      vertex 34.7515 -35.9485 13.2
      vertex 35.044 -36.1729 1.2
      vertex 34.7515 -35.9485 1.2
    endloop
  endfacet
  facet normal 0 0 1
    outer loop
      vertex 37.114 -34.5845 1.2
      vertex 37.114 -35.3155 1.2
      vertex 37.1621 -34.95 1.2
    endloop
  endfacet
  facet normal 0 0 1
    outer loop
      vertex 36.9729 -34.244 1.2
      vertex 37.114 -35.3155 1.2
      vertex 37.114 -34.5845 1.2
    endloop
  endfacet
  facet normal 0 0 1
    outer loop
      vertex 36.9729 -34.244 1.2
      vertex 36.9729 -35.656 1.2
      vertex 37.114 -35.3155 1.2
    endloop
  endfacet
  facet normal 0 0 1
    outer loop
      vertex 36.7485 -33.9515 1.2
      vertex 36.9729 -35.656 1.2
      vertex 36.9729 -34.244 1.2
    endloop
  endfacet
  facet normal 0 0 1
    outer loop
      vertex 36.7485 -33.9515 1.2
      vertex 36.7485 -35.9485 1.2
      vertex 36.9729 -35.656 1.2
    endloop
  endfacet
  facet normal 0 0 1
    outer loop
      vertex 36.456 -33.7271 1.2
      vertex 36.7485 -35.9485 1.2
      vertex 36.7485 -33.9515 1.2
    endloop
  endfacet
  facet normal 0 0 1
    outer loop
      vertex 36.456 -33.7271 1.2
      vertex 36.456 -36.1729 1.2
      vertex 36.7485 -35.9485 1.2
    endloop
  endfacet
  facet normal 0 0 1
    outer loop
      vertex 36.1155 -33.586 1.2
      vertex 36.456 -36.1729 1.2
      vertex 36.456 -33.7271 1.2
    endloop
  endfacet
  facet normal 0 0 1
    outer loop
      vertex 36.1155 -33.586 1.2
      vertex 36.1155 -36.314 1.2
      vertex 36.456 -36.1729 1.2
    endloop
  endfacet
  facet normal 0 0 1
    outer loop
      vertex 35.75 -33.5379 1.2
      vertex 36.1155 -36.314 1.2
      vertex 36.1155 -33.586 1.2
    endloop
  endfacet
  facet normal 0 0 1
    outer loop
      vertex 35.75 -33.5379 1.2
      vertex 35.75 -36.3621 1.2
      vertex 36.1155 -36.314 1.2
    endloop
  endfacet
  facet normal -0 0 1
    outer loop
      vertex 35.3845 -33.586 1.2
      vertex 35.75 -36.3621 1.2
      vertex 35.75 -33.5379 1.2
    endloop
  endfacet
  facet normal 0 0 1
    outer loop
      vertex 35.3845 -33.586 1.2
      vertex 35.3845 -36.314 1.2
      vertex 35.75 -36.3621 1.2
    endloop
  endfacet
  facet normal -0 0 1
    outer loop
      vertex 35.044 -33.7271 1.2
      vertex 35.3845 -36.314 1.2
      vertex 35.3845 -33.586 1.2
    endloop
  endfacet
  facet normal 0 0 1
    outer loop
      vertex 35.044 -33.7271 1.2
      vertex 35.044 -36.1729 1.2
      vertex 35.3845 -36.314 1.2
    endloop
  endfacet
  facet normal -0 0 1
    outer loop
      vertex 34.7515 -33.9515 1.2
      vertex 35.044 -36.1729 1.2
      vertex 35.044 -33.7271 1.2
    endloop
  endfacet
  facet normal 0 0 1
    outer loop
      vertex 34.7515 -33.9515 1.2
      vertex 34.7515 -35.9485 1.2
      vertex 35.044 -36.1729 1.2
    endloop
  endfacet
  facet normal -0 0 1
    outer loop
      vertex 34.5271 -34.244 1.2
      vertex 34.7515 -35.9485 1.2
      vertex 34.7515 -33.9515 1.2
    endloop
  endfacet
  facet normal 0 0 1
    outer loop
      vertex 34.5271 -34.244 1.2
      vertex 34.5271 -35.656 1.2
      vertex 34.7515 -35.9485 1.2
    endloop
  endfacet
  facet normal -0 0 1
    outer loop
      vertex 34.386 -34.5845 1.2
      vertex 34.5271 -35.656 1.2
      vertex 34.5271 -34.244 1.2
    endloop
  endfacet
  facet normal 0 0 1
    outer loop
      vertex 34.386 -34.5845 1.2
      vertex 34.386 -35.3155 1.2
      vertex 34.5271 -35.656 1.2
    endloop
  endfacet
  facet normal 0 -0 1
    outer loop
      vertex 34.386 -35.3155 1.2
      vertex 34.386 -34.5845 1.2
      vertex 34.3379 -34.95 1.2
    endloop
  endfacet
  facet normal 0.382823 -0.923822 0
    outer loop
      vertex 35.044 37.7729 1.2
      vertex 35.3845 37.914 13.2
      vertex 35.044 37.7729 13.2
    endloop
  endfacet
  facet normal 0.382823 -0.923822 0
    outer loop
      vertex 35.3845 37.914 13.2
      vertex 35.044 37.7729 1.2
      vertex 35.3845 37.914 1.2
    endloop
  endfacet
  facet normal -0.923822 -0.382823 0
    outer loop
      vertex 37.114 36.9155 1.2
      vertex 36.9729 37.256 13.2
      vertex 36.9729 37.256 1.2
    endloop
  endfacet
  facet normal -0.923822 -0.382823 0
    outer loop
      vertex 36.9729 37.256 13.2
      vertex 37.114 36.9155 1.2
      vertex 37.114 36.9155 13.2
    endloop
  endfacet
  facet normal -0.991452 -0.130476 0
    outer loop
      vertex 37.1621 36.55 1.2
      vertex 37.114 36.9155 13.2
      vertex 37.114 36.9155 1.2
    endloop
  endfacet
  facet normal -0.991452 -0.130476 0
    outer loop
      vertex 37.114 36.9155 13.2
      vertex 37.1621 36.55 1.2
      vertex 37.1621 36.55 13.2
    endloop
  endfacet
  facet normal -0.79341 -0.608688 0
    outer loop
      vertex 36.9729 37.256 1.2
      vertex 36.7485 37.5485 13.2
      vertex 36.7485 37.5485 1.2
    endloop
  endfacet
  facet normal -0.79341 -0.608688 0
    outer loop
      vertex 36.7485 37.5485 13.2
      vertex 36.9729 37.256 1.2
      vertex 36.9729 37.256 13.2
    endloop
  endfacet
  facet normal -0.991452 0.130476 0
    outer loop
      vertex 37.114 36.1845 1.2
      vertex 37.1621 36.55 13.2
      vertex 37.1621 36.55 1.2
    endloop
  endfacet
  facet normal -0.991452 0.130476 0
    outer loop
      vertex 37.1621 36.55 13.2
      vertex 37.114 36.1845 1.2
      vertex 37.114 36.1845 13.2
    endloop
  endfacet
  facet normal -0.382823 0.923822 0
    outer loop
      vertex 36.456 35.3271 1.2
      vertex 36.1155 35.186 13.2
      vertex 36.456 35.3271 13.2
    endloop
  endfacet
  facet normal -0.382823 0.923822 0
    outer loop
      vertex 36.1155 35.186 13.2
      vertex 36.456 35.3271 1.2
      vertex 36.1155 35.186 1.2
    endloop
  endfacet
  facet normal -0.130476 0.991452 0
    outer loop
      vertex 36.1155 35.186 1.2
      vertex 35.75 35.1379 13.2
      vertex 36.1155 35.186 13.2
    endloop
  endfacet
  facet normal -0.130476 0.991452 0
    outer loop
      vertex 35.75 35.1379 13.2
      vertex 36.1155 35.186 1.2
      vertex 35.75 35.1379 1.2
    endloop
  endfacet
  facet normal -0.382823 -0.923822 0
    outer loop
      vertex 36.1155 37.914 1.2
      vertex 36.456 37.7729 13.2
      vertex 36.1155 37.914 13.2
    endloop
  endfacet
  facet normal -0.382823 -0.923822 -0
    outer loop
      vertex 36.456 37.7729 13.2
      vertex 36.1155 37.914 1.2
      vertex 36.456 37.7729 1.2
    endloop
  endfacet
  facet normal 0.923822 -0.382823 0
    outer loop
      vertex 34.386 36.9155 13.2
      vertex 34.5271 37.256 1.2
      vertex 34.5271 37.256 13.2
    endloop
  endfacet
  facet normal 0.923822 -0.382823 0
    outer loop
      vertex 34.5271 37.256 1.2
      vertex 34.386 36.9155 13.2
      vertex 34.386 36.9155 1.2
    endloop
  endfacet
  facet normal -0.923822 0.382823 0
    outer loop
      vertex 36.9729 35.844 1.2
      vertex 37.114 36.1845 13.2
      vertex 37.114 36.1845 1.2
    endloop
  endfacet
  facet normal -0.923822 0.382823 0
    outer loop
      vertex 37.114 36.1845 13.2
      vertex 36.9729 35.844 1.2
      vertex 36.9729 35.844 13.2
    endloop
  endfacet
  facet normal 0.382823 0.923822 -0
    outer loop
      vertex 35.3845 35.186 1.2
      vertex 35.044 35.3271 13.2
      vertex 35.3845 35.186 13.2
    endloop
  endfacet
  facet normal 0.382823 0.923822 0
    outer loop
      vertex 35.044 35.3271 13.2
      vertex 35.3845 35.186 1.2
      vertex 35.044 35.3271 1.2
    endloop
  endfacet
  facet normal 0.130476 0.991452 -0
    outer loop
      vertex 35.75 35.1379 1.2
      vertex 35.3845 35.186 13.2
      vertex 35.75 35.1379 13.2
    endloop
  endfacet
  facet normal 0.130476 0.991452 0
    outer loop
      vertex 35.3845 35.186 13.2
      vertex 35.75 35.1379 1.2
      vertex 35.3845 35.186 1.2
    endloop
  endfacet
  facet normal 0.991452 0.130476 0
    outer loop
      vertex 34.386 36.1845 13.2
      vertex 34.3379 36.55 1.2
      vertex 34.3379 36.55 13.2
    endloop
  endfacet
  facet normal 0.991452 0.130476 0
    outer loop
      vertex 34.3379 36.55 1.2
      vertex 34.386 36.1845 13.2
      vertex 34.386 36.1845 1.2
    endloop
  endfacet
  facet normal -0.608688 0.79341 0
    outer loop
      vertex 36.7485 35.5515 1.2
      vertex 36.456 35.3271 13.2
      vertex 36.7485 35.5515 13.2
    endloop
  endfacet
  facet normal -0.608688 0.79341 0
    outer loop
      vertex 36.456 35.3271 13.2
      vertex 36.7485 35.5515 1.2
      vertex 36.456 35.3271 1.2
    endloop
  endfacet
  facet normal 0.79341 -0.608688 0
    outer loop
      vertex 34.5271 37.256 13.2
      vertex 34.7515 37.5485 1.2
      vertex 34.7515 37.5485 13.2
    endloop
  endfacet
  facet normal 0.79341 -0.608688 0
    outer loop
      vertex 34.7515 37.5485 1.2
      vertex 34.5271 37.256 13.2
      vertex 34.5271 37.256 1.2
    endloop
  endfacet
  facet normal -0.130476 -0.991452 0
    outer loop
      vertex 35.75 37.9621 1.2
      vertex 36.1155 37.914 13.2
      vertex 35.75 37.9621 13.2
    endloop
  endfacet
  facet normal -0.130476 -0.991452 -0
    outer loop
      vertex 36.1155 37.914 13.2
      vertex 35.75 37.9621 1.2
      vertex 36.1155 37.914 1.2
    endloop
  endfacet
  facet normal 0.130476 -0.991452 0
    outer loop
      vertex 35.3845 37.914 1.2
      vertex 35.75 37.9621 13.2
      vertex 35.3845 37.914 13.2
    endloop
  endfacet
  facet normal 0.130476 -0.991452 0
    outer loop
      vertex 35.75 37.9621 13.2
      vertex 35.3845 37.914 1.2
      vertex 35.75 37.9621 1.2
    endloop
  endfacet
  facet normal 0.991452 -0.130476 0
    outer loop
      vertex 34.3379 36.55 13.2
      vertex 34.386 36.9155 1.2
      vertex 34.386 36.9155 13.2
    endloop
  endfacet
  facet normal 0.991452 -0.130476 0
    outer loop
      vertex 34.386 36.9155 1.2
      vertex 34.3379 36.55 13.2
      vertex 34.3379 36.55 1.2
    endloop
  endfacet
  facet normal 0.608688 -0.79341 0
    outer loop
      vertex 34.7515 37.5485 1.2
      vertex 35.044 37.7729 13.2
      vertex 34.7515 37.5485 13.2
    endloop
  endfacet
  facet normal 0.608688 -0.79341 0
    outer loop
      vertex 35.044 37.7729 13.2
      vertex 34.7515 37.5485 1.2
      vertex 35.044 37.7729 1.2
    endloop
  endfacet
  facet normal 0.923822 0.382823 0
    outer loop
      vertex 34.5271 35.844 13.2
      vertex 34.386 36.1845 1.2
      vertex 34.386 36.1845 13.2
    endloop
  endfacet
  facet normal 0.923822 0.382823 0
    outer loop
      vertex 34.386 36.1845 1.2
      vertex 34.5271 35.844 13.2
      vertex 34.5271 35.844 1.2
    endloop
  endfacet
  facet normal -0.608688 -0.79341 0
    outer loop
      vertex 36.456 37.7729 1.2
      vertex 36.7485 37.5485 13.2
      vertex 36.456 37.7729 13.2
    endloop
  endfacet
  facet normal -0.608688 -0.79341 -0
    outer loop
      vertex 36.7485 37.5485 13.2
      vertex 36.456 37.7729 1.2
      vertex 36.7485 37.5485 1.2
    endloop
  endfacet
  facet normal -0.79341 0.608688 0
    outer loop
      vertex 36.7485 35.5515 1.2
      vertex 36.9729 35.844 13.2
      vertex 36.9729 35.844 1.2
    endloop
  endfacet
  facet normal -0.79341 0.608688 0
    outer loop
      vertex 36.9729 35.844 13.2
      vertex 36.7485 35.5515 1.2
      vertex 36.7485 35.5515 13.2
    endloop
  endfacet
  facet normal 0.79341 0.608688 0
    outer loop
      vertex 34.7515 35.5515 13.2
      vertex 34.5271 35.844 1.2
      vertex 34.5271 35.844 13.2
    endloop
  endfacet
  facet normal 0.79341 0.608688 0
    outer loop
      vertex 34.5271 35.844 1.2
      vertex 34.7515 35.5515 13.2
      vertex 34.7515 35.5515 1.2
    endloop
  endfacet
  facet normal 0.608688 0.79341 -0
    outer loop
      vertex 35.044 35.3271 1.2
      vertex 34.7515 35.5515 13.2
      vertex 35.044 35.3271 13.2
    endloop
  endfacet
  facet normal 0.608688 0.79341 0
    outer loop
      vertex 34.7515 35.5515 13.2
      vertex 35.044 35.3271 1.2
      vertex 34.7515 35.5515 1.2
    endloop
  endfacet
  facet normal 0 0 1
    outer loop
      vertex 37.114 36.9155 1.2
      vertex 37.114 36.1845 1.2
      vertex 37.1621 36.55 1.2
    endloop
  endfacet
  facet normal 0 0 1
    outer loop
      vertex 36.9729 37.256 1.2
      vertex 37.114 36.1845 1.2
      vertex 37.114 36.9155 1.2
    endloop
  endfacet
  facet normal 0 0 1
    outer loop
      vertex 36.9729 37.256 1.2
      vertex 36.9729 35.844 1.2
      vertex 37.114 36.1845 1.2
    endloop
  endfacet
  facet normal 0 0 1
    outer loop
      vertex 36.7485 37.5485 1.2
      vertex 36.9729 35.844 1.2
      vertex 36.9729 37.256 1.2
    endloop
  endfacet
  facet normal 0 0 1
    outer loop
      vertex 36.7485 37.5485 1.2
      vertex 36.7485 35.5515 1.2
      vertex 36.9729 35.844 1.2
    endloop
  endfacet
  facet normal 0 0 1
    outer loop
      vertex 36.456 37.7729 1.2
      vertex 36.7485 35.5515 1.2
      vertex 36.7485 37.5485 1.2
    endloop
  endfacet
  facet normal 0 0 1
    outer loop
      vertex 36.456 37.7729 1.2
      vertex 36.456 35.3271 1.2
      vertex 36.7485 35.5515 1.2
    endloop
  endfacet
  facet normal 0 0 1
    outer loop
      vertex 36.1155 37.914 1.2
      vertex 36.456 35.3271 1.2
      vertex 36.456 37.7729 1.2
    endloop
  endfacet
  facet normal 0 0 1
    outer loop
      vertex 36.1155 37.914 1.2
      vertex 36.1155 35.186 1.2
      vertex 36.456 35.3271 1.2
    endloop
  endfacet
  facet normal 0 0 1
    outer loop
      vertex 35.75 37.9621 1.2
      vertex 36.1155 35.186 1.2
      vertex 36.1155 37.914 1.2
    endloop
  endfacet
  facet normal 0 0 1
    outer loop
      vertex 35.75 37.9621 1.2
      vertex 35.75 35.1379 1.2
      vertex 36.1155 35.186 1.2
    endloop
  endfacet
  facet normal -0 0 1
    outer loop
      vertex 35.3845 37.914 1.2
      vertex 35.75 35.1379 1.2
      vertex 35.75 37.9621 1.2
    endloop
  endfacet
  facet normal 0 0 1
    outer loop
      vertex 35.3845 37.914 1.2
      vertex 35.3845 35.186 1.2
      vertex 35.75 35.1379 1.2
    endloop
  endfacet
  facet normal -0 0 1
    outer loop
      vertex 35.044 37.7729 1.2
      vertex 35.3845 35.186 1.2
      vertex 35.3845 37.914 1.2
    endloop
  endfacet
  facet normal 0 0 1
    outer loop
      vertex 35.044 37.7729 1.2
      vertex 35.044 35.3271 1.2
      vertex 35.3845 35.186 1.2
    endloop
  endfacet
  facet normal -0 0 1
    outer loop
      vertex 34.7515 37.5485 1.2
      vertex 35.044 35.3271 1.2
      vertex 35.044 37.7729 1.2
    endloop
  endfacet
  facet normal 0 0 1
    outer loop
      vertex 34.7515 37.5485 1.2
      vertex 34.7515 35.5515 1.2
      vertex 35.044 35.3271 1.2
    endloop
  endfacet
  facet normal -0 0 1
    outer loop
      vertex 34.5271 37.256 1.2
      vertex 34.7515 35.5515 1.2
      vertex 34.7515 37.5485 1.2
    endloop
  endfacet
  facet normal 0 0 1
    outer loop
      vertex 34.5271 37.256 1.2
      vertex 34.5271 35.844 1.2
      vertex 34.7515 35.5515 1.2
    endloop
  endfacet
  facet normal -0 0 1
    outer loop
      vertex 34.386 36.9155 1.2
      vertex 34.5271 35.844 1.2
      vertex 34.5271 37.256 1.2
    endloop
  endfacet
  facet normal 0 0 1
    outer loop
      vertex 34.386 36.9155 1.2
      vertex 34.386 36.1845 1.2
      vertex 34.5271 35.844 1.2
    endloop
  endfacet
  facet normal 0 -0 1
    outer loop
      vertex 34.386 36.1845 1.2
      vertex 34.386 36.9155 1.2
      vertex 34.3379 36.55 1.2
    endloop
  endfacet
  facet normal -0.382547 0.923936 0
    outer loop
      vertex -86.375 -41.9486 0
      vertex -86.9177 -42.1733 3.2
      vertex -86.375 -41.9486 3.2
    endloop
  endfacet
  facet normal -0.382547 0.923936 0
    outer loop
      vertex -86.9177 -42.1733 3.2
      vertex -86.375 -41.9486 0
      vertex -86.9177 -42.1733 0
    endloop
  endfacet
  facet normal -0.923999 -0.382396 0
    outer loop
      vertex -85.5514 -38.875 0
      vertex -85.5 -38.9992 3.2
      vertex -85.5514 -38.875 3.2
    endloop
  endfacet
  facet normal -0.923936 -0.382547 -6.89504e-06
    outer loop
      vertex -85.3267 -39.4177 0
      vertex -85.5 -38.9992 3.2
      vertex -85.5514 -38.875 0
    endloop
  endfacet
  facet normal -0.923917 -0.382592 -0
    outer loop
      vertex -85.3267 -39.4177 4.2
      vertex -85.5 -38.9992 3.2
      vertex -85.3267 -39.4177 0
    endloop
  endfacet
  facet normal -0.923917 -0.382592 0
    outer loop
      vertex -85.5 -38.9992 3.2
      vertex -85.3267 -39.4177 4.2
      vertex -85.5 -38.9992 4.2
    endloop
  endfacet
  facet normal -0.991436 -0.130591 0
    outer loop
      vertex -85.25 -40 0
      vertex -85.3267 -39.4177 4.2
      vertex -85.3267 -39.4177 0
    endloop
  endfacet
  facet normal -0.991436 -0.130591 0
    outer loop
      vertex -85.3267 -39.4177 4.2
      vertex -85.25 -40 0
      vertex -85.25 -40 4.2
    endloop
  endfacet
  facet normal -0.793332 -0.608789 0
    outer loop
      vertex -85.5514 -38.875 0
      vertex -85.909 -38.409 3.2
      vertex -85.909 -38.409 0
    endloop
  endfacet
  facet normal -0.793332 -0.608789 0
    outer loop
      vertex -85.909 -38.409 3.2
      vertex -85.5514 -38.875 0
      vertex -85.5514 -38.875 3.2
    endloop
  endfacet
  facet normal 0.382547 0.923936 -0
    outer loop
      vertex -88.0823 -42.1733 0
      vertex -88.625 -41.9486 3.2
      vertex -88.0823 -42.1733 3.2
    endloop
  endfacet
  facet normal 0.382547 0.923936 0
    outer loop
      vertex -88.625 -41.9486 3.2
      vertex -88.0823 -42.1733 0
      vertex -88.625 -41.9486 0
    endloop
  endfacet
  facet normal 0.382547 -0.923936 0
    outer loop
      vertex -88.625 -38.0514 0
      vertex -88.0823 -37.8267 3.2
      vertex -88.625 -38.0514 3.2
    endloop
  endfacet
  facet normal 0.382547 -0.923936 0
    outer loop
      vertex -88.0823 -37.8267 3.2
      vertex -88.625 -38.0514 0
      vertex -88.0823 -37.8267 0
    endloop
  endfacet
  facet normal 0.923936 -0.382547 0
    outer loop
      vertex -89.6733 -39.4177 3.2
      vertex -89.4486 -38.875 0
      vertex -89.4486 -38.875 3.2
    endloop
  endfacet
  facet normal 0.923936 -0.382547 0
    outer loop
      vertex -89.4486 -38.875 0
      vertex -89.6733 -39.4177 3.2
      vertex -89.6733 -39.4177 0
    endloop
  endfacet
  facet normal -0.608789 0.793332 0
    outer loop
      vertex -85.909 -41.591 0
      vertex -86.375 -41.9486 3.2
      vertex -85.909 -41.591 3.2
    endloop
  endfacet
  facet normal -0.608789 0.793332 0
    outer loop
      vertex -86.375 -41.9486 3.2
      vertex -85.909 -41.591 0
      vertex -86.375 -41.9486 0
    endloop
  endfacet
  facet normal 0.991436 -0.130591 0
    outer loop
      vertex -89.75 -40 3.2
      vertex -89.6733 -39.4177 0
      vertex -89.6733 -39.4177 3.2
    endloop
  endfacet
  facet normal 0.991436 -0.130591 0
    outer loop
      vertex -89.6733 -39.4177 0
      vertex -89.75 -40 3.2
      vertex -89.75 -40 0
    endloop
  endfacet
  facet normal -0.608789 -0.793332 0
    outer loop
      vertex -86.375 -38.0514 0
      vertex -85.909 -38.409 3.2
      vertex -86.375 -38.0514 3.2
    endloop
  endfacet
  facet normal -0.608789 -0.793332 -0
    outer loop
      vertex -85.909 -38.409 3.2
      vertex -86.375 -38.0514 0
      vertex -85.909 -38.409 0
    endloop
  endfacet
  facet normal -0.923917 0.382592 0
    outer loop
      vertex -85.3267 -40.5823 0
      vertex -85.5 -41.0008 3.2
      vertex -85.3267 -40.5823 4.2
    endloop
  endfacet
  facet normal -0.923936 0.382547 -6.89504e-06
    outer loop
      vertex -85.5514 -41.125 0
      vertex -85.5 -41.0008 3.2
      vertex -85.3267 -40.5823 0
    endloop
  endfacet
  facet normal -0.923999 0.382396 0
    outer loop
      vertex -85.5 -41.0008 3.2
      vertex -85.5514 -41.125 0
      vertex -85.5514 -41.125 3.2
    endloop
  endfacet
  facet normal -0.923917 0.382592 0
    outer loop
      vertex -85.3267 -40.5823 4.2
      vertex -85.5 -41.0008 3.2
      vertex -85.5 -41.0008 4.2
    endloop
  endfacet
  facet normal 0.793332 -0.608789 0
    outer loop
      vertex -89.4486 -38.875 3.2
      vertex -89.091 -38.409 0
      vertex -89.091 -38.409 3.2
    endloop
  endfacet
  facet normal 0.793332 -0.608789 0
    outer loop
      vertex -89.091 -38.409 0
      vertex -89.4486 -38.875 3.2
      vertex -89.4486 -38.875 0
    endloop
  endfacet
  facet normal -0.130591 0.991436 0
    outer loop
      vertex -86.9177 -42.1733 0
      vertex -87.5 -42.25 3.2
      vertex -86.9177 -42.1733 3.2
    endloop
  endfacet
  facet normal -0.130591 0.991436 0
    outer loop
      vertex -87.5 -42.25 3.2
      vertex -86.9177 -42.1733 0
      vertex -87.5 -42.25 0
    endloop
  endfacet
  facet normal -0.130591 -0.991436 0
    outer loop
      vertex -87.5 -37.75 0
      vertex -86.9177 -37.8267 3.2
      vertex -87.5 -37.75 3.2
    endloop
  endfacet
  facet normal -0.130591 -0.991436 -0
    outer loop
      vertex -86.9177 -37.8267 3.2
      vertex -87.5 -37.75 0
      vertex -86.9177 -37.8267 0
    endloop
  endfacet
  facet normal 0.608789 -0.793332 0
    outer loop
      vertex -89.091 -38.409 0
      vertex -88.625 -38.0514 3.2
      vertex -89.091 -38.409 3.2
    endloop
  endfacet
  facet normal 0.608789 -0.793332 0
    outer loop
      vertex -88.625 -38.0514 3.2
      vertex -89.091 -38.409 0
      vertex -88.625 -38.0514 0
    endloop
  endfacet
  facet normal -0.991436 0.130591 0
    outer loop
      vertex -85.3267 -40.5823 0
      vertex -85.25 -40 4.2
      vertex -85.25 -40 0
    endloop
  endfacet
  facet normal -0.991436 0.130591 0
    outer loop
      vertex -85.25 -40 4.2
      vertex -85.3267 -40.5823 0
      vertex -85.3267 -40.5823 4.2
    endloop
  endfacet
  facet normal -0.382547 -0.923936 0
    outer loop
      vertex -86.9177 -37.8267 0
      vertex -86.375 -38.0514 3.2
      vertex -86.9177 -37.8267 3.2
    endloop
  endfacet
  facet normal -0.382547 -0.923936 -0
    outer loop
      vertex -86.375 -38.0514 3.2
      vertex -86.9177 -37.8267 0
      vertex -86.375 -38.0514 0
    endloop
  endfacet
  facet normal -0.793332 0.608789 0
    outer loop
      vertex -85.909 -41.591 0
      vertex -85.5514 -41.125 3.2
      vertex -85.5514 -41.125 0
    endloop
  endfacet
  facet normal -0.793332 0.608789 0
    outer loop
      vertex -85.5514 -41.125 3.2
      vertex -85.909 -41.591 0
      vertex -85.909 -41.591 3.2
    endloop
  endfacet
  facet normal 0.793332 0.608789 0
    outer loop
      vertex -89.091 -41.591 3.2
      vertex -89.4486 -41.125 0
      vertex -89.4486 -41.125 3.2
    endloop
  endfacet
  facet normal 0.793332 0.608789 0
    outer loop
      vertex -89.4486 -41.125 0
      vertex -89.091 -41.591 3.2
      vertex -89.091 -41.591 0
    endloop
  endfacet
  facet normal 0.991436 0.130591 0
    outer loop
      vertex -89.6733 -40.5823 3.2
      vertex -89.75 -40 0
      vertex -89.75 -40 3.2
    endloop
  endfacet
  facet normal 0.991436 0.130591 0
    outer loop
      vertex -89.75 -40 0
      vertex -89.6733 -40.5823 3.2
      vertex -89.6733 -40.5823 0
    endloop
  endfacet
  facet normal 0 0 -1
    outer loop
      vertex -85.5 -41.0008 4.2
      vertex -85.25 -40 4.2
      vertex -85.3267 -40.5823 4.2
    endloop
  endfacet
  facet normal 0 0 -1
    outer loop
      vertex -85.5 -38.9992 4.2
      vertex -85.25 -40 4.2
      vertex -85.5 -41.0008 4.2
    endloop
  endfacet
  facet normal 0 0 -1
    outer loop
      vertex -85.25 -40 4.2
      vertex -85.5 -38.9992 4.2
      vertex -85.3267 -39.4177 4.2
    endloop
  endfacet
  facet normal 0.130591 -0.991436 0
    outer loop
      vertex -88.0823 -37.8267 0
      vertex -87.5 -37.75 3.2
      vertex -88.0823 -37.8267 3.2
    endloop
  endfacet
  facet normal 0.130591 -0.991436 0
    outer loop
      vertex -87.5 -37.75 3.2
      vertex -88.0823 -37.8267 0
      vertex -87.5 -37.75 0
    endloop
  endfacet
  facet normal 0.130591 0.991436 -0
    outer loop
      vertex -87.5 -42.25 0
      vertex -88.0823 -42.1733 3.2
      vertex -87.5 -42.25 3.2
    endloop
  endfacet
  facet normal 0.130591 0.991436 0
    outer loop
      vertex -88.0823 -42.1733 3.2
      vertex -87.5 -42.25 0
      vertex -88.0823 -42.1733 0
    endloop
  endfacet
  facet normal 0.608789 0.793332 -0
    outer loop
      vertex -88.625 -41.9486 0
      vertex -89.091 -41.591 3.2
      vertex -88.625 -41.9486 3.2
    endloop
  endfacet
  facet normal 0.608789 0.793332 0
    outer loop
      vertex -89.091 -41.591 3.2
      vertex -88.625 -41.9486 0
      vertex -89.091 -41.591 0
    endloop
  endfacet
  facet normal 0.923936 0.382547 0
    outer loop
      vertex -89.4486 -41.125 3.2
      vertex -89.6733 -40.5823 0
      vertex -89.6733 -40.5823 3.2
    endloop
  endfacet
  facet normal 0.923936 0.382547 0
    outer loop
      vertex -89.6733 -40.5823 0
      vertex -89.4486 -41.125 3.2
      vertex -89.4486 -41.125 0
    endloop
  endfacet
  facet normal -0.923999 -0.382396 0
    outer loop
      vertex -85.5514 41.925 0
      vertex -85.5 41.8008 3.2
      vertex -85.5514 41.925 3.2
    endloop
  endfacet
  facet normal -0.923936 -0.382547 -6.89504e-06
    outer loop
      vertex -85.3267 41.3823 0
      vertex -85.5 41.8008 3.2
      vertex -85.5514 41.925 0
    endloop
  endfacet
  facet normal -0.923917 -0.382592 -0
    outer loop
      vertex -85.3267 41.3823 4.2
      vertex -85.5 41.8008 3.2
      vertex -85.3267 41.3823 0
    endloop
  endfacet
  facet normal -0.923917 -0.382592 0
    outer loop
      vertex -85.5 41.8008 3.2
      vertex -85.3267 41.3823 4.2
      vertex -85.5 41.8008 4.2
    endloop
  endfacet
  facet normal -0.991436 -0.130591 0
    outer loop
      vertex -85.25 40.8 0
      vertex -85.3267 41.3823 4.2
      vertex -85.3267 41.3823 0
    endloop
  endfacet
  facet normal -0.991436 -0.130591 0
    outer loop
      vertex -85.3267 41.3823 4.2
      vertex -85.25 40.8 0
      vertex -85.25 40.8 4.2
    endloop
  endfacet
  facet normal -0.793332 -0.608789 0
    outer loop
      vertex -85.5514 41.925 0
      vertex -85.909 42.391 3.2
      vertex -85.909 42.391 0
    endloop
  endfacet
  facet normal -0.793332 -0.608789 0
    outer loop
      vertex -85.909 42.391 3.2
      vertex -85.5514 41.925 0
      vertex -85.5514 41.925 3.2
    endloop
  endfacet
  facet normal -0.793332 0.608789 0
    outer loop
      vertex -85.909 39.209 0
      vertex -85.5514 39.675 3.2
      vertex -85.5514 39.675 0
    endloop
  endfacet
  facet normal -0.793332 0.608789 0
    outer loop
      vertex -85.5514 39.675 3.2
      vertex -85.909 39.209 0
      vertex -85.909 39.209 3.2
    endloop
  endfacet
  facet normal -0.608789 -0.793332 0
    outer loop
      vertex -86.375 42.7486 0
      vertex -85.909 42.391 3.2
      vertex -86.375 42.7486 3.2
    endloop
  endfacet
  facet normal -0.608789 -0.793332 -0
    outer loop
      vertex -85.909 42.391 3.2
      vertex -86.375 42.7486 0
      vertex -85.909 42.391 0
    endloop
  endfacet
  facet normal 0.382547 -0.923936 0
    outer loop
      vertex -88.625 42.7486 0
      vertex -88.0823 42.9733 3.2
      vertex -88.625 42.7486 3.2
    endloop
  endfacet
  facet normal 0.382547 -0.923936 0
    outer loop
      vertex -88.0823 42.9733 3.2
      vertex -88.625 42.7486 0
      vertex -88.0823 42.9733 0
    endloop
  endfacet
  facet normal 0.793332 -0.608789 0
    outer loop
      vertex -89.4486 41.925 3.2
      vertex -89.091 42.391 0
      vertex -89.091 42.391 3.2
    endloop
  endfacet
  facet normal 0.793332 -0.608789 0
    outer loop
      vertex -89.091 42.391 0
      vertex -89.4486 41.925 3.2
      vertex -89.4486 41.925 0
    endloop
  endfacet
  facet normal 0.608789 -0.793332 0
    outer loop
      vertex -89.091 42.391 0
      vertex -88.625 42.7486 3.2
      vertex -89.091 42.391 3.2
    endloop
  endfacet
  facet normal 0.608789 -0.793332 0
    outer loop
      vertex -88.625 42.7486 3.2
      vertex -89.091 42.391 0
      vertex -88.625 42.7486 0
    endloop
  endfacet
  facet normal 0.130591 -0.991436 0
    outer loop
      vertex -88.0823 42.9733 0
      vertex -87.5 43.05 3.2
      vertex -88.0823 42.9733 3.2
    endloop
  endfacet
  facet normal 0.130591 -0.991436 0
    outer loop
      vertex -87.5 43.05 3.2
      vertex -88.0823 42.9733 0
      vertex -87.5 43.05 0
    endloop
  endfacet
  facet normal -0.382547 -0.923936 0
    outer loop
      vertex -86.9177 42.9733 0
      vertex -86.375 42.7486 3.2
      vertex -86.9177 42.9733 3.2
    endloop
  endfacet
  facet normal -0.382547 -0.923936 -0
    outer loop
      vertex -86.375 42.7486 3.2
      vertex -86.9177 42.9733 0
      vertex -86.375 42.7486 0
    endloop
  endfacet
  facet normal -0.382547 0.923936 0
    outer loop
      vertex -86.375 38.8514 0
      vertex -86.9177 38.6267 3.2
      vertex -86.375 38.8514 3.2
    endloop
  endfacet
  facet normal -0.382547 0.923936 0
    outer loop
      vertex -86.9177 38.6267 3.2
      vertex -86.375 38.8514 0
      vertex -86.9177 38.6267 0
    endloop
  endfacet
  facet normal 0.382547 0.923936 -0
    outer loop
      vertex -88.0823 38.6267 0
      vertex -88.625 38.8514 3.2
      vertex -88.0823 38.6267 3.2
    endloop
  endfacet
  facet normal 0.382547 0.923936 0
    outer loop
      vertex -88.625 38.8514 3.2
      vertex -88.0823 38.6267 0
      vertex -88.625 38.8514 0
    endloop
  endfacet
  facet normal 0 0 -1
    outer loop
      vertex -85.5 39.7992 4.2
      vertex -85.25 40.8 4.2
      vertex -85.3267 40.2177 4.2
    endloop
  endfacet
  facet normal 0 0 -1
    outer loop
      vertex -85.5 41.8008 4.2
      vertex -85.25 40.8 4.2
      vertex -85.5 39.7992 4.2
    endloop
  endfacet
  facet normal 0 0 -1
    outer loop
      vertex -85.25 40.8 4.2
      vertex -85.5 41.8008 4.2
      vertex -85.3267 41.3823 4.2
    endloop
  endfacet
  facet normal -0.130591 -0.991436 0
    outer loop
      vertex -87.5 43.05 0
      vertex -86.9177 42.9733 3.2
      vertex -87.5 43.05 3.2
    endloop
  endfacet
  facet normal -0.130591 -0.991436 -0
    outer loop
      vertex -86.9177 42.9733 3.2
      vertex -87.5 43.05 0
      vertex -86.9177 42.9733 0
    endloop
  endfacet
  facet normal -0.991436 0.130591 0
    outer loop
      vertex -85.3267 40.2177 0
      vertex -85.25 40.8 4.2
      vertex -85.25 40.8 0
    endloop
  endfacet
  facet normal -0.991436 0.130591 0
    outer loop
      vertex -85.25 40.8 4.2
      vertex -85.3267 40.2177 0
      vertex -85.3267 40.2177 4.2
    endloop
  endfacet
  facet normal 0.991436 -0.130591 0
    outer loop
      vertex -89.75 40.8 3.2
      vertex -89.6733 41.3823 0
      vertex -89.6733 41.3823 3.2
    endloop
  endfacet
  facet normal 0.991436 -0.130591 0
    outer loop
      vertex -89.6733 41.3823 0
      vertex -89.75 40.8 3.2
      vertex -89.75 40.8 0
    endloop
  endfacet
  facet normal 0.130591 0.991436 -0
    outer loop
      vertex -87.5 38.55 0
      vertex -88.0823 38.6267 3.2
      vertex -87.5 38.55 3.2
    endloop
  endfacet
  facet normal 0.130591 0.991436 0
    outer loop
      vertex -88.0823 38.6267 3.2
      vertex -87.5 38.55 0
      vertex -88.0823 38.6267 0
    endloop
  endfacet
  facet normal 0.923936 0.382547 0
    outer loop
      vertex -89.4486 39.675 3.2
      vertex -89.6733 40.2177 0
      vertex -89.6733 40.2177 3.2
    endloop
  endfacet
  facet normal 0.923936 0.382547 0
    outer loop
      vertex -89.6733 40.2177 0
      vertex -89.4486 39.675 3.2
      vertex -89.4486 39.675 0
    endloop
  endfacet
  facet normal 0.608789 0.793332 -0
    outer loop
      vertex -88.625 38.8514 0
      vertex -89.091 39.209 3.2
      vertex -88.625 38.8514 3.2
    endloop
  endfacet
  facet normal 0.608789 0.793332 0
    outer loop
      vertex -89.091 39.209 3.2
      vertex -88.625 38.8514 0
      vertex -89.091 39.209 0
    endloop
  endfacet
  facet normal -0.608789 0.793332 0
    outer loop
      vertex -85.909 39.209 0
      vertex -86.375 38.8514 3.2
      vertex -85.909 39.209 3.2
    endloop
  endfacet
  facet normal -0.608789 0.793332 0
    outer loop
      vertex -86.375 38.8514 3.2
      vertex -85.909 39.209 0
      vertex -86.375 38.8514 0
    endloop
  endfacet
  facet normal -0.923917 0.382592 0
    outer loop
      vertex -85.3267 40.2177 0
      vertex -85.5 39.7992 3.2
      vertex -85.3267 40.2177 4.2
    endloop
  endfacet
  facet normal -0.923936 0.382547 -6.89504e-06
    outer loop
      vertex -85.5514 39.675 0
      vertex -85.5 39.7992 3.2
      vertex -85.3267 40.2177 0
    endloop
  endfacet
  facet normal -0.923999 0.382396 0
    outer loop
      vertex -85.5 39.7992 3.2
      vertex -85.5514 39.675 0
      vertex -85.5514 39.675 3.2
    endloop
  endfacet
  facet normal -0.923917 0.382592 0
    outer loop
      vertex -85.3267 40.2177 4.2
      vertex -85.5 39.7992 3.2
      vertex -85.5 39.7992 4.2
    endloop
  endfacet
  facet normal 0.991436 0.130591 0
    outer loop
      vertex -89.6733 40.2177 3.2
      vertex -89.75 40.8 0
      vertex -89.75 40.8 3.2
    endloop
  endfacet
  facet normal 0.991436 0.130591 0
    outer loop
      vertex -89.75 40.8 0
      vertex -89.6733 40.2177 3.2
      vertex -89.6733 40.2177 0
    endloop
  endfacet
  facet normal -0.130591 0.991436 0
    outer loop
      vertex -86.9177 38.6267 0
      vertex -87.5 38.55 3.2
      vertex -86.9177 38.6267 3.2
    endloop
  endfacet
  facet normal -0.130591 0.991436 0
    outer loop
      vertex -87.5 38.55 3.2
      vertex -86.9177 38.6267 0
      vertex -87.5 38.55 0
    endloop
  endfacet
  facet normal 0.923936 -0.382547 0
    outer loop
      vertex -89.6733 41.3823 3.2
      vertex -89.4486 41.925 0
      vertex -89.4486 41.925 3.2
    endloop
  endfacet
  facet normal 0.923936 -0.382547 0
    outer loop
      vertex -89.4486 41.925 0
      vertex -89.6733 41.3823 3.2
      vertex -89.6733 41.3823 0
    endloop
  endfacet
  facet normal 0.793332 0.608789 0
    outer loop
      vertex -89.091 39.209 3.2
      vertex -89.4486 39.675 0
      vertex -89.4486 39.675 3.2
    endloop
  endfacet
  facet normal 0.793332 0.608789 0
    outer loop
      vertex -89.4486 39.675 0
      vertex -89.091 39.209 3.2
      vertex -89.091 39.209 0
    endloop
  endfacet
  facet normal -0.923936 -0.382547 0
    outer loop
      vertex 89.6733 -39.4177 0
      vertex 89.4486 -38.875 3.2
      vertex 89.4486 -38.875 0
    endloop
  endfacet
  facet normal -0.923936 -0.382547 0
    outer loop
      vertex 89.4486 -38.875 3.2
      vertex 89.6733 -39.4177 0
      vertex 89.6733 -39.4177 3.2
    endloop
  endfacet
  facet normal -0.991436 -0.130591 0
    outer loop
      vertex 89.75 -40 0
      vertex 89.6733 -39.4177 3.2
      vertex 89.6733 -39.4177 0
    endloop
  endfacet
  facet normal -0.991436 -0.130591 0
    outer loop
      vertex 89.6733 -39.4177 3.2
      vertex 89.75 -40 0
      vertex 89.75 -40 3.2
    endloop
  endfacet
  facet normal -0.793332 -0.608789 0
    outer loop
      vertex 89.4486 -38.875 0
      vertex 89.091 -38.409 3.2
      vertex 89.091 -38.409 0
    endloop
  endfacet
  facet normal -0.793332 -0.608789 0
    outer loop
      vertex 89.091 -38.409 3.2
      vertex 89.4486 -38.875 0
      vertex 89.4486 -38.875 3.2
    endloop
  endfacet
  facet normal 0.923917 0.382592 -0
    outer loop
      vertex 85.5 -41.0008 3.2
      vertex 85.3267 -40.5823 4.2
      vertex 85.5 -41.0008 4.2
    endloop
  endfacet
  facet normal 0.923917 0.382592 0
    outer loop
      vertex 85.3267 -40.5823 4.2
      vertex 85.5 -41.0008 3.2
      vertex 85.3267 -40.5823 0
    endloop
  endfacet
  facet normal 0.923999 0.382396 -0
    outer loop
      vertex 85.5514 -41.125 0
      vertex 85.5 -41.0008 3.2
      vertex 85.5514 -41.125 3.2
    endloop
  endfacet
  facet normal 0.923936 0.382547 -6.89504e-06
    outer loop
      vertex 85.5 -41.0008 3.2
      vertex 85.5514 -41.125 0
      vertex 85.3267 -40.5823 0
    endloop
  endfacet
  facet normal 0.991436 0.130591 0
    outer loop
      vertex 85.3267 -40.5823 4.2
      vertex 85.25 -40 0
      vertex 85.25 -40 4.2
    endloop
  endfacet
  facet normal 0.991436 0.130591 0
    outer loop
      vertex 85.25 -40 0
      vertex 85.3267 -40.5823 4.2
      vertex 85.3267 -40.5823 0
    endloop
  endfacet
  facet normal -0.382547 0.923936 0
    outer loop
      vertex 88.625 -41.9486 0
      vertex 88.0823 -42.1733 3.2
      vertex 88.625 -41.9486 3.2
    endloop
  endfacet
  facet normal -0.382547 0.923936 0
    outer loop
      vertex 88.0823 -42.1733 3.2
      vertex 88.625 -41.9486 0
      vertex 88.0823 -42.1733 0
    endloop
  endfacet
  facet normal 0.382547 -0.923936 0
    outer loop
      vertex 86.375 -38.0514 0
      vertex 86.9177 -37.8267 3.2
      vertex 86.375 -38.0514 3.2
    endloop
  endfacet
  facet normal 0.382547 -0.923936 0
    outer loop
      vertex 86.9177 -37.8267 3.2
      vertex 86.375 -38.0514 0
      vertex 86.9177 -37.8267 0
    endloop
  endfacet
  facet normal -0.608789 -0.793332 0
    outer loop
      vertex 88.625 -38.0514 0
      vertex 89.091 -38.409 3.2
      vertex 88.625 -38.0514 3.2
    endloop
  endfacet
  facet normal -0.608789 -0.793332 -0
    outer loop
      vertex 89.091 -38.409 3.2
      vertex 88.625 -38.0514 0
      vertex 89.091 -38.409 0
    endloop
  endfacet
  facet normal 0.793332 -0.608789 0
    outer loop
      vertex 85.5514 -38.875 3.2
      vertex 85.909 -38.409 0
      vertex 85.909 -38.409 3.2
    endloop
  endfacet
  facet normal 0.793332 -0.608789 0
    outer loop
      vertex 85.909 -38.409 0
      vertex 85.5514 -38.875 3.2
      vertex 85.5514 -38.875 0
    endloop
  endfacet
  facet normal 0 0 -1
    outer loop
      vertex 85.25 -40 4.2
      vertex 85.5 -41.0008 4.2
      vertex 85.3267 -40.5823 4.2
    endloop
  endfacet
  facet normal 0 0 -1
    outer loop
      vertex 85.5 -41.0008 4.2
      vertex 85.25 -40 4.2
      vertex 85.5 -38.9992 4.2
    endloop
  endfacet
  facet normal 0 0 -1
    outer loop
      vertex 85.5 -38.9992 4.2
      vertex 85.25 -40 4.2
      vertex 85.3267 -39.4177 4.2
    endloop
  endfacet
  facet normal -0.382547 -0.923936 0
    outer loop
      vertex 88.0823 -37.8267 0
      vertex 88.625 -38.0514 3.2
      vertex 88.0823 -37.8267 3.2
    endloop
  endfacet
  facet normal -0.382547 -0.923936 -0
    outer loop
      vertex 88.625 -38.0514 3.2
      vertex 88.0823 -37.8267 0
      vertex 88.625 -38.0514 0
    endloop
  endfacet
  facet normal 0.608789 0.793332 -0
    outer loop
      vertex 86.375 -41.9486 0
      vertex 85.909 -41.591 3.2
      vertex 86.375 -41.9486 3.2
    endloop
  endfacet
  facet normal 0.608789 0.793332 0
    outer loop
      vertex 85.909 -41.591 3.2
      vertex 86.375 -41.9486 0
      vertex 85.909 -41.591 0
    endloop
  endfacet
  facet normal -0.130591 -0.991436 0
    outer loop
      vertex 87.5 -37.75 0
      vertex 88.0823 -37.8267 3.2
      vertex 87.5 -37.75 3.2
    endloop
  endfacet
  facet normal -0.130591 -0.991436 -0
    outer loop
      vertex 88.0823 -37.8267 3.2
      vertex 87.5 -37.75 0
      vertex 88.0823 -37.8267 0
    endloop
  endfacet
  facet normal -0.991436 0.130591 0
    outer loop
      vertex 89.6733 -40.5823 0
      vertex 89.75 -40 3.2
      vertex 89.75 -40 0
    endloop
  endfacet
  facet normal -0.991436 0.130591 0
    outer loop
      vertex 89.75 -40 3.2
      vertex 89.6733 -40.5823 0
      vertex 89.6733 -40.5823 3.2
    endloop
  endfacet
  facet normal 0.793332 0.608789 0
    outer loop
      vertex 85.909 -41.591 3.2
      vertex 85.5514 -41.125 0
      vertex 85.5514 -41.125 3.2
    endloop
  endfacet
  facet normal 0.793332 0.608789 0
    outer loop
      vertex 85.5514 -41.125 0
      vertex 85.909 -41.591 3.2
      vertex 85.909 -41.591 0
    endloop
  endfacet
  facet normal -0.608789 0.793332 0
    outer loop
      vertex 89.091 -41.591 0
      vertex 88.625 -41.9486 3.2
      vertex 89.091 -41.591 3.2
    endloop
  endfacet
  facet normal -0.608789 0.793332 0
    outer loop
      vertex 88.625 -41.9486 3.2
      vertex 89.091 -41.591 0
      vertex 88.625 -41.9486 0
    endloop
  endfacet
  facet normal -0.130591 0.991436 0
    outer loop
      vertex 88.0823 -42.1733 0
      vertex 87.5 -42.25 3.2
      vertex 88.0823 -42.1733 3.2
    endloop
  endfacet
  facet normal -0.130591 0.991436 0
    outer loop
      vertex 87.5 -42.25 3.2
      vertex 88.0823 -42.1733 0
      vertex 87.5 -42.25 0
    endloop
  endfacet
  facet normal 0.130591 -0.991436 0
    outer loop
      vertex 86.9177 -37.8267 0
      vertex 87.5 -37.75 3.2
      vertex 86.9177 -37.8267 3.2
    endloop
  endfacet
  facet normal 0.130591 -0.991436 0
    outer loop
      vertex 87.5 -37.75 3.2
      vertex 86.9177 -37.8267 0
      vertex 87.5 -37.75 0
    endloop
  endfacet
  facet normal -0.923936 0.382547 0
    outer loop
      vertex 89.4486 -41.125 0
      vertex 89.6733 -40.5823 3.2
      vertex 89.6733 -40.5823 0
    endloop
  endfacet
  facet normal -0.923936 0.382547 0
    outer loop
      vertex 89.6733 -40.5823 3.2
      vertex 89.4486 -41.125 0
      vertex 89.4486 -41.125 3.2
    endloop
  endfacet
  facet normal -0.793332 0.608789 0
    outer loop
      vertex 89.091 -41.591 0
      vertex 89.4486 -41.125 3.2
      vertex 89.4486 -41.125 0
    endloop
  endfacet
  facet normal -0.793332 0.608789 0
    outer loop
      vertex 89.4486 -41.125 3.2
      vertex 89.091 -41.591 0
      vertex 89.091 -41.591 3.2
    endloop
  endfacet
  facet normal 0.608789 -0.793332 0
    outer loop
      vertex 85.909 -38.409 0
      vertex 86.375 -38.0514 3.2
      vertex 85.909 -38.409 3.2
    endloop
  endfacet
  facet normal 0.608789 -0.793332 0
    outer loop
      vertex 86.375 -38.0514 3.2
      vertex 85.909 -38.409 0
      vertex 86.375 -38.0514 0
    endloop
  endfacet
  facet normal 0.991436 -0.130591 0
    outer loop
      vertex 85.25 -40 4.2
      vertex 85.3267 -39.4177 0
      vertex 85.3267 -39.4177 4.2
    endloop
  endfacet
  facet normal 0.991436 -0.130591 0
    outer loop
      vertex 85.3267 -39.4177 0
      vertex 85.25 -40 4.2
      vertex 85.25 -40 0
    endloop
  endfacet
  facet normal 0.382547 0.923936 -0
    outer loop
      vertex 86.9177 -42.1733 0
      vertex 86.375 -41.9486 3.2
      vertex 86.9177 -42.1733 3.2
    endloop
  endfacet
  facet normal 0.382547 0.923936 0
    outer loop
      vertex 86.375 -41.9486 3.2
      vertex 86.9177 -42.1733 0
      vertex 86.375 -41.9486 0
    endloop
  endfacet
  facet normal 0.130591 0.991436 -0
    outer loop
      vertex 87.5 -42.25 0
      vertex 86.9177 -42.1733 3.2
      vertex 87.5 -42.25 3.2
    endloop
  endfacet
  facet normal 0.130591 0.991436 0
    outer loop
      vertex 86.9177 -42.1733 3.2
      vertex 87.5 -42.25 0
      vertex 86.9177 -42.1733 0
    endloop
  endfacet
  facet normal 0.923917 -0.382592 0
    outer loop
      vertex 85.5 -38.9992 4.2
      vertex 85.3267 -39.4177 4.2
      vertex 85.5 -38.9992 3.2
    endloop
  endfacet
  facet normal 0.923999 -0.382396 0
    outer loop
      vertex 85.5 -38.9992 3.2
      vertex 85.5514 -38.875 0
      vertex 85.5514 -38.875 3.2
    endloop
  endfacet
  facet normal 0.923917 -0.382592 0
    outer loop
      vertex 85.3267 -39.4177 0
      vertex 85.5 -38.9992 3.2
      vertex 85.3267 -39.4177 4.2
    endloop
  endfacet
  facet normal 0.923936 -0.382547 -6.89504e-06
    outer loop
      vertex 85.5 -38.9992 3.2
      vertex 85.3267 -39.4177 0
      vertex 85.5514 -38.875 0
    endloop
  endfacet
  facet normal 0.991436 -0.130591 0
    outer loop
      vertex 85.25 40.8 4.2
      vertex 85.3267 41.3823 0
      vertex 85.3267 41.3823 4.2
    endloop
  endfacet
  facet normal 0.991436 -0.130591 0
    outer loop
      vertex 85.3267 41.3823 0
      vertex 85.25 40.8 4.2
      vertex 85.25 40.8 0
    endloop
  endfacet
  facet normal -0.923936 -0.382547 0
    outer loop
      vertex 89.6733 41.3823 0
      vertex 89.4486 41.925 3.2
      vertex 89.4486 41.925 0
    endloop
  endfacet
  facet normal -0.923936 -0.382547 0
    outer loop
      vertex 89.4486 41.925 3.2
      vertex 89.6733 41.3823 0
      vertex 89.6733 41.3823 3.2
    endloop
  endfacet
  facet normal -0.991436 -0.130591 0
    outer loop
      vertex 89.75 40.8 0
      vertex 89.6733 41.3823 3.2
      vertex 89.6733 41.3823 0
    endloop
  endfacet
  facet normal -0.991436 -0.130591 0
    outer loop
      vertex 89.6733 41.3823 3.2
      vertex 89.75 40.8 0
      vertex 89.75 40.8 3.2
    endloop
  endfacet
  facet normal -0.793332 -0.608789 0
    outer loop
      vertex 89.4486 41.925 0
      vertex 89.091 42.391 3.2
      vertex 89.091 42.391 0
    endloop
  endfacet
  facet normal -0.793332 -0.608789 0
    outer loop
      vertex 89.091 42.391 3.2
      vertex 89.4486 41.925 0
      vertex 89.4486 41.925 3.2
    endloop
  endfacet
  facet normal -0.130591 0.991436 0
    outer loop
      vertex 88.0823 38.6267 0
      vertex 87.5 38.55 3.2
      vertex 88.0823 38.6267 3.2
    endloop
  endfacet
  facet normal -0.130591 0.991436 0
    outer loop
      vertex 87.5 38.55 3.2
      vertex 88.0823 38.6267 0
      vertex 87.5 38.55 0
    endloop
  endfacet
  facet normal 0.991436 0.130591 0
    outer loop
      vertex 85.3267 40.2177 4.2
      vertex 85.25 40.8 0
      vertex 85.25 40.8 4.2
    endloop
  endfacet
  facet normal 0.991436 0.130591 0
    outer loop
      vertex 85.25 40.8 0
      vertex 85.3267 40.2177 4.2
      vertex 85.3267 40.2177 0
    endloop
  endfacet
  facet normal -0.382547 0.923936 0
    outer loop
      vertex 88.625 38.8514 0
      vertex 88.0823 38.6267 3.2
      vertex 88.625 38.8514 3.2
    endloop
  endfacet
  facet normal -0.382547 0.923936 0
    outer loop
      vertex 88.0823 38.6267 3.2
      vertex 88.625 38.8514 0
      vertex 88.0823 38.6267 0
    endloop
  endfacet
  facet normal 0.382547 -0.923936 0
    outer loop
      vertex 86.375 42.7486 0
      vertex 86.9177 42.9733 3.2
      vertex 86.375 42.7486 3.2
    endloop
  endfacet
  facet normal 0.382547 -0.923936 0
    outer loop
      vertex 86.9177 42.9733 3.2
      vertex 86.375 42.7486 0
      vertex 86.9177 42.9733 0
    endloop
  endfacet
  facet normal -0.608789 -0.793332 0
    outer loop
      vertex 88.625 42.7486 0
      vertex 89.091 42.391 3.2
      vertex 88.625 42.7486 3.2
    endloop
  endfacet
  facet normal -0.608789 -0.793332 -0
    outer loop
      vertex 89.091 42.391 3.2
      vertex 88.625 42.7486 0
      vertex 89.091 42.391 0
    endloop
  endfacet
  facet normal 0.793332 -0.608789 0
    outer loop
      vertex 85.5514 41.925 3.2
      vertex 85.909 42.391 0
      vertex 85.909 42.391 3.2
    endloop
  endfacet
  facet normal 0.793332 -0.608789 0
    outer loop
      vertex 85.909 42.391 0
      vertex 85.5514 41.925 3.2
      vertex 85.5514 41.925 0
    endloop
  endfacet
  facet normal -0.130591 -0.991436 0
    outer loop
      vertex 87.5 43.05 0
      vertex 88.0823 42.9733 3.2
      vertex 87.5 43.05 3.2
    endloop
  endfacet
  facet normal -0.130591 -0.991436 -0
    outer loop
      vertex 88.0823 42.9733 3.2
      vertex 87.5 43.05 0
      vertex 88.0823 42.9733 0
    endloop
  endfacet
  facet normal 0 0 -1
    outer loop
      vertex 85.25 40.8 4.2
      vertex 85.5 39.7992 4.2
      vertex 85.3267 40.2177 4.2
    endloop
  endfacet
  facet normal 0 0 -1
    outer loop
      vertex 85.5 39.7992 4.2
      vertex 85.25 40.8 4.2
      vertex 85.5 41.8008 4.2
    endloop
  endfacet
  facet normal 0 0 -1
    outer loop
      vertex 85.5 41.8008 4.2
      vertex 85.25 40.8 4.2
      vertex 85.3267 41.3823 4.2
    endloop
  endfacet
  facet normal -0.608789 0.793332 0
    outer loop
      vertex 89.091 39.209 0
      vertex 88.625 38.8514 3.2
      vertex 89.091 39.209 3.2
    endloop
  endfacet
  facet normal -0.608789 0.793332 0
    outer loop
      vertex 88.625 38.8514 3.2
      vertex 89.091 39.209 0
      vertex 88.625 38.8514 0
    endloop
  endfacet
  facet normal -0.991436 0.130591 0
    outer loop
      vertex 89.6733 40.2177 0
      vertex 89.75 40.8 3.2
      vertex 89.75 40.8 0
    endloop
  endfacet
  facet normal -0.991436 0.130591 0
    outer loop
      vertex 89.75 40.8 3.2
      vertex 89.6733 40.2177 0
      vertex 89.6733 40.2177 3.2
    endloop
  endfacet
  facet normal 0.130591 0.991436 -0
    outer loop
      vertex 87.5 38.55 0
      vertex 86.9177 38.6267 3.2
      vertex 87.5 38.55 3.2
    endloop
  endfacet
  facet normal 0.130591 0.991436 0
    outer loop
      vertex 86.9177 38.6267 3.2
      vertex 87.5 38.55 0
      vertex 86.9177 38.6267 0
    endloop
  endfacet
  facet normal 0.130591 -0.991436 0
    outer loop
      vertex 86.9177 42.9733 0
      vertex 87.5 43.05 3.2
      vertex 86.9177 42.9733 3.2
    endloop
  endfacet
  facet normal 0.130591 -0.991436 0
    outer loop
      vertex 87.5 43.05 3.2
      vertex 86.9177 42.9733 0
      vertex 87.5 43.05 0
    endloop
  endfacet
  facet normal -0.923936 0.382547 0
    outer loop
      vertex 89.4486 39.675 0
      vertex 89.6733 40.2177 3.2
      vertex 89.6733 40.2177 0
    endloop
  endfacet
  facet normal -0.923936 0.382547 0
    outer loop
      vertex 89.6733 40.2177 3.2
      vertex 89.4486 39.675 0
      vertex 89.4486 39.675 3.2
    endloop
  endfacet
  facet normal 0.382547 0.923936 -0
    outer loop
      vertex 86.9177 38.6267 0
      vertex 86.375 38.8514 3.2
      vertex 86.9177 38.6267 3.2
    endloop
  endfacet
  facet normal 0.382547 0.923936 0
    outer loop
      vertex 86.375 38.8514 3.2
      vertex 86.9177 38.6267 0
      vertex 86.375 38.8514 0
    endloop
  endfacet
  facet normal 0.608789 -0.793332 0
    outer loop
      vertex 85.909 42.391 0
      vertex 86.375 42.7486 3.2
      vertex 85.909 42.391 3.2
    endloop
  endfacet
  facet normal 0.608789 -0.793332 0
    outer loop
      vertex 86.375 42.7486 3.2
      vertex 85.909 42.391 0
      vertex 86.375 42.7486 0
    endloop
  endfacet
  facet normal -0.382547 -0.923936 0
    outer loop
      vertex 88.0823 42.9733 0
      vertex 88.625 42.7486 3.2
      vertex 88.0823 42.9733 3.2
    endloop
  endfacet
  facet normal -0.382547 -0.923936 -0
    outer loop
      vertex 88.625 42.7486 3.2
      vertex 88.0823 42.9733 0
      vertex 88.625 42.7486 0
    endloop
  endfacet
  facet normal -0.793332 0.608789 0
    outer loop
      vertex 89.091 39.209 0
      vertex 89.4486 39.675 3.2
      vertex 89.4486 39.675 0
    endloop
  endfacet
  facet normal -0.793332 0.608789 0
    outer loop
      vertex 89.4486 39.675 3.2
      vertex 89.091 39.209 0
      vertex 89.091 39.209 3.2
    endloop
  endfacet
  facet normal 0.923917 0.382592 -0
    outer loop
      vertex 85.5 39.7992 3.2
      vertex 85.3267 40.2177 4.2
      vertex 85.5 39.7992 4.2
    endloop
  endfacet
  facet normal 0.923917 0.382592 0
    outer loop
      vertex 85.3267 40.2177 4.2
      vertex 85.5 39.7992 3.2
      vertex 85.3267 40.2177 0
    endloop
  endfacet
  facet normal 0.923999 0.382396 -0
    outer loop
      vertex 85.5514 39.675 0
      vertex 85.5 39.7992 3.2
      vertex 85.5514 39.675 3.2
    endloop
  endfacet
  facet normal 0.923936 0.382547 -6.89504e-06
    outer loop
      vertex 85.5 39.7992 3.2
      vertex 85.5514 39.675 0
      vertex 85.3267 40.2177 0
    endloop
  endfacet
  facet normal 0.923917 -0.382592 0
    outer loop
      vertex 85.5 41.8008 4.2
      vertex 85.3267 41.3823 4.2
      vertex 85.5 41.8008 3.2
    endloop
  endfacet
  facet normal 0.923999 -0.382396 0
    outer loop
      vertex 85.5 41.8008 3.2
      vertex 85.5514 41.925 0
      vertex 85.5514 41.925 3.2
    endloop
  endfacet
  facet normal 0.923917 -0.382592 0
    outer loop
      vertex 85.3267 41.3823 0
      vertex 85.5 41.8008 3.2
      vertex 85.3267 41.3823 4.2
    endloop
  endfacet
  facet normal 0.923936 -0.382547 -6.89504e-06
    outer loop
      vertex 85.5 41.8008 3.2
      vertex 85.3267 41.3823 0
      vertex 85.5514 41.925 0
    endloop
  endfacet
  facet normal 0.793332 0.608789 0
    outer loop
      vertex 85.909 39.209 3.2
      vertex 85.5514 39.675 0
      vertex 85.5514 39.675 3.2
    endloop
  endfacet
  facet normal 0.793332 0.608789 0
    outer loop
      vertex 85.5514 39.675 0
      vertex 85.909 39.209 3.2
      vertex 85.909 39.209 0
    endloop
  endfacet
  facet normal 0.608789 0.793332 -0
    outer loop
      vertex 86.375 38.8514 0
      vertex 85.909 39.209 3.2
      vertex 86.375 38.8514 3.2
    endloop
  endfacet
  facet normal 0.608789 0.793332 0
    outer loop
      vertex 85.909 39.209 3.2
      vertex 86.375 38.8514 0
      vertex 85.909 39.209 0
    endloop
  endfacet
endsolid OpenSCAD_Model
